Record Length,2.500000e+03,,   0.004900000000,   0.04000,
Sample Interval,1.000000e-05,,   0.004910000000,   0.04200,
Trigger Point,-4.900000000000e+02,,   0.004920000000,   0.04200,
,,,   0.004930000000,   0.04600,
,,,   0.004940000000,   0.04600,
,,,   0.004950000000,   0.04600,
Source,CH1,,   0.004960000000,   0.04600,
Vertical Units,V,,   0.004970000000,   0.04600,
Vertical Scale,5.000000e-02,,   0.004980000000,   0.05000,
Vertical Offset,0.000000e+00,,   0.004990000000,   0.04800,
Horizontal Units,s,,   0.005000000000,   0.05200,
Horizontal Scale,2.500000e-03,,   0.005010000000,   0.05000,
Pt Fmt,Y,,   0.005020000000,   0.05200,
Yzero,0.000000e+00,,   0.005030000000,   0.05400,
Probe Atten,1.000000e+00,,   0.005040000000,   0.05400,
Model Number,TDS2024C,,   0.005050000000,   0.05400,
Serial Number,C013728,,   0.005060000000,   0.05800,
Firmware Version,FV:v24.15,,   0.005070000000,   0.05600,
,,,0.005080000000,   0.05800,
,,,0.005090000000,   0.05800,
,,,0.005100000000,   0.06000,
,,,0.005110000000,   0.06200,
,,,0.005120000000,   0.06000,
,,,0.005130000000,   0.06000,
,,,0.005140000000,   0.06200,
,,,0.005150000000,   0.06400,
,,,0.005160000000,   0.06600,
,,,0.005170000000,   0.06600,
,,,0.005180000000,   0.06800,
,,,0.005190000000,   0.06800,
,,,0.005200000000,   0.06600,
,,,0.005210000000,   0.06800,
,,,0.005220000000,   0.07200,
,,,0.005230000000,   0.07000,
,,,0.005240000000,   0.07000,
,,,0.005250000000,   0.07000,
,,,0.005260000000,   0.07200,
,,,0.005270000000,   0.07200,
,,,0.005280000000,   0.07200,
,,,0.005290000000,   0.07600,
,,,0.005300000000,   0.07600,
,,,0.005310000000,   0.07800,
,,,0.005320000000,   0.07600,
,,,0.005330000000,   0.07600,
,,,0.005340000000,   0.07600,
,,,0.005350000000,   0.07800,
,,,0.005360000000,   0.07800,
,,,0.005370000000,   0.08200,
,,,0.005380000000,   0.07800,
,,,0.005390000000,   0.08200,
,,,0.005400000000,   0.08200,
,,,0.005410000000,   0.08200,
,,,0.005420000000,   0.08200,
,,,0.005430000000,   0.08400,
,,,0.005440000000,   0.08400,
,,,0.005450000000,   0.08200,
,,,0.005460000000,   0.08400,
,,,0.005470000000,   0.08400,
,,,0.005480000000,   0.08600,
,,,0.005490000000,   0.08600,
,,,0.005500000000,   0.08600,
,,,0.005510000000,   0.08800,
,,,0.005520000000,   0.08600,
,,,0.005530000000,   0.08600,
,,,0.005540000000,   0.08600,
,,,0.005550000000,   0.08600,
,,,0.005560000000,   0.08800,
,,,0.005570000000,   0.08800,
,,,0.005580000000,   0.08800,
,,,0.005590000000,   0.08800,
,,,0.005600000000,   0.09000,
,,,0.005610000000,   0.09000,
,,,0.005620000000,   0.08800,
,,,0.005630000000,   0.09000,
,,,0.005640000000,   0.09000,
,,,0.005650000000,   0.09200,
,,,0.005660000000,   0.09200,
,,,0.005670000000,   0.09200,
,,,0.005680000000,   0.09000,
,,,0.005690000000,   0.09200,
,,,0.005700000000,   0.09200,
,,,0.005710000000,   0.09200,
,,,0.005720000000,   0.09200,
,,,0.005730000000,   0.09200,
,,,0.005740000000,   0.09000,
,,,0.005750000000,   0.09200,
,,,0.005760000000,   0.09200,
,,,0.005770000000,   0.09000,
,,,0.005780000000,   0.09000,
,,,0.005790000000,   0.09000,
,,,0.005800000000,   0.09400,
,,,0.005810000000,   0.09200,
,,,0.005820000000,   0.09200,
,,,0.005830000000,   0.09000,
,,,0.005840000000,   0.09200,
,,,0.005850000000,   0.09000,
,,,0.005860000000,   0.09200,
,,,0.005870000000,   0.09200,
,,,0.005880000000,   0.09200,
,,,0.005890000000,   0.09200,
,,,0.005900000000,   0.09200,
,,,0.005910000000,   0.09200,
,,,0.005920000000,   0.09000,
,,,0.005930000000,   0.09200,
,,,0.005940000000,   0.08800,
,,,0.005950000000,   0.09000,
,,,0.005960000000,   0.09000,
,,,0.005970000000,   0.09000,
,,,0.005980000000,   0.08800,
,,,0.005990000000,   0.08800,
,,,0.006000000000,   0.08800,
,,,0.006010000000,   0.08600,
,,,0.006020000000,   0.09000,
,,,0.006030000000,   0.08600,
,,,0.006040000000,   0.08800,
,,,0.006050000000,   0.08800,
,,,0.006060000000,   0.08600,
,,,0.006070000000,   0.08600,
,,,0.006080000000,   0.08600,
,,,0.006090000000,   0.08400,
,,,0.006100000000,   0.08400,
,,,0.006110000000,   0.08400,
,,,0.006120000000,   0.08200,
,,,0.006130000000,   0.08400,
,,,0.006140000000,   0.08200,
,,,0.006150000000,   0.08200,
,,,0.006160000000,   0.08200,
,,,0.006170000000,   0.08200,
,,,0.006180000000,   0.08200,
,,,0.006190000000,   0.08000,
,,,0.006200000000,   0.08000,
,,,0.006210000000,   0.07800,
,,,0.006220000000,   0.07800,
,,,0.006230000000,   0.07800,
,,,0.006240000000,   0.07600,
,,,0.006250000000,   0.07600,
,,,0.006260000000,   0.07600,
,,,0.006270000000,   0.07600,
,,,0.006280000000,   0.07400,
,,,0.006290000000,   0.07400,
,,,0.006300000000,   0.07400,
,,,0.006310000000,   0.07400,
,,,0.006320000000,   0.07200,
,,,0.006330000000,   0.07000,
,,,0.006340000000,   0.07000,
,,,0.006350000000,   0.06800,
,,,0.006360000000,   0.07000,
,,,0.006370000000,   0.06800,
,,,0.006380000000,   0.06800,
,,,0.006390000000,   0.06600,
,,,0.006400000000,   0.06600,
,,,0.006410000000,   0.06400,
,,,0.006420000000,   0.06400,
,,,0.006430000000,   0.06600,
,,,0.006440000000,   0.06200,
,,,0.006450000000,   0.06000,
,,,0.006460000000,   0.06200,
,,,0.006470000000,   0.06000,
,,,0.006480000000,   0.06000,
,,,0.006490000000,   0.06000,
,,,0.006500000000,   0.05600,
,,,0.006510000000,   0.05800,
,,,0.006520000000,   0.05600,
,,,0.006530000000,   0.05600,
,,,0.006540000000,   0.05400,
,,,0.006550000000,   0.05600,
,,,0.006560000000,   0.05000,
,,,0.006570000000,   0.05200,
,,,0.006580000000,   0.04800,
,,,0.006590000000,   0.04800,
,,,0.006600000000,   0.05000,
,,,0.006610000000,   0.04800,
,,,0.006620000000,   0.04600,
,,,0.006630000000,   0.04400,
,,,0.006640000000,   0.04200,
,,,0.006650000000,   0.04400,
,,,0.006660000000,   0.04000,
,,,0.006670000000,   0.04000,
,,,0.006680000000,   0.04000,
,,,0.006690000000,   0.04000,
,,,0.006700000000,   0.03800,
,,,0.006710000000,   0.03600,
,,,0.006720000000,   0.03600,
,,,0.006730000000,   0.03400,
,,,0.006740000000,   0.03200,
,,,0.006750000000,   0.03200,
,,,0.006760000000,   0.03200,
,,,0.006770000000,   0.03000,
,,,0.006780000000,   0.03000,
,,,0.006790000000,   0.03000,
,,,0.006800000000,   0.02800,
,,,0.006810000000,   0.02600,
,,,0.006820000000,   0.02400,
,,,0.006830000000,   0.02400,
,,,0.006840000000,   0.02200,
,,,0.006850000000,   0.02200,
,,,0.006860000000,   0.01800,
,,,0.006870000000,   0.02000,
,,,0.006880000000,   0.01800,
,,,0.006890000000,   0.01800,
,,,0.006900000000,   0.01400,
,,,0.006910000000,   0.01400,
,,,0.006920000000,   0.01400,
,,,0.006930000000,   0.01200,
,,,0.006940000000,   0.01200,
,,,0.006950000000,   0.01000,
,,,0.006960000000,   0.00800,
,,,0.006970000000,   0.00800,
,,,0.006980000000,   0.00800,
,,,0.006990000000,   0.00600,
,,,0.007000000000,   0.00400,
,,,0.007010000000,   0.00400,
,,,0.007020000000,   0.00200,
,,,0.007030000000,   0.00200,
,,,0.007040000000,   0.00000,
,,,0.007050000000,   0.00000,
,,,0.007060000000,  -0.00200,
,,,0.007070000000,  -0.00400,
,,,0.007080000000,  -0.00200,
,,,0.007090000000,  -0.00600,
,,,0.007100000000,  -0.00600,
,,,0.007110000000,  -0.00800,
,,,0.007120000000,  -0.01000,
,,,0.007130000000,  -0.01200,
,,,0.007140000000,  -0.01000,
,,,0.007150000000,  -0.01400,
,,,0.007160000000,  -0.01400,
,,,0.007170000000,  -0.01600,
,,,0.007180000000,  -0.01600,
,,,0.007190000000,  -0.01800,
,,,0.007200000000,  -0.02000,
,,,0.007210000000,  -0.01800,
,,,0.007220000000,  -0.02200,
,,,0.007230000000,  -0.02400,
,,,0.007240000000,  -0.02600,
,,,0.007250000000,  -0.02400,
,,,0.007260000000,  -0.02600,
,,,0.007270000000,  -0.02600,
,,,0.007280000000,  -0.02800,
,,,0.007290000000,  -0.02800,
,,,0.007300000000,  -0.03200,
,,,0.007310000000,  -0.03200,
,,,0.007320000000,  -0.03200,
,,,0.007330000000,  -0.03400,
,,,0.007340000000,  -0.03600,
,,,0.007350000000,  -0.03600,
,,,0.007360000000,  -0.03600,
,,,0.007370000000,  -0.03800,
,,,0.007380000000,  -0.04000,
,,,0.007390000000,  -0.04000,
,,,0.007400000000,  -0.04200,
,,,0.007410000000,  -0.04200,
,,,0.007420000000,  -0.04200,
,,,0.007430000000,  -0.04400,
,,,0.007440000000,  -0.04600,
,,,0.007450000000,  -0.04600,
,,,0.007460000000,  -0.04800,
,,,0.007470000000,  -0.04800,
,,,0.007480000000,  -0.04800,
,,,0.007490000000,  -0.05200,
,,,0.007500000000,  -0.05200,
,,,0.007510000000,  -0.05200,
,,,0.007520000000,  -0.05200,
,,,0.007530000000,  -0.05400,
,,,0.007540000000,  -0.05600,
,,,0.007550000000,  -0.05400,
,,,0.007560000000,  -0.05600,
,,,0.007570000000,  -0.05800,
,,,0.007580000000,  -0.06000,
,,,0.007590000000,  -0.05800,
,,,0.007600000000,  -0.06200,
,,,0.007610000000,  -0.06200,
,,,0.007620000000,  -0.06200,
,,,0.007630000000,  -0.06400,
,,,0.007640000000,  -0.06400,
,,,0.007650000000,  -0.06400,
,,,0.007660000000,  -0.06400,
,,,0.007670000000,  -0.06600,
,,,0.007680000000,  -0.06600,
,,,0.007690000000,  -0.06800,
,,,0.007700000000,  -0.06600,
,,,0.007710000000,  -0.07200,
,,,0.007720000000,  -0.07000,
,,,0.007730000000,  -0.07000,
,,,0.007740000000,  -0.07200,
,,,0.007750000000,  -0.06800,
,,,0.007760000000,  -0.07200,
,,,0.007770000000,  -0.07200,
,,,0.007780000000,  -0.07200,
,,,0.007790000000,  -0.07400,
,,,0.007800000000,  -0.07800,
,,,0.007810000000,  -0.07600,
,,,0.007820000000,  -0.07800,
,,,0.007830000000,  -0.07600,
,,,0.007840000000,  -0.07800,
,,,0.007850000000,  -0.07800,
,,,0.007860000000,  -0.07800,
,,,0.007870000000,  -0.07800,
,,,0.007880000000,  -0.08000,
,,,0.007890000000,  -0.08000,
,,,0.007900000000,  -0.08200,
,,,0.007910000000,  -0.08400,
,,,0.007920000000,  -0.08200,
,,,0.007930000000,  -0.08200,
,,,0.007940000000,  -0.08400,
,,,0.007950000000,  -0.08400,
,,,0.007960000000,  -0.08200,
,,,0.007970000000,  -0.08600,
,,,0.007980000000,  -0.08400,
,,,0.007990000000,  -0.08600,
,,,0.008000000000,  -0.08400,
,,,0.008010000000,  -0.08600,
,,,0.008020000000,  -0.08600,
,,,0.008030000000,  -0.08600,
,,,0.008040000000,  -0.08800,
,,,0.008050000000,  -0.08800,
,,,0.008060000000,  -0.08800,
,,,0.008070000000,  -0.08800,
,,,0.008080000000,  -0.09000,
,,,0.008090000000,  -0.09000,
,,,0.008100000000,  -0.08800,
,,,0.008110000000,  -0.09200,
,,,0.008120000000,  -0.08800,
,,,0.008130000000,  -0.09000,
,,,0.008140000000,  -0.09000,
,,,0.008150000000,  -0.09000,
,,,0.008160000000,  -0.09000,
,,,0.008170000000,  -0.09200,
,,,0.008180000000,  -0.09200,
,,,0.008190000000,  -0.09000,
,,,0.008200000000,  -0.09200,
,,,0.008210000000,  -0.09400,
,,,0.008220000000,  -0.09200,
,,,0.008230000000,  -0.09200,
,,,0.008240000000,  -0.09200,
,,,0.008250000000,  -0.09200,
,,,0.008260000000,  -0.09200,
,,,0.008270000000,  -0.09400,
,,,0.008280000000,  -0.09200,
,,,0.008290000000,  -0.09200,
,,,0.008300000000,  -0.09400,
,,,0.008310000000,  -0.09200,
,,,0.008320000000,  -0.09200,
,,,0.008330000000,  -0.09000,
,,,0.008340000000,  -0.09400,
,,,0.008350000000,  -0.09200,
,,,0.008360000000,  -0.09200,
,,,0.008370000000,  -0.09200,
,,,0.008380000000,  -0.09200,
,,,0.008390000000,  -0.09200,
,,,0.008400000000,  -0.09000,
,,,0.008410000000,  -0.09200,
,,,0.008420000000,  -0.09000,
,,,0.008430000000,  -0.09200,
,,,0.008440000000,  -0.09200,
,,,0.008450000000,  -0.09000,
,,,0.008460000000,  -0.09000,
,,,0.008470000000,  -0.09000,
,,,0.008480000000,  -0.08800,
,,,0.008490000000,  -0.09000,
,,,0.008500000000,  -0.08800,
,,,0.008510000000,  -0.08800,
,,,0.008520000000,  -0.09000,
,,,0.008530000000,  -0.08800,
,,,0.008540000000,  -0.08800,
,,,0.008550000000,  -0.08800,
,,,0.008560000000,  -0.08600,
,,,0.008570000000,  -0.08600,
,,,0.008580000000,  -0.08600,
,,,0.008590000000,  -0.08600,
,,,0.008600000000,  -0.08600,
,,,0.008610000000,  -0.08400,
,,,0.008620000000,  -0.08400,
,,,0.008630000000,  -0.08400,
,,,0.008640000000,  -0.08200,
,,,0.008650000000,  -0.08000,
,,,0.008660000000,  -0.08200,
,,,0.008670000000,  -0.08200,
,,,0.008680000000,  -0.08200,
,,,0.008690000000,  -0.08000,
,,,0.008700000000,  -0.07800,
,,,0.008710000000,  -0.07800,
,,,0.008720000000,  -0.07800,
,,,0.008730000000,  -0.07800,
,,,0.008740000000,  -0.07800,
,,,0.008750000000,  -0.07400,
,,,0.008760000000,  -0.07600,
,,,0.008770000000,  -0.07600,
,,,0.008780000000,  -0.07400,
,,,0.008790000000,  -0.07600,
,,,0.008800000000,  -0.07600,
,,,0.008810000000,  -0.07200,
,,,0.008820000000,  -0.07200,
,,,0.008830000000,  -0.07200,
,,,0.008840000000,  -0.07000,
,,,0.008850000000,  -0.07000,
,,,0.008860000000,  -0.07000,
,,,0.008870000000,  -0.06800,
,,,0.008880000000,  -0.06800,
,,,0.008890000000,  -0.06800,
,,,0.008900000000,  -0.06600,
,,,0.008910000000,  -0.06600,
,,,0.008920000000,  -0.06600,
,,,0.008930000000,  -0.06200,
,,,0.008940000000,  -0.06400,
,,,0.008950000000,  -0.06200,
,,,0.008960000000,  -0.06000,
,,,0.008970000000,  -0.06000,
,,,0.008980000000,  -0.05800,
,,,0.008990000000,  -0.05800,
,,,0.009000000000,  -0.05600,
,,,0.009010000000,  -0.05600,
,,,0.009020000000,  -0.05600,
,,,0.009030000000,  -0.05400,
,,,0.009040000000,  -0.05400,
,,,0.009050000000,  -0.05200,
,,,0.009060000000,  -0.05000,
,,,0.009070000000,  -0.05200,
,,,0.009080000000,  -0.05000,
,,,0.009090000000,  -0.05000,
,,,0.009100000000,  -0.04600,
,,,0.009110000000,  -0.04600,
,,,0.009120000000,  -0.04600,
,,,0.009130000000,  -0.04600,
,,,0.009140000000,  -0.04400,
,,,0.009150000000,  -0.04400,
,,,0.009160000000,  -0.04200,
,,,0.009170000000,  -0.04000,
,,,0.009180000000,  -0.04200,
,,,0.009190000000,  -0.03800,
,,,0.009200000000,  -0.03800,
,,,0.009210000000,  -0.03800,
,,,0.009220000000,  -0.03600,
,,,0.009230000000,  -0.03400,
,,,0.009240000000,  -0.03400,
,,,0.009250000000,  -0.03000,
,,,0.009260000000,  -0.03200,
,,,0.009270000000,  -0.03000,
,,,0.009280000000,  -0.02800,
,,,0.009290000000,  -0.02800,
,,,0.009300000000,  -0.02800,
,,,0.009310000000,  -0.02600,
,,,0.009320000000,  -0.02600,
,,,0.009330000000,  -0.02400,
,,,0.009340000000,  -0.02400,
,,,0.009350000000,  -0.02000,
,,,0.009360000000,  -0.02000,
,,,0.009370000000,  -0.02000,
,,,0.009380000000,  -0.01800,
,,,0.009390000000,  -0.01600,
,,,0.009400000000,  -0.01400,
,,,0.009410000000,  -0.01400,
,,,0.009420000000,  -0.01400,
,,,0.009430000000,  -0.01200,
,,,0.009440000000,  -0.01000,
,,,0.009450000000,  -0.01000,
,,,0.009460000000,  -0.00600,
,,,0.009470000000,  -0.00800,
,,,0.009480000000,  -0.00600,
,,,0.009490000000,  -0.00600,
,,,0.009500000000,  -0.00600,
,,,0.009510000000,  -0.00600,
,,,0.009520000000,  -0.00200,
,,,0.009530000000,   0.00000,
,,,0.009540000000,   0.00200,
,,,0.009550000000,   0.00200,
,,,0.009560000000,   0.00400,
,,,0.009570000000,   0.00400,
,,,0.009580000000,   0.00400,
,,,0.009590000000,   0.00400,
,,,0.009600000000,   0.00800,
,,,0.009610000000,   0.00800,
,,,0.009620000000,   0.01000,
,,,0.009630000000,   0.01000,
,,,0.009640000000,   0.01200,
,,,0.009650000000,   0.01400,
,,,0.009660000000,   0.01400,
,,,0.009670000000,   0.01400,
,,,0.009680000000,   0.01400,
,,,0.009690000000,   0.01800,
,,,0.009700000000,   0.02000,
,,,0.009710000000,   0.01800,
,,,0.009720000000,   0.02200,
,,,0.009730000000,   0.02200,
,,,0.009740000000,   0.02200,
,,,0.009750000000,   0.02400,
,,,0.009760000000,   0.02600,
,,,0.009770000000,   0.02600,
,,,0.009780000000,   0.03000,
,,,0.009790000000,   0.02800,
,,,0.009800000000,   0.03000,
,,,0.009810000000,   0.03000,
,,,0.009820000000,   0.03200,
,,,0.009830000000,   0.03200,
,,,0.009840000000,   0.03600,
,,,0.009850000000,   0.03600,
,,,0.009860000000,   0.03800,
,,,0.009870000000,   0.04000,
,,,0.009880000000,   0.03800,
,,,0.009890000000,   0.03800,
,,,0.009900000000,   0.04000,
,,,0.009910000000,   0.04000,
,,,0.009920000000,   0.04200,
,,,0.009930000000,   0.04600,
,,,0.009940000000,   0.04600,
,,,0.009950000000,   0.04600,
,,,0.009960000000,   0.04600,
,,,0.009970000000,   0.04600,
,,,0.009980000000,   0.04600,
,,,0.009990000000,   0.05000,
,,,0.010000000000,   0.05000,
,,,0.010010000000,   0.05200,
,,,0.010020000000,   0.05200,
,,,0.010030000000,   0.05600,
,,,0.010040000000,   0.05400,
,,,0.010050000000,   0.05400,
,,,0.010060000000,   0.05400,
,,,0.010070000000,   0.05600,
,,,0.010080000000,   0.06000,
,,,0.010090000000,   0.05800,
,,,0.010100000000,   0.06000,
,,,0.010110000000,   0.06000,
,,,0.010120000000,   0.06000,
,,,0.010130000000,   0.06200,
,,,0.010140000000,   0.06600,
,,,0.010150000000,   0.06400,
,,,0.010160000000,   0.06600,
,,,0.010170000000,   0.06200,
,,,0.010180000000,   0.06600,
,,,0.010190000000,   0.06800,
,,,0.010200000000,   0.07000,
,,,0.010210000000,   0.07000,
,,,0.010220000000,   0.07200,
,,,0.010230000000,   0.07200,
,,,0.010240000000,   0.07200,
,,,0.010250000000,   0.07200,
,,,0.010260000000,   0.07200,
,,,0.010270000000,   0.07200,
,,,0.010280000000,   0.07400,
,,,0.010290000000,   0.07400,
,,,0.010300000000,   0.07600,
,,,0.010310000000,   0.07400,
,,,0.010320000000,   0.07800,
,,,0.010330000000,   0.07600,
,,,0.010340000000,   0.08000,
,,,0.010350000000,   0.07800,
,,,0.010360000000,   0.07600,
,,,0.010370000000,   0.08000,
,,,0.010380000000,   0.08200,
,,,0.010390000000,   0.08000,
,,,0.010400000000,   0.08200,
,,,0.010410000000,   0.08200,
,,,0.010420000000,   0.08200,
,,,0.010430000000,   0.08400,
,,,0.010440000000,   0.08400,
,,,0.010450000000,   0.08200,
,,,0.010460000000,   0.08400,
,,,0.010470000000,   0.08400,
,,,0.010480000000,   0.08400,
,,,0.010490000000,   0.08400,
,,,0.010500000000,   0.08400,
,,,0.010510000000,   0.08600,
,,,0.010520000000,   0.08600,
,,,0.010530000000,   0.08600,
,,,0.010540000000,   0.08800,
,,,0.010550000000,   0.08800,
,,,0.010560000000,   0.08800,
,,,0.010570000000,   0.08800,
,,,0.010580000000,   0.08800,
,,,0.010590000000,   0.09000,
,,,0.010600000000,   0.08800,
,,,0.010610000000,   0.09000,
,,,0.010620000000,   0.09000,
,,,0.010630000000,   0.09000,
,,,0.010640000000,   0.09000,
,,,0.010650000000,   0.09000,
,,,0.010660000000,   0.08800,
,,,0.010670000000,   0.09200,
,,,0.010680000000,   0.09200,
,,,0.010690000000,   0.09200,
,,,0.010700000000,   0.09200,
,,,0.010710000000,   0.09200,
,,,0.010720000000,   0.09200,
,,,0.010730000000,   0.09000,
,,,0.010740000000,   0.09400,
,,,0.010750000000,   0.09200,
,,,0.010760000000,   0.09200,
,,,0.010770000000,   0.09400,
,,,0.010780000000,   0.09000,
,,,0.010790000000,   0.09000,
,,,0.010800000000,   0.09200,
,,,0.010810000000,   0.09000,
,,,0.010820000000,   0.09200,
,,,0.010830000000,   0.09200,
,,,0.010840000000,   0.09000,
,,,0.010850000000,   0.09200,
,,,0.010860000000,   0.09000,
,,,0.010870000000,   0.09200,
,,,0.010880000000,   0.09200,
,,,0.010890000000,   0.09200,
,,,0.010900000000,   0.09000,
,,,0.010910000000,   0.08800,
,,,0.010920000000,   0.09200,
,,,0.010930000000,   0.09000,
,,,0.010940000000,   0.09000,
,,,0.010950000000,   0.09000,
,,,0.010960000000,   0.08800,
,,,0.010970000000,   0.09000,
,,,0.010980000000,   0.08800,
,,,0.010990000000,   0.09000,
,,,0.011000000000,   0.08800,
,,,0.011010000000,   0.08600,
,,,0.011020000000,   0.08800,
,,,0.011030000000,   0.08800,
,,,0.011040000000,   0.08600,
,,,0.011050000000,   0.08600,
,,,0.011060000000,   0.08600,
,,,0.011070000000,   0.08600,
,,,0.011080000000,   0.08600,
,,,0.011090000000,   0.08600,
,,,0.011100000000,   0.08400,
,,,0.011110000000,   0.08200,
,,,0.011120000000,   0.08400,
,,,0.011130000000,   0.08400,
,,,0.011140000000,   0.08200,
,,,0.011150000000,   0.08200,
,,,0.011160000000,   0.08200,
,,,0.011170000000,   0.08200,
,,,0.011180000000,   0.08200,
,,,0.011190000000,   0.07800,
,,,0.011200000000,   0.08000,
,,,0.011210000000,   0.07800,
,,,0.011220000000,   0.08000,
,,,0.011230000000,   0.07600,
,,,0.011240000000,   0.07800,
,,,0.011250000000,   0.07600,
,,,0.011260000000,   0.07600,
,,,0.011270000000,   0.07400,
,,,0.011280000000,   0.07600,
,,,0.011290000000,   0.07600,
,,,0.011300000000,   0.07200,
,,,0.011310000000,   0.07400,
,,,0.011320000000,   0.07400,
,,,0.011330000000,   0.07000,
,,,0.011340000000,   0.07000,
,,,0.011350000000,   0.07000,
,,,0.011360000000,   0.06800,
,,,0.011370000000,   0.07000,
,,,0.011380000000,   0.06800,
,,,0.011390000000,   0.06800,
,,,0.011400000000,   0.06600,
,,,0.011410000000,   0.06400,
,,,0.011420000000,   0.06200,
,,,0.011430000000,   0.06200,
,,,0.011440000000,   0.06400,
,,,0.011450000000,   0.06200,
,,,0.011460000000,   0.06200,
,,,0.011470000000,   0.06200,
,,,0.011480000000,   0.05800,
,,,0.011490000000,   0.05800,
,,,0.011500000000,   0.05800,
,,,0.011510000000,   0.05600,
,,,0.011520000000,   0.05600,
,,,0.011530000000,   0.05600,
,,,0.011540000000,   0.05200,
,,,0.011550000000,   0.05200,
,,,0.011560000000,   0.05000,
,,,0.011570000000,   0.05000,
,,,0.011580000000,   0.05000,
,,,0.011590000000,   0.05000,
,,,0.011600000000,   0.04800,
,,,0.011610000000,   0.04600,
,,,0.011620000000,   0.04600,
,,,0.011630000000,   0.04400,
,,,0.011640000000,   0.04400,
,,,0.011650000000,   0.04400,
,,,0.011660000000,   0.04000,
,,,0.011670000000,   0.04400,
,,,0.011680000000,   0.04000,
,,,0.011690000000,   0.03800,
,,,0.011700000000,   0.03800,
,,,0.011710000000,   0.03600,
,,,0.011720000000,   0.03600,
,,,0.011730000000,   0.03400,
,,,0.011740000000,   0.03600,
,,,0.011750000000,   0.03200,
,,,0.011760000000,   0.03000,
,,,0.011770000000,   0.03000,
,,,0.011780000000,   0.03000,
,,,0.011790000000,   0.02800,
,,,0.011800000000,   0.02600,
,,,0.011810000000,   0.02800,
,,,0.011820000000,   0.02400,
,,,0.011830000000,   0.02400,
,,,0.011840000000,   0.02200,
,,,0.011850000000,   0.02200,
,,,0.011860000000,   0.02000,
,,,0.011870000000,   0.02000,
,,,0.011880000000,   0.01800,
,,,0.011890000000,   0.01800,
,,,0.011900000000,   0.01600,
,,,0.011910000000,   0.01400,
,,,0.011920000000,   0.01400,
,,,0.011930000000,   0.01200,
,,,0.011940000000,   0.01000,
,,,0.011950000000,   0.00600,
,,,0.011960000000,   0.01000,
,,,0.011970000000,   0.00600,
,,,0.011980000000,   0.00400,
,,,0.011990000000,   0.00600,
,,,0.012000000000,   0.00400,
,,,0.012010000000,   0.00200,
,,,0.012020000000,   0.00200,
,,,0.012030000000,   0.00200,
,,,0.012040000000,   0.00200,
,,,0.012050000000,   0.00000,
,,,0.012060000000,  -0.00200,
,,,0.012070000000,  -0.00400,
,,,0.012080000000,  -0.00400,
,,,0.012090000000,  -0.00600,
,,,0.012100000000,  -0.00600,
,,,0.012110000000,  -0.01000,
,,,0.012120000000,  -0.01200,
,,,0.012130000000,  -0.01000,
,,,0.012140000000,  -0.01000,
,,,0.012150000000,  -0.01200,
,,,0.012160000000,  -0.01600,
,,,0.012170000000,  -0.01600,
,,,0.012180000000,  -0.01600,
,,,0.012190000000,  -0.02000,
,,,0.012200000000,  -0.01800,
,,,0.012210000000,  -0.02200,
,,,0.012220000000,  -0.02200,
,,,0.012230000000,  -0.02200,
,,,0.012240000000,  -0.02200,
,,,0.012250000000,  -0.02400,
,,,0.012260000000,  -0.02600,
,,,0.012270000000,  -0.02800,
,,,0.012280000000,  -0.02800,
,,,0.012290000000,  -0.03000,
,,,0.012300000000,  -0.03000,
,,,0.012310000000,  -0.03200,
,,,0.012320000000,  -0.03000,
,,,0.012330000000,  -0.03200,
,,,0.012340000000,  -0.03600,
,,,0.012350000000,  -0.03600,
,,,0.012360000000,  -0.03600,
,,,0.012370000000,  -0.03800,
,,,0.012380000000,  -0.03600,
,,,0.012390000000,  -0.04000,
,,,0.012400000000,  -0.04200,
,,,0.012410000000,  -0.04000,
,,,0.012420000000,  -0.04200,
,,,0.012430000000,  -0.04200,
,,,0.012440000000,  -0.04200,
,,,0.012450000000,  -0.04600,
,,,0.012460000000,  -0.04600,
,,,0.012470000000,  -0.04800,
,,,0.012480000000,  -0.04800,
,,,0.012490000000,  -0.05000,
,,,0.012500000000,  -0.05200,
,,,0.012510000000,  -0.05000,
,,,0.012520000000,  -0.05200,
,,,0.012530000000,  -0.05400,
,,,0.012540000000,  -0.05200,
,,,0.012550000000,  -0.05600,
,,,0.012560000000,  -0.05800,
,,,0.012570000000,  -0.05800,
,,,0.012580000000,  -0.06000,
,,,0.012590000000,  -0.05800,
,,,0.012600000000,  -0.06000,
,,,0.012610000000,  -0.06000,
,,,0.012620000000,  -0.06200,
,,,0.012630000000,  -0.06200,
,,,0.012640000000,  -0.06400,
,,,0.012650000000,  -0.06400,
,,,0.012660000000,  -0.06600,
,,,0.012670000000,  -0.06400,
,,,0.012680000000,  -0.06600,
,,,0.012690000000,  -0.06800,
,,,0.012700000000,  -0.07000,
,,,0.012710000000,  -0.06800,
,,,0.012720000000,  -0.06800,
,,,0.012730000000,  -0.07000,
,,,0.012740000000,  -0.07000,
,,,0.012750000000,  -0.07200,
,,,0.012760000000,  -0.07200,
,,,0.012770000000,  -0.07400,
,,,0.012780000000,  -0.07200,
,,,0.012790000000,  -0.07600,
,,,0.012800000000,  -0.07200,
,,,0.012810000000,  -0.07600,
,,,0.012820000000,  -0.07600,
,,,0.012830000000,  -0.07800,
,,,0.012840000000,  -0.07600,
,,,0.012850000000,  -0.07800,
,,,0.012860000000,  -0.08000,
,,,0.012870000000,  -0.07800,
,,,0.012880000000,  -0.08200,
,,,0.012890000000,  -0.08200,
,,,0.012900000000,  -0.08000,
,,,0.012910000000,  -0.08200,
,,,0.012920000000,  -0.08200,
,,,0.012930000000,  -0.08200,
,,,0.012940000000,  -0.08400,
,,,0.012950000000,  -0.08400,
,,,0.012960000000,  -0.08600,
,,,0.012970000000,  -0.08600,
,,,0.012980000000,  -0.08600,
,,,0.012990000000,  -0.08600,
,,,0.013000000000,  -0.08800,
,,,0.013010000000,  -0.08600,
,,,0.013020000000,  -0.08800,
,,,0.013030000000,  -0.08800,
,,,0.013040000000,  -0.08800,
,,,0.013050000000,  -0.08800,
,,,0.013060000000,  -0.08800,
,,,0.013070000000,  -0.09200,
,,,0.013080000000,  -0.09000,
,,,0.013090000000,  -0.08800,
,,,0.013100000000,  -0.09000,
,,,0.013110000000,  -0.09000,
,,,0.013120000000,  -0.09000,
,,,0.013130000000,  -0.09000,
,,,0.013140000000,  -0.09000,
,,,0.013150000000,  -0.09000,
,,,0.013160000000,  -0.09200,
,,,0.013170000000,  -0.09200,
,,,0.013180000000,  -0.09200,
,,,0.013190000000,  -0.09200,
,,,0.013200000000,  -0.09000,
,,,0.013210000000,  -0.09200,
,,,0.013220000000,  -0.09200,
,,,0.013230000000,  -0.09200,
,,,0.013240000000,  -0.09200,
,,,0.013250000000,  -0.09200,
,,,0.013260000000,  -0.09200,
,,,0.013270000000,  -0.09200,
,,,0.013280000000,  -0.09400,
,,,0.013290000000,  -0.09200,
,,,0.013300000000,  -0.09200,
,,,0.013310000000,  -0.09000,
,,,0.013320000000,  -0.09400,
,,,0.013330000000,  -0.09400,
,,,0.013340000000,  -0.09200,
,,,0.013350000000,  -0.09200,
,,,0.013360000000,  -0.09000,
,,,0.013370000000,  -0.09200,
,,,0.013380000000,  -0.09400,
,,,0.013390000000,  -0.09200,
,,,0.013400000000,  -0.09000,
,,,0.013410000000,  -0.09000,
,,,0.013420000000,  -0.09000,
,,,0.013430000000,  -0.08800,
,,,0.013440000000,  -0.09000,
,,,0.013450000000,  -0.09000,
,,,0.013460000000,  -0.09000,
,,,0.013470000000,  -0.09000,
,,,0.013480000000,  -0.09000,
,,,0.013490000000,  -0.08800,
,,,0.013500000000,  -0.08800,
,,,0.013510000000,  -0.08800,
,,,0.013520000000,  -0.08800,
,,,0.013530000000,  -0.08800,
,,,0.013540000000,  -0.08800,
,,,0.013550000000,  -0.09000,
,,,0.013560000000,  -0.08600,
,,,0.013570000000,  -0.08600,
,,,0.013580000000,  -0.08600,
,,,0.013590000000,  -0.08400,
,,,0.013600000000,  -0.08800,
,,,0.013610000000,  -0.08200,
,,,0.013620000000,  -0.08400,
,,,0.013630000000,  -0.08400,
,,,0.013640000000,  -0.08200,
,,,0.013650000000,  -0.08000,
,,,0.013660000000,  -0.08200,
,,,0.013670000000,  -0.08200,
,,,0.013680000000,  -0.08200,
,,,0.013690000000,  -0.07800,
,,,0.013700000000,  -0.08000,
,,,0.013710000000,  -0.08000,
,,,0.013720000000,  -0.08000,
,,,0.013730000000,  -0.07800,
,,,0.013740000000,  -0.07800,
,,,0.013750000000,  -0.07800,
,,,0.013760000000,  -0.07600,
,,,0.013770000000,  -0.07400,
,,,0.013780000000,  -0.07600,
,,,0.013790000000,  -0.07400,
,,,0.013800000000,  -0.07200,
,,,0.013810000000,  -0.07200,
,,,0.013820000000,  -0.07200,
,,,0.013830000000,  -0.07200,
,,,0.013840000000,  -0.07000,
,,,0.013850000000,  -0.07000,
,,,0.013860000000,  -0.07200,
,,,0.013870000000,  -0.06800,
,,,0.013880000000,  -0.06400,
,,,0.013890000000,  -0.06800,
,,,0.013900000000,  -0.06600,
,,,0.013910000000,  -0.06600,
,,,0.013920000000,  -0.06200,
,,,0.013930000000,  -0.06200,
,,,0.013940000000,  -0.06200,
,,,0.013950000000,  -0.06000,
,,,0.013960000000,  -0.06200,
,,,0.013970000000,  -0.06200,
,,,0.013980000000,  -0.05800,
,,,0.013990000000,  -0.06000,
,,,0.014000000000,  -0.05800,
,,,0.014010000000,  -0.05800,
,,,0.014020000000,  -0.05600,
,,,0.014030000000,  -0.05200,
,,,0.014040000000,  -0.05400,
,,,0.014050000000,  -0.05600,
,,,0.014060000000,  -0.05200,
,,,0.014070000000,  -0.05200,
,,,0.014080000000,  -0.05200,
,,,0.014090000000,  -0.04800,
,,,0.014100000000,  -0.04800,
,,,0.014110000000,  -0.04600,
,,,0.014120000000,  -0.04600,
,,,0.014130000000,  -0.04400,
,,,0.014140000000,  -0.04400,
,,,0.014150000000,  -0.04200,
,,,0.014160000000,  -0.04200,
,,,0.014170000000,  -0.04200,
,,,0.014180000000,  -0.04000,
,,,0.014190000000,  -0.04000,
,,,0.014200000000,  -0.03800,
,,,0.014210000000,  -0.03800,
,,,0.014220000000,  -0.03600,
,,,0.014230000000,  -0.03600,
,,,0.014240000000,  -0.03400,
,,,0.014250000000,  -0.03200,
,,,0.014260000000,  -0.03200,
,,,0.014270000000,  -0.03200,
,,,0.014280000000,  -0.03000,
,,,0.014290000000,  -0.02800,
,,,0.014300000000,  -0.02600,
,,,0.014310000000,  -0.02600,
,,,0.014320000000,  -0.02600,
,,,0.014330000000,  -0.02400,
,,,0.014340000000,  -0.02200,
,,,0.014350000000,  -0.02000,
,,,0.014360000000,  -0.02200,
,,,0.014370000000,  -0.01800,
,,,0.014380000000,  -0.02000,
,,,0.014390000000,  -0.01600,
,,,0.014400000000,  -0.01600,
,,,0.014410000000,  -0.01600,
,,,0.014420000000,  -0.01400,
,,,0.014430000000,  -0.01200,
,,,0.014440000000,  -0.01000,
,,,0.014450000000,  -0.01000,
,,,0.014460000000,  -0.01200,
,,,0.014470000000,  -0.00800,
,,,0.014480000000,  -0.00600,
,,,0.014490000000,  -0.00600,
,,,0.014500000000,  -0.00400,
,,,0.014510000000,  -0.00400,
,,,0.014520000000,  -0.00200,
,,,0.014530000000,  -0.00200,
,,,0.014540000000,   0.00000,
,,,0.014550000000,   0.00200,
,,,0.014560000000,   0.00200,
,,,0.014570000000,   0.00400,
,,,0.014580000000,   0.00400,
,,,0.014590000000,   0.00600,
,,,0.014600000000,   0.00800,
,,,0.014610000000,   0.00600,
,,,0.014620000000,   0.01000,
,,,0.014630000000,   0.01000,
,,,0.014640000000,   0.01200,
,,,0.014650000000,   0.01400,
,,,0.014660000000,   0.01400,
,,,0.014670000000,   0.01600,
,,,0.014680000000,   0.01600,
,,,0.014690000000,   0.01600,
,,,0.014700000000,   0.02000,
,,,0.014710000000,   0.02000,
,,,0.014720000000,   0.02200,
,,,0.014730000000,   0.02400,
,,,0.014740000000,   0.02200,
,,,0.014750000000,   0.02400,
,,,0.014760000000,   0.02600,
,,,0.014770000000,   0.02600,
,,,0.014780000000,   0.02600,
,,,0.014790000000,   0.03000,
,,,0.014800000000,   0.03000,
,,,0.014810000000,   0.03000,
,,,0.014820000000,   0.03000,
,,,0.014830000000,   0.03400,
,,,0.014840000000,   0.03400,
,,,0.014850000000,   0.03600,
,,,0.014860000000,   0.03600,
,,,0.014870000000,   0.03800,
,,,0.014880000000,   0.04000,
,,,0.014890000000,   0.04000,
,,,0.014900000000,   0.04000,
,,,0.014910000000,   0.04200,
,,,0.014920000000,   0.04200,
,,,0.014930000000,   0.04600,
,,,0.014940000000,   0.04200,
,,,0.014950000000,   0.04600,
,,,0.014960000000,   0.04600,
,,,0.014970000000,   0.05000,
,,,0.014980000000,   0.04800,
,,,0.014990000000,   0.05000,
,,,0.015000000000,   0.05000,
,,,0.015010000000,   0.05200,
,,,0.015020000000,   0.05000,
,,,0.015030000000,   0.05400,
,,,0.015040000000,   0.05400,
,,,0.015050000000,   0.05400,
,,,0.015060000000,   0.05600,
,,,0.015070000000,   0.05600,
,,,0.015080000000,   0.05800,
,,,0.015090000000,   0.05800,
,,,0.015100000000,   0.05800,
,,,0.015110000000,   0.05800,
,,,0.015120000000,   0.06000,
,,,0.015130000000,   0.06200,
,,,0.015140000000,   0.06000,
,,,0.015150000000,   0.06400,
,,,0.015160000000,   0.06600,
,,,0.015170000000,   0.06600,
,,,0.015180000000,   0.06600,
,,,0.015190000000,   0.06800,
,,,0.015200000000,   0.06800,
,,,0.015210000000,   0.07000,
,,,0.015220000000,   0.07000,
,,,0.015230000000,   0.07200,
,,,0.015240000000,   0.07200,
,,,0.015250000000,   0.07200,
,,,0.015260000000,   0.07200,
,,,0.015270000000,   0.07200,
,,,0.015280000000,   0.07400,
,,,0.015290000000,   0.07400,
,,,0.015300000000,   0.07400,
,,,0.015310000000,   0.07600,
,,,0.015320000000,   0.07400,
,,,0.015330000000,   0.07400,
,,,0.015340000000,   0.07800,
,,,0.015350000000,   0.07800,
,,,0.015360000000,   0.07800,
,,,0.015370000000,   0.08000,
,,,0.015380000000,   0.07800,
,,,0.015390000000,   0.08200,
,,,0.015400000000,   0.08000,
,,,0.015410000000,   0.08200,
,,,0.015420000000,   0.08200,
,,,0.015430000000,   0.08200,
,,,0.015440000000,   0.08200,
,,,0.015450000000,   0.08200,
,,,0.015460000000,   0.08200,
,,,0.015470000000,   0.08400,
,,,0.015480000000,   0.08400,
,,,0.015490000000,   0.08600,
,,,0.015500000000,   0.08600,
,,,0.015510000000,   0.08600,
,,,0.015520000000,   0.08600,
,,,0.015530000000,   0.08400,
,,,0.015540000000,   0.08800,
,,,0.015550000000,   0.09000,
,,,0.015560000000,   0.08600,
,,,0.015570000000,   0.08800,
,,,0.015580000000,   0.09000,
,,,0.015590000000,   0.08800,
,,,0.015600000000,   0.08800,
,,,0.015610000000,   0.09000,
,,,0.015620000000,   0.08800,
,,,0.015630000000,   0.09000,
,,,0.015640000000,   0.09000,
,,,0.015650000000,   0.08800,
,,,0.015660000000,   0.09000,
,,,0.015670000000,   0.09200,
,,,0.015680000000,   0.09000,
,,,0.015690000000,   0.09000,
,,,0.015700000000,   0.09200,
,,,0.015710000000,   0.09200,
,,,0.015720000000,   0.09200,
,,,0.015730000000,   0.09200,
,,,0.015740000000,   0.09200,
,,,0.015750000000,   0.09200,
,,,0.015760000000,   0.09200,
,,,0.015770000000,   0.09200,
,,,0.015780000000,   0.09200,
,,,0.015790000000,   0.09200,
,,,0.015800000000,   0.09200,
,,,0.015810000000,   0.09200,
,,,0.015820000000,   0.09200,
,,,0.015830000000,   0.09200,
,,,0.015840000000,   0.09200,
,,,0.015850000000,   0.09200,
,,,0.015860000000,   0.09200,
,,,0.015870000000,   0.09000,
,,,0.015880000000,   0.09200,
,,,0.015890000000,   0.08800,
,,,0.015900000000,   0.09000,
,,,0.015910000000,   0.09200,
,,,0.015920000000,   0.09200,
,,,0.015930000000,   0.09200,
,,,0.015940000000,   0.09200,
,,,0.015950000000,   0.08800,
,,,0.015960000000,   0.09000,
,,,0.015970000000,   0.09000,
,,,0.015980000000,   0.08800,
,,,0.015990000000,   0.09000,
,,,0.016000000000,   0.08800,
,,,0.016010000000,   0.08800,
,,,0.016020000000,   0.08600,
,,,0.016030000000,   0.08800,
,,,0.016040000000,   0.08600,
,,,0.016050000000,   0.08800,
,,,0.016060000000,   0.08800,
,,,0.016070000000,   0.08600,
,,,0.016080000000,   0.08600,
,,,0.016090000000,   0.08600,
,,,0.016100000000,   0.08200,
,,,0.016110000000,   0.08400,
,,,0.016120000000,   0.08200,
,,,0.016130000000,   0.08400,
,,,0.016140000000,   0.08400,
,,,0.016150000000,   0.08200,
,,,0.016160000000,   0.08200,
,,,0.016170000000,   0.08200,
,,,0.016180000000,   0.08000,
,,,0.016190000000,   0.08200,
,,,0.016200000000,   0.07800,
,,,0.016210000000,   0.07800,
,,,0.016220000000,   0.07800,
,,,0.016230000000,   0.07600,
,,,0.016240000000,   0.07800,
,,,0.016250000000,   0.07800,
,,,0.016260000000,   0.07600,
,,,0.016270000000,   0.07600,
,,,0.016280000000,   0.07400,
,,,0.016290000000,   0.07400,
,,,0.016300000000,   0.07400,
,,,0.016310000000,   0.07200,
,,,0.016320000000,   0.07200,
,,,0.016330000000,   0.07200,
,,,0.016340000000,   0.07000,
,,,0.016350000000,   0.06800,
,,,0.016360000000,   0.06800,
,,,0.016370000000,   0.07000,
,,,0.016380000000,   0.06600,
,,,0.016390000000,   0.06600,
,,,0.016400000000,   0.06800,
,,,0.016410000000,   0.06400,
,,,0.016420000000,   0.06400,
,,,0.016430000000,   0.06200,
,,,0.016440000000,   0.06200,
,,,0.016450000000,   0.06200,
,,,0.016460000000,   0.06000,
,,,0.016470000000,   0.06000,
,,,0.016480000000,   0.06000,
,,,0.016490000000,   0.05800,
,,,0.016500000000,   0.05600,
,,,0.016510000000,   0.05600,
,,,0.016520000000,   0.05600,
,,,0.016530000000,   0.05400,
,,,0.016540000000,   0.05200,
,,,0.016550000000,   0.05200,
,,,0.016560000000,   0.05200,
,,,0.016570000000,   0.05000,
,,,0.016580000000,   0.05200,
,,,0.016590000000,   0.04800,
,,,0.016600000000,   0.04800,
,,,0.016610000000,   0.04600,
,,,0.016620000000,   0.04600,
,,,0.016630000000,   0.04400,
,,,0.016640000000,   0.04400,
,,,0.016650000000,   0.04400,
,,,0.016660000000,   0.04200,
,,,0.016670000000,   0.04000,
,,,0.016680000000,   0.04000,
,,,0.016690000000,   0.03800,
,,,0.016700000000,   0.04000,
,,,0.016710000000,   0.03600,
,,,0.016720000000,   0.03800,
,,,0.016730000000,   0.03400,
,,,0.016740000000,   0.03000,
,,,0.016750000000,   0.03400,
,,,0.016760000000,   0.03000,
,,,0.016770000000,   0.03000,
,,,0.016780000000,   0.02800,
,,,0.016790000000,   0.03000,
,,,0.016800000000,   0.02800,
,,,0.016810000000,   0.02600,
,,,0.016820000000,   0.02600,
,,,0.016830000000,   0.02600,
,,,0.016840000000,   0.02200,
,,,0.016850000000,   0.02200,
,,,0.016860000000,   0.02000,
,,,0.016870000000,   0.02000,
,,,0.016880000000,   0.01800,
,,,0.016890000000,   0.01600,
,,,0.016900000000,   0.01400,
,,,0.016910000000,   0.01400,
,,,0.016920000000,   0.01400,
,,,0.016930000000,   0.01200,
,,,0.016940000000,   0.01000,
,,,0.016950000000,   0.01000,
,,,0.016960000000,   0.00800,
,,,0.016970000000,   0.00800,
,,,0.016980000000,   0.00600,
,,,0.016990000000,   0.00400,
,,,0.017000000000,   0.00400,
,,,0.017010000000,   0.00200,
,,,0.017020000000,   0.00400,
,,,0.017030000000,   0.00200,
,,,0.017040000000,   0.00000,
,,,0.017050000000,  -0.00200,
,,,0.017060000000,   0.00000,
,,,0.017070000000,  -0.00400,
,,,0.017080000000,  -0.00800,
,,,0.017090000000,  -0.00600,
,,,0.017100000000,  -0.00800,
,,,0.017110000000,  -0.00600,
,,,0.017120000000,  -0.01000,
,,,0.017130000000,  -0.01000,
,,,0.017140000000,  -0.01200,
,,,0.017150000000,  -0.01600,
,,,0.017160000000,  -0.01400,
,,,0.017170000000,  -0.01400,
,,,0.017180000000,  -0.01600,
,,,0.017190000000,  -0.01800,
,,,0.017200000000,  -0.02000,
,,,0.017210000000,  -0.01800,
,,,0.017220000000,  -0.02200,
,,,0.017230000000,  -0.02200,
,,,0.017240000000,  -0.02200,
,,,0.017250000000,  -0.02600,
,,,0.017260000000,  -0.02600,
,,,0.017270000000,  -0.02600,
,,,0.017280000000,  -0.03000,
,,,0.017290000000,  -0.02800,
,,,0.017300000000,  -0.03200,
,,,0.017310000000,  -0.03000,
,,,0.017320000000,  -0.03200,
,,,0.017330000000,  -0.03400,
,,,0.017340000000,  -0.03400,
,,,0.017350000000,  -0.03200,
,,,0.017360000000,  -0.03600,
,,,0.017370000000,  -0.04000,
,,,0.017380000000,  -0.04200,
,,,0.017390000000,  -0.03800,
,,,0.017400000000,  -0.04200,
,,,0.017410000000,  -0.04200,
,,,0.017420000000,  -0.04200,
,,,0.017430000000,  -0.04600,
,,,0.017440000000,  -0.04200,
,,,0.017450000000,  -0.04400,
,,,0.017460000000,  -0.04600,
,,,0.017470000000,  -0.04800,
,,,0.017480000000,  -0.05000,
,,,0.017490000000,  -0.05200,
,,,0.017500000000,  -0.05000,
,,,0.017510000000,  -0.05400,
,,,0.017520000000,  -0.05400,
,,,0.017530000000,  -0.05400,
,,,0.017540000000,  -0.05600,
,,,0.017550000000,  -0.05600,
,,,0.017560000000,  -0.05800,
,,,0.017570000000,  -0.05800,
,,,0.017580000000,  -0.05800,
,,,0.017590000000,  -0.05800,
,,,0.017600000000,  -0.06000,
,,,0.017610000000,  -0.06200,
,,,0.017620000000,  -0.06000,
,,,0.017630000000,  -0.06200,
,,,0.017640000000,  -0.06400,
,,,0.017650000000,  -0.06600,
,,,0.017660000000,  -0.06600,
,,,0.017670000000,  -0.06400,
,,,0.017680000000,  -0.06600,
,,,0.017690000000,  -0.06800,
,,,0.017700000000,  -0.06800,
,,,0.017710000000,  -0.06800,
,,,0.017720000000,  -0.07000,
,,,0.017730000000,  -0.06800,
,,,0.017740000000,  -0.07200,
,,,0.017750000000,  -0.07200,
,,,0.017760000000,  -0.07200,
,,,0.017770000000,  -0.07400,
,,,0.017780000000,  -0.07400,
,,,0.017790000000,  -0.07400,
,,,0.017800000000,  -0.07800,
,,,0.017810000000,  -0.07400,
,,,0.017820000000,  -0.07600,
,,,0.017830000000,  -0.07600,
,,,0.017840000000,  -0.07800,
,,,0.017850000000,  -0.08000,
,,,0.017860000000,  -0.08000,
,,,0.017870000000,  -0.08000,
,,,0.017880000000,  -0.08200,
,,,0.017890000000,  -0.08000,
,,,0.017900000000,  -0.08200,
,,,0.017910000000,  -0.08200,
,,,0.017920000000,  -0.08000,
,,,0.017930000000,  -0.08200,
,,,0.017940000000,  -0.08400,
,,,0.017950000000,  -0.08400,
,,,0.017960000000,  -0.08400,
,,,0.017970000000,  -0.08400,
,,,0.017980000000,  -0.08400,
,,,0.017990000000,  -0.08400,
,,,0.018000000000,  -0.08400,
,,,0.018010000000,  -0.08800,
,,,0.018020000000,  -0.08600,
,,,0.018030000000,  -0.08600,
,,,0.018040000000,  -0.08600,
,,,0.018050000000,  -0.08800,
,,,0.018060000000,  -0.08800,
,,,0.018070000000,  -0.08800,
,,,0.018080000000,  -0.09000,
,,,0.018090000000,  -0.09000,
,,,0.018100000000,  -0.09000,
,,,0.018110000000,  -0.09000,
,,,0.018120000000,  -0.08800,
,,,0.018130000000,  -0.09200,
,,,0.018140000000,  -0.09200,
,,,0.018150000000,  -0.09000,
,,,0.018160000000,  -0.09200,
,,,0.018170000000,  -0.09200,
,,,0.018180000000,  -0.09400,
,,,0.018190000000,  -0.09000,
,,,0.018200000000,  -0.09200,
,,,0.018210000000,  -0.09200,
,,,0.018220000000,  -0.09000,
,,,0.018230000000,  -0.09400,
,,,0.018240000000,  -0.09200,
,,,0.018250000000,  -0.09200,
,,,0.018260000000,  -0.09200,
,,,0.018270000000,  -0.09200,
,,,0.018280000000,  -0.09200,
,,,0.018290000000,  -0.09200,
,,,0.018300000000,  -0.09400,
,,,0.018310000000,  -0.09200,
,,,0.018320000000,  -0.09000,
,,,0.018330000000,  -0.09200,
,,,0.018340000000,  -0.09000,
,,,0.018350000000,  -0.09200,
,,,0.018360000000,  -0.09200,
,,,0.018370000000,  -0.09200,
,,,0.018380000000,  -0.09200,
,,,0.018390000000,  -0.09200,
,,,0.018400000000,  -0.09200,
,,,0.018410000000,  -0.09000,
,,,0.018420000000,  -0.08800,
,,,0.018430000000,  -0.09200,
,,,0.018440000000,  -0.09400,
,,,0.018450000000,  -0.09200,
,,,0.018460000000,  -0.09000,
,,,0.018470000000,  -0.08800,
,,,0.018480000000,  -0.09000,
,,,0.018490000000,  -0.08800,
,,,0.018500000000,  -0.08800,
,,,0.018510000000,  -0.09000,
,,,0.018520000000,  -0.08800,
,,,0.018530000000,  -0.08600,
,,,0.018540000000,  -0.08800,
,,,0.018550000000,  -0.08800,
,,,0.018560000000,  -0.08800,
,,,0.018570000000,  -0.08800,
,,,0.018580000000,  -0.08600,
,,,0.018590000000,  -0.08800,
,,,0.018600000000,  -0.08400,
,,,0.018610000000,  -0.08600,
,,,0.018620000000,  -0.08400,
,,,0.018630000000,  -0.08400,
,,,0.018640000000,  -0.08200,
,,,0.018650000000,  -0.08200,
,,,0.018660000000,  -0.08200,
,,,0.018670000000,  -0.08200,
,,,0.018680000000,  -0.08000,
,,,0.018690000000,  -0.08000,
,,,0.018700000000,  -0.08000,
,,,0.018710000000,  -0.07800,
,,,0.018720000000,  -0.07800,
,,,0.018730000000,  -0.07800,
,,,0.018740000000,  -0.07800,
,,,0.018750000000,  -0.07800,
,,,0.018760000000,  -0.07600,
,,,0.018770000000,  -0.07600,
,,,0.018780000000,  -0.07400,
,,,0.018790000000,  -0.07400,
,,,0.018800000000,  -0.07200,
,,,0.018810000000,  -0.07400,
,,,0.018820000000,  -0.07400,
,,,0.018830000000,  -0.07000,
,,,0.018840000000,  -0.07000,
,,,0.018850000000,  -0.06800,
,,,0.018860000000,  -0.06800,
,,,0.018870000000,  -0.06800,
,,,0.018880000000,  -0.06800,
,,,0.018890000000,  -0.06600,
,,,0.018900000000,  -0.06600,
,,,0.018910000000,  -0.06400,
,,,0.018920000000,  -0.06400,
,,,0.018930000000,  -0.06600,
,,,0.018940000000,  -0.06200,
,,,0.018950000000,  -0.06200,
,,,0.018960000000,  -0.06000,
,,,0.018970000000,  -0.05800,
,,,0.018980000000,  -0.06200,
,,,0.018990000000,  -0.05800,
,,,0.019000000000,  -0.05800,
,,,0.019010000000,  -0.05800,
,,,0.019020000000,  -0.05400,
,,,0.019030000000,  -0.05400,
,,,0.019040000000,  -0.05600,
,,,0.019050000000,  -0.05000,
,,,0.019060000000,  -0.05200,
,,,0.019070000000,  -0.05200,
,,,0.019080000000,  -0.04800,
,,,0.019090000000,  -0.04800,
,,,0.019100000000,  -0.04600,
,,,0.019110000000,  -0.04600,
,,,0.019120000000,  -0.04400,
,,,0.019130000000,  -0.04400,
,,,0.019140000000,  -0.04400,
,,,0.019150000000,  -0.04200,
,,,0.019160000000,  -0.04200,
,,,0.019170000000,  -0.04200,
,,,0.019180000000,  -0.04000,
,,,0.019190000000,  -0.04200,
,,,0.019200000000,  -0.03800,
,,,0.019210000000,  -0.03800,
,,,0.019220000000,  -0.03600,
,,,0.019230000000,  -0.03400,
,,,0.019240000000,  -0.03200,
,,,0.019250000000,  -0.03200,
,,,0.019260000000,  -0.03000,
,,,0.019270000000,  -0.03000,
,,,0.019280000000,  -0.03000,
,,,0.019290000000,  -0.02800,
,,,0.019300000000,  -0.02800,
,,,0.019310000000,  -0.02600,
,,,0.019320000000,  -0.02600,
,,,0.019330000000,  -0.02200,
,,,0.019340000000,  -0.02400,
,,,0.019350000000,  -0.02200,
,,,0.019360000000,  -0.02000,
,,,0.019370000000,  -0.02000,
,,,0.019380000000,  -0.02000,
,,,0.019390000000,  -0.01600,
,,,0.019400000000,  -0.01600,
,,,0.019410000000,  -0.01400,
,,,0.019420000000,  -0.01400,
,,,0.019430000000,  -0.01200,
,,,0.019440000000,  -0.01000,
,,,0.019450000000,  -0.01000,
,,,0.019460000000,  -0.00800,
,,,0.019470000000,  -0.00600,
,,,0.019480000000,  -0.00600,
,,,0.019490000000,  -0.00600,
,,,0.019500000000,  -0.00400,
,,,0.019510000000,  -0.00200,
,,,0.019520000000,  -0.00200,
,,,0.019530000000,   0.00000,
,,,0.019540000000,   0.00000,
,,,0.019550000000,   0.00200,
,,,0.019560000000,   0.00200,
,,,0.019570000000,   0.00400,
,,,0.019580000000,   0.00400,
,,,0.019590000000,   0.00600,
,,,0.019600000000,   0.01000,
,,,0.019610000000,   0.01000,
,,,0.019620000000,   0.01000,
,,,0.019630000000,   0.01200,
,,,0.019640000000,   0.01000,
,,,0.019650000000,   0.01000,
,,,0.019660000000,   0.01600,
,,,0.019670000000,   0.01400,
,,,0.019680000000,   0.01400,
,,,0.019690000000,   0.01800,
,,,0.019700000000,   0.02000,
,,,0.019710000000,   0.02000,
,,,0.019720000000,   0.02200,
,,,0.019730000000,   0.02200,
,,,0.019740000000,   0.02400,
,,,0.019750000000,   0.02600,
,,,0.019760000000,   0.02400,
,,,0.019770000000,   0.02600,
,,,0.019780000000,   0.03000,
,,,0.019790000000,   0.03000,
,,,0.019800000000,   0.03000,
,,,0.019810000000,   0.03000,
,,,0.019820000000,   0.03200,
,,,0.019830000000,   0.03400,
,,,0.019840000000,   0.03600,
,,,0.019850000000,   0.03400,
,,,0.019860000000,   0.03600,
,,,0.019870000000,   0.03600,
,,,0.019880000000,   0.04000,
,,,0.019890000000,   0.04000,
,,,0.019900000000,   0.04000,
,,,0.019910000000,   0.04200,
,,,0.019920000000,   0.04400,
,,,0.019930000000,   0.04200,
,,,0.019940000000,   0.04600,
,,,0.019950000000,   0.04600,
,,,0.019960000000,   0.04600,
,,,0.019970000000,   0.04600,
,,,0.019980000000,   0.04800,
,,,0.019990000000,   0.05000,
,,,0.020000000000,   0.05000,
,,,0.020010000000,   0.05000,
,,,0.020020000000,   0.05000,
,,,0.020030000000,   0.05200,
,,,0.020040000000,   0.05400,
,,,0.020050000000,   0.05600,
,,,0.020060000000,   0.05600,
,,,0.020070000000,   0.05600,
,,,0.020080000000,   0.05800,
,,,0.020090000000,   0.06000,
,,,0.020100000000,   0.06000,
,,,0.020110000000,   0.06000,
,,,0.020120000000,   0.06200,
,,,0.020130000000,   0.06200,
,,,0.020140000000,   0.06200,
,,,0.020150000000,   0.06400,
,,,0.020160000000,   0.06400,
,,,0.020170000000,   0.06400,
,,,0.020180000000,   0.06600,
,,,0.020190000000,   0.06600,
,,,0.020200000000,   0.07000,
,,,0.020210000000,   0.07000,
,,,0.020220000000,   0.07000,
,,,0.020230000000,   0.07200,
,,,0.020240000000,   0.07200,
,,,0.020250000000,   0.07200,
,,,0.020260000000,   0.07200,
,,,0.020270000000,   0.07400,
,,,0.020280000000,   0.07400,
,,,0.020290000000,   0.07400,
,,,0.020300000000,   0.07200,
,,,0.020310000000,   0.07600,
,,,0.020320000000,   0.07600,
,,,0.020330000000,   0.07600,
,,,0.020340000000,   0.07600,
,,,0.020350000000,   0.07600,
,,,0.020360000000,   0.07800,
,,,0.020370000000,   0.07800,
,,,0.020380000000,   0.08200,
,,,0.020390000000,   0.08000,
,,,0.020400000000,   0.08000,
,,,0.020410000000,   0.08200,
,,,0.020420000000,   0.08200,
,,,0.020430000000,   0.08200,
,,,0.020440000000,   0.08400,
,,,0.020450000000,   0.08400,
,,,0.020460000000,   0.08200,
,,,0.020470000000,   0.08400,
,,,0.020480000000,   0.08400,
,,,0.020490000000,   0.08600,
,,,0.020500000000,   0.08600,
,,,0.020510000000,   0.08600,
,,,0.020520000000,   0.08600,
,,,0.020530000000,   0.08600,
,,,0.020540000000,   0.08800,
,,,0.020550000000,   0.08800,
,,,0.020560000000,   0.08600,
,,,0.020570000000,   0.08800,
,,,0.020580000000,   0.08800,
,,,0.020590000000,   0.09200,
,,,0.020600000000,   0.08800,
,,,0.020610000000,   0.09000,
,,,0.020620000000,   0.08800,
,,,0.020630000000,   0.09000,
,,,0.020640000000,   0.09200,
,,,0.020650000000,   0.09000,
,,,0.020660000000,   0.09200,
,,,0.020670000000,   0.09000,
,,,0.020680000000,   0.09200,
,,,0.020690000000,   0.09200,
,,,0.020700000000,   0.09200,
,,,0.020710000000,   0.09200,
,,,0.020720000000,   0.09200,
,,,0.020730000000,   0.09200,
,,,0.020740000000,   0.09200,
,,,0.020750000000,   0.09200,
,,,0.020760000000,   0.09400,
,,,0.020770000000,   0.09200,
,,,0.020780000000,   0.09200,
,,,0.020790000000,   0.09200,
,,,0.020800000000,   0.09000,
,,,0.020810000000,   0.09200,
,,,0.020820000000,   0.09400,
,,,0.020830000000,   0.09200,
,,,0.020840000000,   0.09200,
,,,0.020850000000,   0.09200,
,,,0.020860000000,   0.09000,
,,,0.020870000000,   0.09200,
,,,0.020880000000,   0.09000,
,,,0.020890000000,   0.09000,
,,,0.020900000000,   0.09000,
,,,0.020910000000,   0.08800,
,,,0.020920000000,   0.09000,
,,,0.020930000000,   0.09200,
,,,0.020940000000,   0.09200,
,,,0.020950000000,   0.09000,
,,,0.020960000000,   0.08800,
,,,0.020970000000,   0.08800,
,,,0.020980000000,   0.09000,
,,,0.020990000000,   0.08800,
,,,0.021000000000,   0.09000,
,,,0.021010000000,   0.08800,
,,,0.021020000000,   0.08600,
,,,0.021030000000,   0.08800,
,,,0.021040000000,   0.08600,
,,,0.021050000000,   0.08800,
,,,0.021060000000,   0.08600,
,,,0.021070000000,   0.08600,
,,,0.021080000000,   0.08400,
,,,0.021090000000,   0.08600,
,,,0.021100000000,   0.08800,
,,,0.021110000000,   0.08200,
,,,0.021120000000,   0.08400,
,,,0.021130000000,   0.08400,
,,,0.021140000000,   0.08400,
,,,0.021150000000,   0.08200,
,,,0.021160000000,   0.08200,
,,,0.021170000000,   0.08200,
,,,0.021180000000,   0.08000,
,,,0.021190000000,   0.08000,
,,,0.021200000000,   0.08000,
,,,0.021210000000,   0.07600,
,,,0.021220000000,   0.08000,
,,,0.021230000000,   0.07600,
,,,0.021240000000,   0.07800,
,,,0.021250000000,   0.07600,
,,,0.021260000000,   0.07600,
,,,0.021270000000,   0.07600,
,,,0.021280000000,   0.07600,
,,,0.021290000000,   0.07400,
,,,0.021300000000,   0.07400,
,,,0.021310000000,   0.07600,
,,,0.021320000000,   0.07400,
,,,0.021330000000,   0.07200,
,,,0.021340000000,   0.07200,
,,,0.021350000000,   0.07000,
,,,0.021360000000,   0.07000,
,,,0.021370000000,   0.07000,
,,,0.021380000000,   0.06600,
,,,0.021390000000,   0.06800,
,,,0.021400000000,   0.06400,
,,,0.021410000000,   0.06600,
,,,0.021420000000,   0.06400,
,,,0.021430000000,   0.06400,
,,,0.021440000000,   0.06200,
,,,0.021450000000,   0.06200,
,,,0.021460000000,   0.06000,
,,,0.021470000000,   0.06000,
,,,0.021480000000,   0.06000,
,,,0.021490000000,   0.05600,
,,,0.021500000000,   0.05800,
,,,0.021510000000,   0.05600,
,,,0.021520000000,   0.05600,
,,,0.021530000000,   0.05400,
,,,0.021540000000,   0.05400,
,,,0.021550000000,   0.05400,
,,,0.021560000000,   0.05000,
,,,0.021570000000,   0.05200,
,,,0.021580000000,   0.05200,
,,,0.021590000000,   0.04800,
,,,0.021600000000,   0.04600,
,,,0.021610000000,   0.04800,
,,,0.021620000000,   0.04600,
,,,0.021630000000,   0.04600,
,,,0.021640000000,   0.04200,
,,,0.021650000000,   0.04600,
,,,0.021660000000,   0.04000,
,,,0.021670000000,   0.04200,
,,,0.021680000000,   0.04000,
,,,0.021690000000,   0.04000,
,,,0.021700000000,   0.04000,
,,,0.021710000000,   0.03800,
,,,0.021720000000,   0.03600,
,,,0.021730000000,   0.03600,
,,,0.021740000000,   0.03200,
,,,0.021750000000,   0.03200,
,,,0.021760000000,   0.03000,
,,,0.021770000000,   0.02800,
,,,0.021780000000,   0.03000,
,,,0.021790000000,   0.02800,
,,,0.021800000000,   0.02800,
,,,0.021810000000,   0.02600,
,,,0.021820000000,   0.02600,
,,,0.021830000000,   0.02400,
,,,0.021840000000,   0.02200,
,,,0.021850000000,   0.02200,
,,,0.021860000000,   0.02000,
,,,0.021870000000,   0.02000,
,,,0.021880000000,   0.02000,
,,,0.021890000000,   0.01800,
,,,0.021900000000,   0.01600,
,,,0.021910000000,   0.01400,
,,,0.021920000000,   0.01400,
,,,0.021930000000,   0.01200,
,,,0.021940000000,   0.01000,
,,,0.021950000000,   0.01000,
,,,0.021960000000,   0.00800,
,,,0.021970000000,   0.00800,
,,,0.021980000000,   0.00400,
,,,0.021990000000,   0.00400,
,,,0.022000000000,   0.00400,
,,,0.022010000000,   0.00400,
,,,0.022020000000,   0.00200,
,,,0.022030000000,   0.00000,
,,,0.022040000000,   0.00000,
,,,0.022050000000,  -0.00200,
,,,0.022060000000,  -0.00200,
,,,0.022070000000,  -0.00400,
,,,0.022080000000,  -0.00400,
,,,0.022090000000,  -0.00800,
,,,0.022100000000,  -0.00600,
,,,0.022110000000,  -0.01000,
,,,0.022120000000,  -0.01000,
,,,0.022130000000,  -0.01000,
,,,0.022140000000,  -0.01200,
,,,0.022150000000,  -0.01200,
,,,0.022160000000,  -0.01400,
,,,0.022170000000,  -0.01800,
,,,0.022180000000,  -0.01600,
,,,0.022190000000,  -0.01800,
,,,0.022200000000,  -0.02000,
,,,0.022210000000,  -0.02000,
,,,0.022220000000,  -0.02000,
,,,0.022230000000,  -0.02200,
,,,0.022240000000,  -0.02400,
,,,0.022250000000,  -0.02400,
,,,0.022260000000,  -0.02400,
,,,0.022270000000,  -0.02600,
,,,0.022280000000,  -0.02800,
,,,0.022290000000,  -0.03000,
,,,0.022300000000,  -0.03000,
,,,0.022310000000,  -0.03000,
,,,0.022320000000,  -0.03200,
,,,0.022330000000,  -0.03400,
,,,0.022340000000,  -0.03200,
,,,0.022350000000,  -0.03400,
,,,0.022360000000,  -0.03800,
,,,0.022370000000,  -0.03600,
,,,0.022380000000,  -0.03800,
,,,0.022390000000,  -0.04000,
,,,0.022400000000,  -0.04000,
,,,0.022410000000,  -0.04200,
,,,0.022420000000,  -0.04200,
,,,0.022430000000,  -0.04400,
,,,0.022440000000,  -0.04600,
,,,0.022450000000,  -0.04600,
,,,0.022460000000,  -0.04600,
,,,0.022470000000,  -0.04600,
,,,0.022480000000,  -0.04800,
,,,0.022490000000,  -0.05000,
,,,0.022500000000,  -0.05200,
,,,0.022510000000,  -0.05200,
,,,0.022520000000,  -0.05200,
,,,0.022530000000,  -0.05400,
,,,0.022540000000,  -0.05400,
,,,0.022550000000,  -0.05600,
,,,0.022560000000,  -0.05600,
,,,0.022570000000,  -0.06000,
,,,0.022580000000,  -0.05800,
,,,0.022590000000,  -0.05800,
,,,0.022600000000,  -0.06000,
,,,0.022610000000,  -0.06200,
,,,0.022620000000,  -0.06200,
,,,0.022630000000,  -0.06400,
,,,0.022640000000,  -0.06400,
,,,0.022650000000,  -0.06400,
,,,0.022660000000,  -0.06400,
,,,0.022670000000,  -0.06400,
,,,0.022680000000,  -0.06600,
,,,0.022690000000,  -0.06800,
,,,0.022700000000,  -0.06800,
,,,0.022710000000,  -0.06800,
,,,0.022720000000,  -0.06800,
,,,0.022730000000,  -0.06800,
,,,0.022740000000,  -0.07200,
,,,0.022750000000,  -0.07200,
,,,0.022760000000,  -0.07200,
,,,0.022770000000,  -0.07200,
,,,0.022780000000,  -0.07400,
,,,0.022790000000,  -0.07600,
,,,0.022800000000,  -0.07600,
,,,0.022810000000,  -0.07600,
,,,0.022820000000,  -0.07600,
,,,0.022830000000,  -0.07800,
,,,0.022840000000,  -0.07800,
,,,0.022850000000,  -0.07800,
,,,0.022860000000,  -0.08200,
,,,0.022870000000,  -0.08000,
,,,0.022880000000,  -0.07800,
,,,0.022890000000,  -0.08200,
,,,0.022900000000,  -0.08000,
,,,0.022910000000,  -0.08200,
,,,0.022920000000,  -0.08200,
,,,0.022930000000,  -0.08400,
,,,0.022940000000,  -0.08400,
,,,0.022950000000,  -0.08400,
,,,0.022960000000,  -0.08400,
,,,0.022970000000,  -0.08400,
,,,0.022980000000,  -0.08800,
,,,0.022990000000,  -0.08600,
,,,0.023000000000,  -0.08400,
,,,0.023010000000,  -0.08600,
,,,0.023020000000,  -0.08800,
,,,0.023030000000,  -0.08800,
,,,0.023040000000,  -0.08800,
,,,0.023050000000,  -0.08800,
,,,0.023060000000,  -0.09000,
,,,0.023070000000,  -0.09000,
,,,0.023080000000,  -0.08800,
,,,0.023090000000,  -0.09000,
,,,0.023100000000,  -0.09000,
,,,0.023110000000,  -0.09000,
,,,0.023120000000,  -0.09000,
,,,0.023130000000,  -0.09200,
,,,0.023140000000,  -0.09000,
,,,0.023150000000,  -0.09000,
,,,0.023160000000,  -0.09000,
,,,0.023170000000,  -0.09400,
,,,0.023180000000,  -0.09200,
,,,0.023190000000,  -0.09200,
,,,0.023200000000,  -0.09200,
,,,0.023210000000,  -0.09200,
,,,0.023220000000,  -0.09200,
,,,0.023230000000,  -0.09400,
,,,0.023240000000,  -0.09000,
,,,0.023250000000,  -0.09200,
,,,0.023260000000,  -0.09200,
,,,0.023270000000,  -0.09200,
,,,0.023280000000,  -0.09200,
,,,0.023290000000,  -0.09400,
,,,0.023300000000,  -0.09200,
,,,0.023310000000,  -0.09400,
,,,0.023320000000,  -0.09400,
,,,0.023330000000,  -0.09400,
,,,0.023340000000,  -0.09200,
,,,0.023350000000,  -0.09200,
,,,0.023360000000,  -0.09000,
,,,0.023370000000,  -0.09000,
,,,0.023380000000,  -0.09000,
,,,0.023390000000,  -0.09200,
,,,0.023400000000,  -0.09000,
,,,0.023410000000,  -0.09000,
,,,0.023420000000,  -0.09000,
,,,0.023430000000,  -0.09000,
,,,0.023440000000,  -0.09000,
,,,0.023450000000,  -0.09200,
,,,0.023460000000,  -0.09000,
,,,0.023470000000,  -0.08800,
,,,0.023480000000,  -0.08800,
,,,0.023490000000,  -0.09000,
,,,0.023500000000,  -0.09000,
,,,0.023510000000,  -0.08800,
,,,0.023520000000,  -0.08800,
,,,0.023530000000,  -0.08800,
,,,0.023540000000,  -0.08600,
,,,0.023550000000,  -0.08800,
,,,0.023560000000,  -0.08600,
,,,0.023570000000,  -0.08400,
,,,0.023580000000,  -0.08600,
,,,0.023590000000,  -0.08400,
,,,0.023600000000,  -0.08600,
,,,0.023610000000,  -0.08400,
,,,0.023620000000,  -0.08200,
,,,0.023630000000,  -0.08200,
,,,0.023640000000,  -0.08400,
,,,0.023650000000,  -0.08200,
,,,0.023660000000,  -0.08400,
,,,0.023670000000,  -0.08000,
,,,0.023680000000,  -0.08200,
,,,0.023690000000,  -0.08000,
,,,0.023700000000,  -0.08000,
,,,0.023710000000,  -0.08000,
,,,0.023720000000,  -0.07800,
,,,0.023730000000,  -0.07800,
,,,0.023740000000,  -0.07800,
,,,0.023750000000,  -0.07400,
,,,0.023760000000,  -0.07800,
,,,0.023770000000,  -0.07400,
,,,0.023780000000,  -0.07600,
,,,0.023790000000,  -0.07400,
,,,0.023800000000,  -0.07200,
,,,0.023810000000,  -0.07200,
,,,0.023820000000,  -0.07200,
,,,0.023830000000,  -0.07000,
,,,0.023840000000,  -0.07000,
,,,0.023850000000,  -0.06800,
,,,0.023860000000,  -0.07000,
,,,0.023870000000,  -0.06800,
,,,0.023880000000,  -0.06600,
,,,0.023890000000,  -0.06800,
,,,0.023900000000,  -0.06400,
,,,0.023910000000,  -0.06600,
,,,0.023920000000,  -0.06400,
,,,0.023930000000,  -0.06600,
,,,0.023940000000,  -0.06200,
,,,0.023950000000,  -0.06200,
,,,0.023960000000,  -0.06200,
,,,0.023970000000,  -0.06000,
,,,0.023980000000,  -0.06000,
,,,0.023990000000,  -0.06000,
,,,0.024000000000,  -0.05800,
,,,0.024010000000,  -0.05800,
,,,0.024020000000,  -0.05600,
,,,0.024030000000,  -0.05400,
,,,0.024040000000,  -0.05600,
,,,0.024050000000,  -0.05400,
,,,0.024060000000,  -0.05200,
,,,0.024070000000,  -0.05200,
,,,0.024080000000,  -0.05000,
,,,0.024090000000,  -0.05000,
,,,0.024100000000,  -0.04800,
,,,0.024110000000,  -0.04600,
,,,0.024120000000,  -0.04800,
,,,0.024130000000,  -0.04600,
,,,0.024140000000,  -0.04400,
,,,0.024150000000,  -0.04200,
,,,0.024160000000,  -0.04200,
,,,0.024170000000,  -0.04000,
,,,0.024180000000,  -0.04000,
,,,0.024190000000,  -0.03800,
,,,0.024200000000,  -0.03800,
,,,0.024210000000,  -0.03600,
,,,0.024220000000,  -0.03600,
,,,0.024230000000,  -0.03600,
,,,0.024240000000,  -0.03400,
,,,0.024250000000,  -0.03200,
,,,0.024260000000,  -0.03200,
,,,0.024270000000,  -0.03000,
,,,0.024280000000,  -0.02800,
,,,0.024290000000,  -0.02800,
,,,0.024300000000,  -0.02600,
,,,0.024310000000,  -0.02600,
,,,0.024320000000,  -0.02600,
,,,0.024330000000,  -0.02200,
,,,0.024340000000,  -0.02200,
,,,0.024350000000,  -0.02200,
,,,0.024360000000,  -0.02200,
,,,0.024370000000,  -0.02000,
,,,0.024380000000,  -0.01800,
,,,0.024390000000,  -0.01600,
,,,0.024400000000,  -0.01400,
,,,0.024410000000,  -0.01400,
,,,0.024420000000,  -0.01600,
,,,0.024430000000,  -0.01400,
,,,0.024440000000,  -0.01200,
,,,0.024450000000,  -0.01200,
,,,0.024460000000,  -0.00800,
,,,0.024470000000,  -0.00800,
,,,0.024480000000,  -0.00600,
,,,0.024490000000,  -0.00600,
,,,0.024500000000,  -0.00400,
,,,0.024510000000,  -0.00400,
,,,0.024520000000,  -0.00200,
,,,0.024530000000,   0.00000,
,,,0.024540000000,   0.00000,
,,,0.024550000000,   0.00200,
,,,0.024560000000,   0.00400,
,,,0.024570000000,   0.00200,
,,,0.024580000000,   0.00400,
,,,0.024590000000,   0.00600,
,,,0.024600000000,   0.00600,
,,,0.024610000000,   0.01000,
,,,0.024620000000,   0.01000,
,,,0.024630000000,   0.01200,
,,,0.024640000000,   0.01000,
,,,0.024650000000,   0.01600,
,,,0.024660000000,   0.01400,
,,,0.024670000000,   0.01400,
,,,0.024680000000,   0.01600,
,,,0.024690000000,   0.01800,
,,,0.024700000000,   0.02000,
,,,0.024710000000,   0.02000,
,,,0.024720000000,   0.02200,
,,,0.024730000000,   0.02400,
,,,0.024740000000,   0.02400,
,,,0.024750000000,   0.02400,
,,,0.024760000000,   0.02600,
,,,0.024770000000,   0.02600,
,,,0.024780000000,   0.02600,
,,,0.024790000000,   0.02600,
,,,0.024800000000,   0.03000,
,,,0.024810000000,   0.03000,
,,,0.024820000000,   0.03000,
,,,0.024830000000,   0.03400,
,,,0.024840000000,   0.03600,
,,,0.024850000000,   0.03600,
,,,0.024860000000,   0.03400,
,,,0.024870000000,   0.03800,
,,,0.024880000000,   0.03800,
,,,0.024890000000,   0.04000,
,,,0.024900000000,   0.04000,
,,,0.024910000000,   0.04000,
,,,0.024920000000,   0.04000,
,,,0.024930000000,   0.04200,
,,,0.024940000000,   0.04200,
,,,0.024950000000,   0.04600,
,,,0.024960000000,   0.04600,
,,,0.024970000000,   0.04800,
,,,0.024980000000,   0.04800,
,,,0.024990000000,   0.04800,
,,,0.025000000000,   0.05000,
,,,0.025010000000,   0.05000,
,,,0.025020000000,   0.05200,
,,,0.025030000000,   0.05200,
,,,0.025040000000,   0.05600,
,,,0.025050000000,   0.05400,
,,,0.025060000000,   0.05600,
,,,0.025070000000,   0.05800,
,,,0.025080000000,   0.05800,
,,,0.025090000000,   0.06000,
,,,0.025100000000,   0.06000,
,,,0.025110000000,   0.06000,
,,,0.025120000000,   0.06000,
,,,0.025130000000,   0.06200,
,,,0.025140000000,   0.06400,
,,,0.025150000000,   0.06600,
,,,0.025160000000,   0.06400,
,,,0.025170000000,   0.06400,
,,,0.025180000000,   0.06600,
,,,0.025190000000,   0.06600,
,,,0.025200000000,   0.06800,
,,,0.025210000000,   0.06800,
,,,0.025220000000,   0.07200,
,,,0.025230000000,   0.07200,
,,,0.025240000000,   0.07200,
,,,0.025250000000,   0.07200,
,,,0.025260000000,   0.07400,
,,,0.025270000000,   0.07400,
,,,0.025280000000,   0.07600,
,,,0.025290000000,   0.07600,
,,,0.025300000000,   0.07400,
,,,0.025310000000,   0.07400,
,,,0.025320000000,   0.07600,
,,,0.025330000000,   0.07800,
,,,0.025340000000,   0.07600,
,,,0.025350000000,   0.07600,
,,,0.025360000000,   0.08000,
,,,0.025370000000,   0.08000,
,,,0.025380000000,   0.08000,
,,,0.025390000000,   0.08000,
,,,0.025400000000,   0.08000,
,,,0.025410000000,   0.08200,
,,,0.025420000000,   0.08200,
,,,0.025430000000,   0.08200,
,,,0.025440000000,   0.08200,
,,,0.025450000000,   0.08400,
,,,0.025460000000,   0.08200,
,,,0.025470000000,   0.08600,
,,,0.025480000000,   0.08400,
,,,0.025490000000,   0.08200,
,,,0.025500000000,   0.08600,
,,,0.025510000000,   0.08800,
,,,0.025520000000,   0.08800,
,,,0.025530000000,   0.08800,
,,,0.025540000000,   0.08600,
,,,0.025550000000,   0.08800,
,,,0.025560000000,   0.09000,
,,,0.025570000000,   0.08800,
,,,0.025580000000,   0.08800,
,,,0.025590000000,   0.09000,
,,,0.025600000000,   0.09000,
,,,0.025610000000,   0.09200,
,,,0.025620000000,   0.09000,
,,,0.025630000000,   0.09000,
,,,0.025640000000,   0.09200,
,,,0.025650000000,   0.08800,
,,,0.025660000000,   0.09000,
,,,0.025670000000,   0.09200,
,,,0.025680000000,   0.09000,
,,,0.025690000000,   0.09000,
,,,0.025700000000,   0.09000,
,,,0.025710000000,   0.09000,
,,,0.025720000000,   0.09200,
,,,0.025730000000,   0.09200,
,,,0.025740000000,   0.09200,
,,,0.025750000000,   0.09200,
,,,0.025760000000,   0.09200,
,,,0.025770000000,   0.09200,
,,,0.025780000000,   0.09200,
,,,0.025790000000,   0.09200,
,,,0.025800000000,   0.09200,
,,,0.025810000000,   0.09200,
,,,0.025820000000,   0.09200,
,,,0.025830000000,   0.09200,
,,,0.025840000000,   0.09200,
,,,0.025850000000,   0.09200,
,,,0.025860000000,   0.09000,
,,,0.025870000000,   0.09200,
,,,0.025880000000,   0.09000,
,,,0.025890000000,   0.09200,
,,,0.025900000000,   0.09200,
,,,0.025910000000,   0.09000,
,,,0.025920000000,   0.09000,
,,,0.025930000000,   0.09000,
,,,0.025940000000,   0.09000,
,,,0.025950000000,   0.08800,
,,,0.025960000000,   0.08800,
,,,0.025970000000,   0.09000,
,,,0.025980000000,   0.08800,
,,,0.025990000000,   0.08800,
,,,0.026000000000,   0.08600,
,,,0.026010000000,   0.08800,
,,,0.026020000000,   0.08800,
,,,0.026030000000,   0.09000,
,,,0.026040000000,   0.08600,
,,,0.026050000000,   0.08600,
,,,0.026060000000,   0.08600,
,,,0.026070000000,   0.08600,
,,,0.026080000000,   0.08600,
,,,0.026090000000,   0.08400,
,,,0.026100000000,   0.08600,
,,,0.026110000000,   0.08400,
,,,0.026120000000,   0.08400,
,,,0.026130000000,   0.08200,
,,,0.026140000000,   0.08400,
,,,0.026150000000,   0.08200,
,,,0.026160000000,   0.08200,
,,,0.026170000000,   0.08200,
,,,0.026180000000,   0.08000,
,,,0.026190000000,   0.08000,
,,,0.026200000000,   0.08000,
,,,0.026210000000,   0.07800,
,,,0.026220000000,   0.08000,
,,,0.026230000000,   0.07800,
,,,0.026240000000,   0.07600,
,,,0.026250000000,   0.07600,
,,,0.026260000000,   0.07600,
,,,0.026270000000,   0.07600,
,,,0.026280000000,   0.07400,
,,,0.026290000000,   0.07400,
,,,0.026300000000,   0.07200,
,,,0.026310000000,   0.07200,
,,,0.026320000000,   0.07200,
,,,0.026330000000,   0.07200,
,,,0.026340000000,   0.07000,
,,,0.026350000000,   0.07200,
,,,0.026360000000,   0.06800,
,,,0.026370000000,   0.06800,
,,,0.026380000000,   0.07000,
,,,0.026390000000,   0.06600,
,,,0.026400000000,   0.06600,
,,,0.026410000000,   0.06600,
,,,0.026420000000,   0.06400,
,,,0.026430000000,   0.06400,
,,,0.026440000000,   0.06400,
,,,0.026450000000,   0.06200,
,,,0.026460000000,   0.06000,
,,,0.026470000000,   0.06000,
,,,0.026480000000,   0.06000,
,,,0.026490000000,   0.05800,
,,,0.026500000000,   0.05800,
,,,0.026510000000,   0.05600,
,,,0.026520000000,   0.05400,
,,,0.026530000000,   0.05400,
,,,0.026540000000,   0.05200,
,,,0.026550000000,   0.05200,
,,,0.026560000000,   0.05200,
,,,0.026570000000,   0.05000,
,,,0.026580000000,   0.05200,
,,,0.026590000000,   0.05000,
,,,0.026600000000,   0.04800,
,,,0.026610000000,   0.04800,
,,,0.026620000000,   0.04400,
,,,0.026630000000,   0.04800,
,,,0.026640000000,   0.04400,
,,,0.026650000000,   0.04200,
,,,0.026660000000,   0.04200,
,,,0.026670000000,   0.04000,
,,,0.026680000000,   0.04000,
,,,0.026690000000,   0.04000,
,,,0.026700000000,   0.03800,
,,,0.026710000000,   0.03800,
,,,0.026720000000,   0.03400,
,,,0.026730000000,   0.03400,
,,,0.026740000000,   0.03200,
,,,0.026750000000,   0.03400,
,,,0.026760000000,   0.03000,
,,,0.026770000000,   0.03200,
,,,0.026780000000,   0.02800,
,,,0.026790000000,   0.03000,
,,,0.026800000000,   0.02600,
,,,0.026810000000,   0.02600,
,,,0.026820000000,   0.02400,
,,,0.026830000000,   0.02200,
,,,0.026840000000,   0.02200,
,,,0.026850000000,   0.02200,
,,,0.026860000000,   0.02000,
,,,0.026870000000,   0.02000,
,,,0.026880000000,   0.01800,
,,,0.026890000000,   0.01600,
,,,0.026900000000,   0.01600,
,,,0.026910000000,   0.01600,
,,,0.026920000000,   0.01400,
,,,0.026930000000,   0.01200,
,,,0.026940000000,   0.01200,
,,,0.026950000000,   0.01000,
,,,0.026960000000,   0.00800,
,,,0.026970000000,   0.00600,
,,,0.026980000000,   0.00600,
,,,0.026990000000,   0.00800,
,,,0.027000000000,   0.00400,
,,,0.027010000000,   0.00400,
,,,0.027020000000,   0.00200,
,,,0.027030000000,   0.00000,
,,,0.027040000000,   0.00000,
,,,0.027050000000,   0.00000,
,,,0.027060000000,  -0.00400,
,,,0.027070000000,  -0.00400,
,,,0.027080000000,  -0.00600,
,,,0.027090000000,  -0.00600,
,,,0.027100000000,  -0.00800,
,,,0.027110000000,  -0.01000,
,,,0.027120000000,  -0.01000,
,,,0.027130000000,  -0.01000,
,,,0.027140000000,  -0.01400,
,,,0.027150000000,  -0.01600,
,,,0.027160000000,  -0.01600,
,,,0.027170000000,  -0.01400,
,,,0.027180000000,  -0.01600,
,,,0.027190000000,  -0.01800,
,,,0.027200000000,  -0.01800,
,,,0.027210000000,  -0.02000,
,,,0.027220000000,  -0.02200,
,,,0.027230000000,  -0.02200,
,,,0.027240000000,  -0.02200,
,,,0.027250000000,  -0.02400,
,,,0.027260000000,  -0.02600,
,,,0.027270000000,  -0.02800,
,,,0.027280000000,  -0.02800,
,,,0.027290000000,  -0.02800,
,,,0.027300000000,  -0.03000,
,,,0.027310000000,  -0.03200,
,,,0.027320000000,  -0.03200,
,,,0.027330000000,  -0.03200,
,,,0.027340000000,  -0.03400,
,,,0.027350000000,  -0.03400,
,,,0.027360000000,  -0.03600,
,,,0.027370000000,  -0.03800,
,,,0.027380000000,  -0.04000,
,,,0.027390000000,  -0.04000,
,,,0.027400000000,  -0.04000,
,,,0.027410000000,  -0.04200,
,,,0.027420000000,  -0.04400,
,,,0.027430000000,  -0.04400,
,,,0.027440000000,  -0.04400,
,,,0.027450000000,  -0.04600,
,,,0.027460000000,  -0.04600,
,,,0.027470000000,  -0.04600,
,,,0.027480000000,  -0.04600,
,,,0.027490000000,  -0.05000,
,,,0.027500000000,  -0.05000,
,,,0.027510000000,  -0.05200,
,,,0.027520000000,  -0.05200,
,,,0.027530000000,  -0.05400,
,,,0.027540000000,  -0.05400,
,,,0.027550000000,  -0.05600,
,,,0.027560000000,  -0.05600,
,,,0.027570000000,  -0.05800,
,,,0.027580000000,  -0.05800,
,,,0.027590000000,  -0.05800,
,,,0.027600000000,  -0.06200,
,,,0.027610000000,  -0.06200,
,,,0.027620000000,  -0.06200,
,,,0.027630000000,  -0.06400,
,,,0.027640000000,  -0.06400,
,,,0.027650000000,  -0.06400,
,,,0.027660000000,  -0.06600,
,,,0.027670000000,  -0.06600,
,,,0.027680000000,  -0.06400,
,,,0.027690000000,  -0.06800,
,,,0.027700000000,  -0.06800,
,,,0.027710000000,  -0.07000,
,,,0.027720000000,  -0.06800,
,,,0.027730000000,  -0.07000,
,,,0.027740000000,  -0.07200,
,,,0.027750000000,  -0.07200,
,,,0.027760000000,  -0.07200,
,,,0.027770000000,  -0.07200,
,,,0.027780000000,  -0.07200,
,,,0.027790000000,  -0.07400,
,,,0.027800000000,  -0.07600,
,,,0.027810000000,  -0.07600,
,,,0.027820000000,  -0.07400,
,,,0.027830000000,  -0.07600,
,,,0.027840000000,  -0.07800,
,,,0.027850000000,  -0.07800,
,,,0.027860000000,  -0.08000,
,,,0.027870000000,  -0.07800,
,,,0.027880000000,  -0.08000,
,,,0.027890000000,  -0.08200,
,,,0.027900000000,  -0.08000,
,,,0.027910000000,  -0.08200,
,,,0.027920000000,  -0.08200,
,,,0.027930000000,  -0.08200,
,,,0.027940000000,  -0.08400,
,,,0.027950000000,  -0.08600,
,,,0.027960000000,  -0.08400,
,,,0.027970000000,  -0.08600,
,,,0.027980000000,  -0.08400,
,,,0.027990000000,  -0.08400,
,,,0.028000000000,  -0.08400,
,,,0.028010000000,  -0.08800,
,,,0.028020000000,  -0.08800,
,,,0.028030000000,  -0.08600,
,,,0.028040000000,  -0.08600,
,,,0.028050000000,  -0.08800,
,,,0.028060000000,  -0.09000,
,,,0.028070000000,  -0.08600,
,,,0.028080000000,  -0.09000,
,,,0.028090000000,  -0.09000,
,,,0.028100000000,  -0.09000,
,,,0.028110000000,  -0.09000,
,,,0.028120000000,  -0.09000,
,,,0.028130000000,  -0.09000,
,,,0.028140000000,  -0.09200,
,,,0.028150000000,  -0.09000,
,,,0.028160000000,  -0.09200,
,,,0.028170000000,  -0.09200,
,,,0.028180000000,  -0.09200,
,,,0.028190000000,  -0.09200,
,,,0.028200000000,  -0.09200,
,,,0.028210000000,  -0.09000,
,,,0.028220000000,  -0.09000,
,,,0.028230000000,  -0.09200,
,,,0.028240000000,  -0.09000,
,,,0.028250000000,  -0.09200,
,,,0.028260000000,  -0.09400,
,,,0.028270000000,  -0.09400,
,,,0.028280000000,  -0.09200,
,,,0.028290000000,  -0.09200,
,,,0.028300000000,  -0.09400,
,,,0.028310000000,  -0.09400,
,,,0.028320000000,  -0.09200,
,,,0.028330000000,  -0.09200,
,,,0.028340000000,  -0.09000,
,,,0.028350000000,  -0.09400,
,,,0.028360000000,  -0.09200,
,,,0.028370000000,  -0.09200,
,,,0.028380000000,  -0.09000,
,,,0.028390000000,  -0.09400,
,,,0.028400000000,  -0.09200,
,,,0.028410000000,  -0.09000,
,,,0.028420000000,  -0.09200,
,,,0.028430000000,  -0.09200,
,,,0.028440000000,  -0.09000,
,,,0.028450000000,  -0.09200,
,,,0.028460000000,  -0.09000,
,,,0.028470000000,  -0.09000,
,,,0.028480000000,  -0.09000,
,,,0.028490000000,  -0.09000,
,,,0.028500000000,  -0.08800,
,,,0.028510000000,  -0.08800,
,,,0.028520000000,  -0.09000,
,,,0.028530000000,  -0.08600,
,,,0.028540000000,  -0.08800,
,,,0.028550000000,  -0.08800,
,,,0.028560000000,  -0.08800,
,,,0.028570000000,  -0.08600,
,,,0.028580000000,  -0.08600,
,,,0.028590000000,  -0.08400,
,,,0.028600000000,  -0.08400,
,,,0.028610000000,  -0.08400,
,,,0.028620000000,  -0.08400,
,,,0.028630000000,  -0.08200,
,,,0.028640000000,  -0.08200,
,,,0.028650000000,  -0.08200,
,,,0.028660000000,  -0.08400,
,,,0.028670000000,  -0.08200,
,,,0.028680000000,  -0.08000,
,,,0.028690000000,  -0.08200,
,,,0.028700000000,  -0.08000,
,,,0.028710000000,  -0.07800,
,,,0.028720000000,  -0.07800,
,,,0.028730000000,  -0.07800,
,,,0.028740000000,  -0.07600,
,,,0.028750000000,  -0.07800,
,,,0.028760000000,  -0.07400,
,,,0.028770000000,  -0.07600,
,,,0.028780000000,  -0.07600,
,,,0.028790000000,  -0.07400,
,,,0.028800000000,  -0.07200,
,,,0.028810000000,  -0.07200,
,,,0.028820000000,  -0.07000,
,,,0.028830000000,  -0.07000,
,,,0.028840000000,  -0.07200,
,,,0.028850000000,  -0.07000,
,,,0.028860000000,  -0.07000,
,,,0.028870000000,  -0.06800,
,,,0.028880000000,  -0.06800,
,,,0.028890000000,  -0.06600,
,,,0.028900000000,  -0.06800,
,,,0.028910000000,  -0.06600,
,,,0.028920000000,  -0.06400,
,,,0.028930000000,  -0.06200,
,,,0.028940000000,  -0.06200,
,,,0.028950000000,  -0.06200,
,,,0.028960000000,  -0.06000,
,,,0.028970000000,  -0.06000,
,,,0.028980000000,  -0.06200,
,,,0.028990000000,  -0.05800,
,,,0.029000000000,  -0.05600,
,,,0.029010000000,  -0.05800,
,,,0.029020000000,  -0.05400,
,,,0.029030000000,  -0.05600,
,,,0.029040000000,  -0.05400,
,,,0.029050000000,  -0.05400,
,,,0.029060000000,  -0.05200,
,,,0.029070000000,  -0.05200,
,,,0.029080000000,  -0.05000,
,,,0.029090000000,  -0.05000,
,,,0.029100000000,  -0.04800,
,,,0.029110000000,  -0.04800,
,,,0.029120000000,  -0.04600,
,,,0.029130000000,  -0.04400,
,,,0.029140000000,  -0.04200,
,,,0.029150000000,  -0.04400,
,,,0.029160000000,  -0.04200,
,,,0.029170000000,  -0.04200,
,,,0.029180000000,  -0.04000,
,,,0.029190000000,  -0.04200,
,,,0.029200000000,  -0.03800,
,,,0.029210000000,  -0.03800,
,,,0.029220000000,  -0.03200,
,,,0.029230000000,  -0.03600,
,,,0.029240000000,  -0.03600,
,,,0.029250000000,  -0.03200,
,,,0.029260000000,  -0.03200,
,,,0.029270000000,  -0.03000,
,,,0.029280000000,  -0.03200,
,,,0.029290000000,  -0.02800,
,,,0.029300000000,  -0.02800,
,,,0.029310000000,  -0.02600,
,,,0.029320000000,  -0.02600,
,,,0.029330000000,  -0.02600,
,,,0.029340000000,  -0.02200,
,,,0.029350000000,  -0.02400,
,,,0.029360000000,  -0.02000,
,,,0.029370000000,  -0.02000,
,,,0.029380000000,  -0.01600,
,,,0.029390000000,  -0.01800,
,,,0.029400000000,  -0.01600,
,,,0.029410000000,  -0.01400,
,,,0.029420000000,  -0.01400,
,,,0.029430000000,  -0.01200,
,,,0.029440000000,  -0.01000,
,,,0.029450000000,  -0.01000,
,,,0.029460000000,  -0.01000,
,,,0.029470000000,  -0.00800,
,,,0.029480000000,  -0.00800,
,,,0.029490000000,  -0.00600,
,,,0.029500000000,  -0.00400,
,,,0.029510000000,  -0.00200,
,,,0.029520000000,   0.00000,
,,,0.029530000000,   0.00200,
,,,0.029540000000,   0.00000,
,,,0.029550000000,   0.00200,
,,,0.029560000000,   0.00200,
,,,0.029570000000,   0.00400,
,,,0.029580000000,   0.00600,
,,,0.029590000000,   0.00800,
,,,0.029600000000,   0.00800,
,,,0.029610000000,   0.01000,
,,,0.029620000000,   0.00800,
,,,0.029630000000,   0.00600,
,,,0.029640000000,   0.01400,
,,,0.029650000000,   0.01400,
,,,0.029660000000,   0.01600,
,,,0.029670000000,   0.01600,
,,,0.029680000000,   0.01600,
,,,0.029690000000,   0.01800,
,,,0.029700000000,   0.02000,
,,,0.029710000000,   0.02000,
,,,0.029720000000,   0.02200,
,,,0.029730000000,   0.02000,
,,,0.029740000000,   0.02200,
,,,0.029750000000,   0.02200,
,,,0.029760000000,   0.02600,
,,,0.029770000000,   0.02800,
,,,0.029780000000,   0.02800,
,,,0.029790000000,   0.02800,
,,,0.029800000000,   0.02800,
,,,0.029810000000,   0.03000,
,,,0.029820000000,   0.03200,
,,,0.029830000000,   0.03400,
,,,0.029840000000,   0.03400,
,,,0.029850000000,   0.03600,
,,,0.029860000000,   0.03800,
,,,0.029870000000,   0.03600,
,,,0.029880000000,   0.04000,
,,,0.029890000000,   0.04000,
