Record Length,2.500000e+03,,   0.000000000000,  -1.76000,
Sample Interval,4.000000e-04,,   0.000400000000,  -1.76000,
Trigger Point,0.000000000000e+00,,   0.000800000000,  -1.76000,
,,,   0.001200000000,  -1.76000,
,,,   0.001600000000,  -1.76000,
,,,   0.002000000000,  -1.76000,
Source,CH1,,   0.002400000000,  -1.76000,
Vertical Units,V,,   0.002800000000,  -1.68000,
Vertical Scale,2.000000e+00,,   0.003200000000,  -1.68000,
Vertical Offset,4.000000e+00,,   0.003600000000,  -1.68000,
Horizontal Units,s,,   0.004000000000,  -1.68000,
Horizontal Scale,1.000000e-01,,   0.004400000000,  -1.68000,
Pt Fmt,Y,,   0.004800000000,  -1.68000,
Yzero,0.000000e+00,,   0.005200000000,  -1.68000,
Probe Atten,1.000000e+01,,   0.005600000000,  -1.68000,
Model Number,TDS1002B,,   0.006000000000,  -1.68000,
Serial Number,C040425,,   0.006400000000,  -1.68000,
Firmware Version,FV:v22.01,,   0.006800000000,  -1.68000,
,,,0.007200000000,  -1.68000,
,,,0.007600000000,  -1.68000,
,,,0.008000000000,  -1.68000,
,,,0.008400000000,  -1.68000,
,,,0.008800000000,  -1.68000,
,,,0.009200000000,  -1.68000,
,,,0.009600000000,  -1.68000,
,,,0.010000000000,  -1.68000,
,,,0.010400000000,  -1.68000,
,,,0.010800000000,  -1.68000,
,,,0.011200000000,  -1.68000,
,,,0.011600000000,  -1.68000,
,,,0.012000000000,  -1.68000,
,,,0.012400000000,  -1.68000,
,,,0.012800000000,  -1.68000,
,,,0.013200000000,  -1.68000,
,,,0.013600000000,  -1.68000,
,,,0.014000000000,  -1.68000,
,,,0.014400000000,  -1.60000,
,,,0.014800000000,  -1.60000,
,,,0.015200000000,  -1.68000,
,,,0.015600000000,  -1.60000,
,,,0.016000000000,  -1.60000,
,,,0.016400000000,  -1.60000,
,,,0.016800000000,  -1.60000,
,,,0.017200000000,  -1.60000,
,,,0.017600000000,  -1.60000,
,,,0.018000000000,  -1.60000,
,,,0.018400000000,  -1.60000,
,,,0.018800000000,  -1.60000,
,,,0.019200000000,  -1.60000,
,,,0.019600000000,  -1.60000,
,,,0.020000000000,  -1.60000,
,,,0.020400000000,  -1.60000,
,,,0.020800000000,  -1.60000,
,,,0.021200000000,  -1.60000,
,,,0.021600000000,  -1.60000,
,,,0.022000000000,  -1.52000,
,,,0.022400000000,  -1.60000,
,,,0.022800000000,  -1.60000,
,,,0.023200000000,  -1.60000,
,,,0.023600000000,  -1.52000,
,,,0.024000000000,  -1.52000,
,,,0.024400000000,  -1.52000,
,,,0.024800000000,  -1.52000,
,,,0.025200000000,  -1.52000,
,,,0.025600000000,  -1.52000,
,,,0.026000000000,  -1.52000,
,,,0.026400000000,  -1.52000,
,,,0.026800000000,  -1.52000,
,,,0.027200000000,  -1.52000,
,,,0.027600000000,  -1.52000,
,,,0.028000000000,  -1.52000,
,,,0.028400000000,  -1.52000,
,,,0.028800000000,  -1.52000,
,,,0.029200000000,  -1.52000,
,,,0.029600000000,  -1.52000,
,,,0.030000000000,  -1.52000,
,,,0.030400000000,  -1.52000,
,,,0.030800000000,  -1.52000,
,,,0.031200000000,  -1.52000,
,,,0.031600000000,  -1.52000,
,,,0.032000000000,  -1.52000,
,,,0.032400000000,  -1.52000,
,,,0.032800000000,  -1.44000,
,,,0.033200000000,  -1.52000,
,,,0.033600000000,  -1.44000,
,,,0.034000000000,  -1.52000,
,,,0.034400000000,  -1.52000,
,,,0.034800000000,  -1.52000,
,,,0.035200000000,  -1.44000,
,,,0.035600000000,  -1.44000,
,,,0.036000000000,  -1.44000,
,,,0.036400000000,  -1.44000,
,,,0.036800000000,  -1.44000,
,,,0.037200000000,  -1.44000,
,,,0.037600000000,  -1.44000,
,,,0.038000000000,  -1.44000,
,,,0.038400000000,  -1.44000,
,,,0.038800000000,  -1.44000,
,,,0.039200000000,  -1.44000,
,,,0.039600000000,  -1.44000,
,,,0.040000000000,  -1.44000,
,,,0.040400000000,  -1.44000,
,,,0.040800000000,  -1.44000,
,,,0.041200000000,  -1.44000,
,,,0.041600000000,  -1.44000,
,,,0.042000000000,  -1.44000,
,,,0.042400000000,  -1.44000,
,,,0.042800000000,  -1.44000,
,,,0.043200000000,  -1.44000,
,,,0.043600000000,  -1.44000,
,,,0.044000000000,  -1.44000,
,,,0.044400000000,  -1.44000,
,,,0.044800000000,  -1.44000,
,,,0.045200000000,  -1.44000,
,,,0.045600000000,  -1.44000,
,,,0.046000000000,  -1.44000,
,,,0.046400000000,  -1.44000,
,,,0.046800000000,  -1.44000,
,,,0.047200000000,  -1.44000,
,,,0.047600000000,  -1.36000,
,,,0.048000000000,  -1.36000,
,,,0.048400000000,  -1.36000,
,,,0.048800000000,  -1.36000,
,,,0.049200000000,  -1.44000,
,,,0.049600000000,  -1.36000,
,,,0.050000000000,  -1.36000,
,,,0.050400000000,  -1.36000,
,,,0.050800000000,  -1.36000,
,,,0.051200000000,  -1.36000,
,,,0.051600000000,  -1.36000,
,,,0.052000000000,  -1.36000,
,,,0.052400000000,  -1.36000,
,,,0.052800000000,  -1.36000,
,,,0.053200000000,  -1.36000,
,,,0.053600000000,  -1.36000,
,,,0.054000000000,  -1.36000,
,,,0.054400000000,  -1.36000,
,,,0.054800000000,  -1.36000,
,,,0.055200000000,  -1.28000,
,,,0.055600000000,  -1.36000,
,,,0.056000000000,  -1.36000,
,,,0.056400000000,  -1.28000,
,,,0.056800000000,  -1.36000,
,,,0.057200000000,  -1.36000,
,,,0.057600000000,  -1.28000,
,,,0.058000000000,  -1.36000,
,,,0.058400000000,  -1.36000,
,,,0.058800000000,  -1.36000,
,,,0.059200000000,  -1.36000,
,,,0.059600000000,  -1.28000,
,,,0.060000000000,  -1.28000,
,,,0.060400000000,  -1.36000,
,,,0.060800000000,  -1.28000,
,,,0.061200000000,  -1.28000,
,,,0.061600000000,  -1.28000,
,,,0.062000000000,  -1.28000,
,,,0.062400000000,  -1.28000,
,,,0.062800000000,  -1.28000,
,,,0.063200000000,  -1.28000,
,,,0.063600000000,  -1.28000,
,,,0.064000000000,  -1.28000,
,,,0.064400000000,  -1.28000,
,,,0.064800000000,  -1.28000,
,,,0.065200000000,  -1.28000,
,,,0.065600000000,  -1.28000,
,,,0.066000000000,  -1.28000,
,,,0.066400000000,  -1.28000,
,,,0.066800000000,  -1.28000,
,,,0.067200000000,  -1.28000,
,,,0.067600000000,  -1.28000,
,,,0.068000000000,  -1.28000,
,,,0.068400000000,  -1.28000,
,,,0.068800000000,  -1.28000,
,,,0.069200000000,  -1.20000,
,,,0.069600000000,  -1.28000,
,,,0.070000000000,  -1.28000,
,,,0.070400000000,  -1.20000,
,,,0.070800000000,  -1.20000,
,,,0.071200000000,  -1.20000,
,,,0.071600000000,  -1.20000,
,,,0.072000000000,  -1.20000,
,,,0.072400000000,  -1.20000,
,,,0.072800000000,  -1.20000,
,,,0.073200000000,  -1.20000,
,,,0.073600000000,  -1.28000,
,,,0.074000000000,  -1.20000,
,,,0.074400000000,  -1.20000,
,,,0.074800000000,  -1.20000,
,,,0.075200000000,  -1.28000,
,,,0.075600000000,  -1.20000,
,,,0.076000000000,  -1.20000,
,,,0.076400000000,  -1.20000,
,,,0.076800000000,  -1.20000,
,,,0.077200000000,  -1.20000,
,,,0.077600000000,  -1.20000,
,,,0.078000000000,  -1.20000,
,,,0.078400000000,  -1.20000,
,,,0.078800000000,  -1.20000,
,,,0.079200000000,  -1.20000,
,,,0.079600000000,  -1.20000,
,,,0.080000000000,  -1.20000,
,,,0.080400000000,  -1.20000,
,,,0.080800000000,  -1.20000,
,,,0.081200000000,  -1.20000,
,,,0.081600000000,  -1.20000,
,,,0.082000000000,  -1.20000,
,,,0.082400000000,  -1.20000,
,,,0.082800000000,  -1.20000,
,,,0.083200000000,  -1.20000,
,,,0.083600000000,  -1.20000,
,,,0.084000000000,  -1.20000,
,,,0.084400000000,  -1.12000,
,,,0.084800000000,  -1.20000,
,,,0.085200000000,   2.16000,
,,,0.085600000000,   2.08000,
,,,0.086000000000,   2.08000,
,,,0.086400000000,   2.08000,
,,,0.086800000000,   2.08000,
,,,0.087200000000,   2.08000,
,,,0.087600000000,   2.08000,
,,,0.088000000000,   2.08000,
,,,0.088400000000,   2.08000,
,,,0.088800000000,   2.08000,
,,,0.089200000000,   2.16000,
,,,0.089600000000,   2.08000,
,,,0.090000000000,   2.08000,
,,,0.090400000000,   2.08000,
,,,0.090800000000,   2.08000,
,,,0.091200000000,   2.08000,
,,,0.091600000000,   2.08000,
,,,0.092000000000,   2.08000,
,,,0.092400000000,   2.08000,
,,,0.092800000000,   2.08000,
,,,0.093200000000,   2.08000,
,,,0.093600000000,   2.08000,
,,,0.094000000000,   2.08000,
,,,0.094400000000,   2.08000,
,,,0.094800000000,   2.08000,
,,,0.095200000000,   2.00000,
,,,0.095600000000,   2.08000,
,,,0.096000000000,   2.00000,
,,,0.096400000000,   2.00000,
,,,0.096800000000,   2.00000,
,,,0.097200000000,   2.00000,
,,,0.097600000000,   2.00000,
,,,0.098000000000,   2.00000,
,,,0.098400000000,   2.00000,
,,,0.098800000000,   2.00000,
,,,0.099200000000,   2.00000,
,,,0.099600000000,   2.00000,
,,,0.100000000000,   2.00000,
,,,0.100400000000,   2.00000,
,,,0.100800000000,   2.00000,
,,,0.101200000000,   2.00000,
,,,0.101600000000,   2.00000,
,,,0.102000000000,   2.00000,
,,,0.102400000000,   2.00000,
,,,0.102800000000,   2.00000,
,,,0.103200000000,   2.00000,
,,,0.103600000000,   2.00000,
,,,0.104000000000,   1.92000,
,,,0.104400000000,   1.92000,
,,,0.104800000000,   1.92000,
,,,0.105200000000,   1.92000,
,,,0.105600000000,   1.92000,
,,,0.106000000000,   1.92000,
,,,0.106400000000,   1.92000,
,,,0.106800000000,   1.92000,
,,,0.107200000000,   1.92000,
,,,0.107600000000,   1.92000,
,,,0.108000000000,   1.92000,
,,,0.108400000000,   1.92000,
,,,0.108800000000,   1.92000,
,,,0.109200000000,   1.92000,
,,,0.109600000000,   1.92000,
,,,0.110000000000,   1.92000,
,,,0.110400000000,   1.92000,
,,,0.110800000000,   1.92000,
,,,0.111200000000,   1.92000,
,,,0.111600000000,   1.92000,
,,,0.112000000000,   1.92000,
,,,0.112400000000,   1.92000,
,,,0.112800000000,   1.92000,
,,,0.113200000000,   1.84000,
,,,0.113600000000,   1.92000,
,,,0.114000000000,   1.92000,
,,,0.114400000000,   1.92000,
,,,0.114800000000,   1.84000,
,,,0.115200000000,   1.84000,
,,,0.115600000000,   1.92000,
,,,0.116000000000,   1.84000,
,,,0.116400000000,   1.84000,
,,,0.116800000000,   1.84000,
,,,0.117200000000,   1.84000,
,,,0.117600000000,   1.92000,
,,,0.118000000000,   1.84000,
,,,0.118400000000,   1.84000,
,,,0.118800000000,   1.84000,
,,,0.119200000000,   1.84000,
,,,0.119600000000,   1.84000,
,,,0.120000000000,   1.84000,
,,,0.120400000000,   1.84000,
,,,0.120800000000,   1.84000,
,,,0.121200000000,   1.84000,
,,,0.121600000000,   1.84000,
,,,0.122000000000,   1.84000,
,,,0.122400000000,   1.84000,
,,,0.122800000000,   1.84000,
,,,0.123200000000,   1.84000,
,,,0.123600000000,   1.76000,
,,,0.124000000000,   1.76000,
,,,0.124400000000,   1.76000,
,,,0.124800000000,   1.76000,
,,,0.125200000000,   1.76000,
,,,0.125600000000,   1.76000,
,,,0.126000000000,   1.76000,
,,,0.126400000000,   1.76000,
,,,0.126800000000,   1.76000,
,,,0.127200000000,   1.76000,
,,,0.127600000000,   1.76000,
,,,0.128000000000,   1.76000,
,,,0.128400000000,   1.76000,
,,,0.128800000000,   1.76000,
,,,0.129200000000,   1.76000,
,,,0.129600000000,   1.76000,
,,,0.130000000000,   1.76000,
,,,0.130400000000,   1.76000,
,,,0.130800000000,   1.68000,
,,,0.131200000000,   1.68000,
,,,0.131600000000,   1.76000,
,,,0.132000000000,   1.68000,
,,,0.132400000000,   1.68000,
,,,0.132800000000,   1.68000,
,,,0.133200000000,   1.68000,
,,,0.133600000000,   1.68000,
,,,0.134000000000,   1.68000,
,,,0.134400000000,   1.68000,
,,,0.134800000000,   1.68000,
,,,0.135200000000,   1.68000,
,,,0.135600000000,   1.68000,
,,,0.136000000000,   1.68000,
,,,0.136400000000,   1.68000,
,,,0.136800000000,   1.68000,
,,,0.137200000000,   1.68000,
,,,0.137600000000,   1.68000,
,,,0.138000000000,   1.68000,
,,,0.138400000000,   1.68000,
,,,0.138800000000,   1.68000,
,,,0.139200000000,   1.68000,
,,,0.139600000000,   1.68000,
,,,0.140000000000,   1.60000,
,,,0.140400000000,   1.68000,
,,,0.140800000000,   1.68000,
,,,0.141200000000,   1.68000,
,,,0.141600000000,   1.68000,
,,,0.142000000000,   1.68000,
,,,0.142400000000,   1.60000,
,,,0.142800000000,   1.68000,
,,,0.143200000000,   1.60000,
,,,0.143600000000,   1.68000,
,,,0.144000000000,   1.60000,
,,,0.144400000000,   1.60000,
,,,0.144800000000,   1.60000,
,,,0.145200000000,   1.60000,
,,,0.145600000000,   1.60000,
,,,0.146000000000,   1.60000,
,,,0.146400000000,   1.60000,
,,,0.146800000000,   1.60000,
,,,0.147200000000,   1.60000,
,,,0.147600000000,   1.60000,
,,,0.148000000000,   1.60000,
,,,0.148400000000,   1.60000,
,,,0.148800000000,   1.60000,
,,,0.149200000000,   1.60000,
,,,0.149600000000,   1.60000,
,,,0.150000000000,   1.60000,
,,,0.150400000000,   1.60000,
,,,0.150800000000,   1.60000,
,,,0.151200000000,   1.52000,
,,,0.151600000000,   1.60000,
,,,0.152000000000,   1.60000,
,,,0.152400000000,   1.60000,
,,,0.152800000000,   1.52000,
,,,0.153200000000,   1.52000,
,,,0.153600000000,   1.52000,
,,,0.154000000000,   1.52000,
,,,0.154400000000,   1.52000,
,,,0.154800000000,   1.52000,
,,,0.155200000000,   1.52000,
,,,0.155600000000,   1.52000,
,,,0.156000000000,   1.52000,
,,,0.156400000000,   1.52000,
,,,0.156800000000,   1.52000,
,,,0.157200000000,   1.52000,
,,,0.157600000000,   1.52000,
,,,0.158000000000,   1.52000,
,,,0.158400000000,   1.52000,
,,,0.158800000000,   1.52000,
,,,0.159200000000,   1.52000,
,,,0.159600000000,   1.52000,
,,,0.160000000000,   1.52000,
,,,0.160400000000,   1.52000,
,,,0.160800000000,   1.52000,
,,,0.161200000000,   1.52000,
,,,0.161600000000,   1.52000,
,,,0.162000000000,   1.52000,
,,,0.162400000000,   1.52000,
,,,0.162800000000,   1.52000,
,,,0.163200000000,   1.52000,
,,,0.163600000000,   1.52000,
,,,0.164000000000,   1.52000,
,,,0.164400000000,   1.52000,
,,,0.164800000000,   1.52000,
,,,0.165200000000,   1.44000,
,,,0.165600000000,   1.44000,
,,,0.166000000000,   1.52000,
,,,0.166400000000,   1.44000,
,,,0.166800000000,   1.44000,
,,,0.167200000000,   1.44000,
,,,0.167600000000,   1.44000,
,,,0.168000000000,   1.44000,
,,,0.168400000000,   1.52000,
,,,0.168800000000,   1.52000,
,,,0.169200000000,   1.44000,
,,,0.169600000000,   1.44000,
,,,0.170000000000,   1.44000,
,,,0.170400000000,   1.44000,
,,,0.170800000000,   1.52000,
,,,0.171200000000,   1.44000,
,,,0.171600000000,   1.44000,
,,,0.172000000000,   1.44000,
,,,0.172400000000,   1.44000,
,,,0.172800000000,   1.44000,
,,,0.173200000000,   1.44000,
,,,0.173600000000,   1.44000,
,,,0.174000000000,   1.44000,
,,,0.174400000000,   1.44000,
,,,0.174800000000,   1.44000,
,,,0.175200000000,   1.44000,
,,,0.175600000000,   1.44000,
,,,0.176000000000,   1.44000,
,,,0.176400000000,   1.44000,
,,,0.176800000000,   1.44000,
,,,0.177200000000,   1.44000,
,,,0.177600000000,   1.36000,
,,,0.178000000000,   1.44000,
,,,0.178400000000,   1.44000,
,,,0.178800000000,   1.44000,
,,,0.179200000000,   1.44000,
,,,0.179600000000,   1.44000,
,,,0.180000000000,   1.36000,
,,,0.180400000000,   1.36000,
,,,0.180800000000,   1.44000,
,,,0.181200000000,   1.44000,
,,,0.181600000000,   1.44000,
,,,0.182000000000,   1.44000,
,,,0.182400000000,   1.36000,
,,,0.182800000000,   1.36000,
,,,0.183200000000,   1.44000,
,,,0.183600000000,   1.36000,
,,,0.184000000000,   1.36000,
,,,0.184400000000,   1.36000,
,,,0.184800000000,   1.36000,
,,,0.185200000000,   1.36000,
,,,0.185600000000,   1.36000,
,,,0.186000000000,   1.36000,
,,,0.186400000000,   1.36000,
,,,0.186800000000,   1.36000,
,,,0.187200000000,   1.36000,
,,,0.187600000000,   1.36000,
,,,0.188000000000,   1.36000,
,,,0.188400000000,   1.36000,
,,,0.188800000000,   1.36000,
,,,0.189200000000,   1.36000,
,,,0.189600000000,   1.36000,
,,,0.190000000000,   1.36000,
,,,0.190400000000,   1.36000,
,,,0.190800000000,   1.36000,
,,,0.191200000000,   1.36000,
,,,0.191600000000,   1.36000,
,,,0.192000000000,   1.28000,
,,,0.192400000000,   1.36000,
,,,0.192800000000,   1.36000,
,,,0.193200000000,   1.28000,
,,,0.193600000000,   1.36000,
,,,0.194000000000,   1.28000,
,,,0.194400000000,   1.28000,
,,,0.194800000000,   1.28000,
,,,0.195200000000,   1.28000,
,,,0.195600000000,   1.36000,
,,,0.196000000000,   1.28000,
,,,0.196400000000,   1.28000,
,,,0.196800000000,   1.28000,
,,,0.197200000000,   1.28000,
,,,0.197600000000,   1.28000,
,,,0.198000000000,   1.28000,
,,,0.198400000000,   1.28000,
,,,0.198800000000,   1.28000,
,,,0.199200000000,   1.28000,
,,,0.199600000000,   1.28000,
,,,0.200000000000,   1.28000,
,,,0.200400000000,   1.28000,
,,,0.200800000000,   1.28000,
,,,0.201200000000,   1.28000,
,,,0.201600000000,   1.28000,
,,,0.202000000000,   1.28000,
,,,0.202400000000,   1.28000,
,,,0.202800000000,   1.28000,
,,,0.203200000000,   1.28000,
,,,0.203600000000,   1.28000,
,,,0.204000000000,   1.28000,
,,,0.204400000000,   1.28000,
,,,0.204800000000,   1.28000,
,,,0.205200000000,   1.28000,
,,,0.205600000000,   1.28000,
,,,0.206000000000,   1.28000,
,,,0.206400000000,   1.20000,
,,,0.206800000000,   1.28000,
,,,0.207200000000,   1.20000,
,,,0.207600000000,   1.20000,
,,,0.208000000000,   1.20000,
,,,0.208400000000,   1.28000,
,,,0.208800000000,   1.20000,
,,,0.209200000000,   1.20000,
,,,0.209600000000,   1.20000,
,,,0.210000000000,   1.20000,
,,,0.210400000000,  -2.08000,
,,,0.210800000000,  -2.00000,
,,,0.211200000000,  -2.08000,
,,,0.211600000000, -14.24000,
,,,0.212000000000, -14.24000,
,,,0.212400000000, -14.24000,
,,,0.212800000000, -14.24000,
,,,0.213200000000, -14.24000,
,,,0.213600000000, -14.24000,
,,,0.214000000000, -14.24000,
,,,0.214400000000, -14.24000,
,,,0.214800000000, -14.24000,
,,,0.215200000000, -14.24000,
,,,0.215600000000, -14.24000,
,,,0.216000000000, -14.24000,
,,,0.216400000000, -14.24000,
,,,0.216800000000, -14.24000,
,,,0.217200000000, -14.24000,
,,,0.217600000000, -14.24000,
,,,0.218000000000, -14.24000,
,,,0.218400000000, -14.24000,
,,,0.218800000000, -14.24000,
,,,0.219200000000, -14.24000,
,,,0.219600000000, -14.24000,
,,,0.220000000000, -14.24000,
,,,0.220400000000, -14.24000,
,,,0.220800000000, -14.24000,
,,,0.221200000000, -14.24000,
,,,0.221600000000, -14.24000,
,,,0.222000000000, -14.24000,
,,,0.222400000000, -14.24000,
,,,0.222800000000, -14.24000,
,,,0.223200000000, -14.24000,
,,,0.223600000000, -14.24000,
,,,0.224000000000, -14.24000,
,,,0.224400000000, -14.24000,
,,,0.224800000000, -14.24000,
,,,0.225200000000, -14.24000,
,,,0.225600000000, -14.24000,
,,,0.226000000000, -14.24000,
,,,0.226400000000, -14.24000,
,,,0.226800000000, -14.24000,
,,,0.227200000000, -14.24000,
,,,0.227600000000, -14.24000,
,,,0.228000000000, -14.24000,
,,,0.228400000000, -14.24000,
,,,0.228800000000, -14.24000,
,,,0.229200000000, -14.24000,
,,,0.229600000000, -14.24000,
,,,0.230000000000, -14.24000,
,,,0.230400000000, -14.24000,
,,,0.230800000000, -14.24000,
,,,0.231200000000, -14.24000,
,,,0.231600000000, -14.24000,
,,,0.232000000000, -14.24000,
,,,0.232400000000, -14.24000,
,,,0.232800000000, -14.24000,
,,,0.233200000000, -14.24000,
,,,0.233600000000, -14.24000,
,,,0.234000000000, -14.24000,
,,,0.234400000000, -14.24000,
,,,0.234800000000, -14.24000,
,,,0.235200000000, -14.24000,
,,,0.235600000000, -14.24000,
,,,0.236000000000, -14.24000,
,,,0.236400000000, -14.24000,
,,,0.236800000000, -14.24000,
,,,0.237200000000, -14.24000,
,,,0.237600000000, -14.24000,
,,,0.238000000000, -14.24000,
,,,0.238400000000, -14.24000,
,,,0.238800000000, -14.24000,
,,,0.239200000000, -14.24000,
,,,0.239600000000, -14.24000,
,,,0.240000000000, -14.24000,
,,,0.240400000000, -14.24000,
,,,0.240800000000, -14.24000,
,,,0.241200000000, -14.24000,
,,,0.241600000000, -14.24000,
,,,0.242000000000, -14.24000,
,,,0.242400000000, -14.24000,
,,,0.242800000000, -14.24000,
,,,0.243200000000, -14.24000,
,,,0.243600000000, -14.24000,
,,,0.244000000000, -14.24000,
,,,0.244400000000, -14.24000,
,,,0.244800000000, -14.24000,
,,,0.245200000000, -14.24000,
,,,0.245600000000, -14.24000,
,,,0.246000000000, -14.24000,
,,,0.246400000000, -14.24000,
,,,0.246800000000, -14.24000,
,,,0.247200000000, -14.24000,
,,,0.247600000000, -14.24000,
,,,0.248000000000, -14.24000,
,,,0.248400000000, -14.24000,
,,,0.248800000000, -14.24000,
,,,0.249200000000, -14.24000,
,,,0.249600000000, -14.24000,
,,,0.250000000000, -14.24000,
,,,0.250400000000, -14.24000,
,,,0.250800000000, -14.24000,
,,,0.251200000000, -14.24000,
,,,0.251600000000, -14.24000,
,,,0.252000000000, -14.24000,
,,,0.252400000000, -14.24000,
,,,0.252800000000, -14.24000,
,,,0.253200000000, -14.24000,
,,,0.253600000000, -14.24000,
,,,0.254000000000, -14.24000,
,,,0.254400000000, -14.24000,
,,,0.254800000000, -14.24000,
,,,0.255200000000, -14.24000,
,,,0.255600000000, -14.24000,
,,,0.256000000000, -14.24000,
,,,0.256400000000, -14.24000,
,,,0.256800000000, -14.24000,
,,,0.257200000000, -14.24000,
,,,0.257600000000, -14.24000,
,,,0.258000000000, -14.24000,
,,,0.258400000000, -14.24000,
,,,0.258800000000, -14.24000,
,,,0.259200000000, -14.24000,
,,,0.259600000000, -14.24000,
,,,0.260000000000, -14.24000,
,,,0.260400000000, -14.24000,
,,,0.260800000000, -14.24000,
,,,0.261200000000, -14.24000,
,,,0.261600000000, -14.24000,
,,,0.262000000000, -14.24000,
,,,0.262400000000, -14.24000,
,,,0.262800000000, -14.24000,
,,,0.263200000000, -14.24000,
,,,0.263600000000, -14.24000,
,,,0.264000000000, -14.24000,
,,,0.264400000000, -14.24000,
,,,0.264800000000, -14.24000,
,,,0.265200000000, -14.24000,
,,,0.265600000000, -14.24000,
,,,0.266000000000, -14.24000,
,,,0.266400000000, -14.24000,
,,,0.266800000000, -14.24000,
,,,0.267200000000, -14.24000,
,,,0.267600000000, -14.24000,
,,,0.268000000000, -14.24000,
,,,0.268400000000, -14.24000,
,,,0.268800000000, -14.24000,
,,,0.269200000000, -14.24000,
,,,0.269600000000, -14.24000,
,,,0.270000000000, -14.24000,
,,,0.270400000000, -14.24000,
,,,0.270800000000, -14.24000,
,,,0.271200000000, -14.24000,
,,,0.271600000000, -14.24000,
,,,0.272000000000, -14.24000,
,,,0.272400000000, -14.24000,
,,,0.272800000000, -14.24000,
,,,0.273200000000, -14.24000,
,,,0.273600000000, -14.24000,
,,,0.274000000000, -14.24000,
,,,0.274400000000, -14.24000,
,,,0.274800000000, -14.24000,
,,,0.275200000000, -14.24000,
,,,0.275600000000, -14.24000,
,,,0.276000000000, -14.24000,
,,,0.276400000000, -14.24000,
,,,0.276800000000, -14.24000,
,,,0.277200000000, -14.24000,
,,,0.277600000000, -14.24000,
,,,0.278000000000, -14.24000,
,,,0.278400000000, -14.24000,
,,,0.278800000000, -14.24000,
,,,0.279200000000, -14.24000,
,,,0.279600000000, -14.24000,
,,,0.280000000000, -14.24000,
,,,0.280400000000, -14.24000,
,,,0.280800000000, -14.24000,
,,,0.281200000000, -14.24000,
,,,0.281600000000, -14.24000,
,,,0.282000000000, -14.24000,
,,,0.282400000000, -14.24000,
,,,0.282800000000, -14.24000,
,,,0.283200000000, -14.24000,
,,,0.283600000000, -14.24000,
,,,0.284000000000, -14.24000,
,,,0.284400000000, -14.24000,
,,,0.284800000000, -14.24000,
,,,0.285200000000, -14.24000,
,,,0.285600000000, -14.24000,
,,,0.286000000000, -14.24000,
,,,0.286400000000, -14.24000,
,,,0.286800000000, -14.24000,
,,,0.287200000000, -14.24000,
,,,0.287600000000, -14.24000,
,,,0.288000000000, -14.24000,
,,,0.288400000000, -14.24000,
,,,0.288800000000, -14.24000,
,,,0.289200000000, -14.24000,
,,,0.289600000000, -14.24000,
,,,0.290000000000, -14.24000,
,,,0.290400000000, -14.24000,
,,,0.290800000000, -14.24000,
,,,0.291200000000, -14.24000,
,,,0.291600000000, -14.24000,
,,,0.292000000000, -14.24000,
,,,0.292400000000, -14.24000,
,,,0.292800000000, -14.24000,
,,,0.293200000000, -14.24000,
,,,0.293600000000, -14.24000,
,,,0.294000000000, -14.24000,
,,,0.294400000000, -14.24000,
,,,0.294800000000, -14.24000,
,,,0.295200000000, -14.24000,
,,,0.295600000000, -14.24000,
,,,0.296000000000, -14.24000,
,,,0.296400000000, -14.24000,
,,,0.296800000000, -14.24000,
,,,0.297200000000, -14.24000,
,,,0.297600000000, -14.24000,
,,,0.298000000000, -14.24000,
,,,0.298400000000, -14.24000,
,,,0.298800000000, -14.24000,
,,,0.299200000000, -14.24000,
,,,0.299600000000, -14.24000,
,,,0.300000000000, -14.24000,
,,,0.300400000000, -14.24000,
,,,0.300800000000, -14.24000,
,,,0.301200000000, -14.24000,
,,,0.301600000000, -14.24000,
,,,0.302000000000, -14.24000,
,,,0.302400000000, -14.24000,
,,,0.302800000000, -14.24000,
,,,0.303200000000, -14.24000,
,,,0.303600000000, -14.24000,
,,,0.304000000000, -14.24000,
,,,0.304400000000, -14.24000,
,,,0.304800000000, -14.24000,
,,,0.305200000000, -14.24000,
,,,0.305600000000, -14.24000,
,,,0.306000000000, -14.24000,
,,,0.306400000000, -14.24000,
,,,0.306800000000, -14.24000,
,,,0.307200000000, -14.24000,
,,,0.307600000000, -14.24000,
,,,0.308000000000, -14.24000,
,,,0.308400000000, -14.24000,
,,,0.308800000000, -14.24000,
,,,0.309200000000, -14.24000,
,,,0.309600000000, -14.24000,
,,,0.310000000000, -14.24000,
,,,0.310400000000, -14.24000,
,,,0.310800000000, -14.24000,
,,,0.311200000000, -14.24000,
,,,0.311600000000,  -1.28000,
,,,0.312000000000,  -1.28000,
,,,0.312400000000,  -1.28000,
,,,0.312800000000,  -1.28000,
,,,0.313200000000,  -1.28000,
,,,0.313600000000,  -1.28000,
,,,0.314000000000,  -1.28000,
,,,0.314400000000,  -1.28000,
,,,0.314800000000,  -1.28000,
,,,0.315200000000,  -1.28000,
,,,0.315600000000,  -1.28000,
,,,0.316000000000,  -1.28000,
,,,0.316400000000,  -1.28000,
,,,0.316800000000,  -1.28000,
,,,0.317200000000,  -1.28000,
,,,0.317600000000,  -1.28000,
,,,0.318000000000,  -1.28000,
,,,0.318400000000,  -1.28000,
,,,0.318800000000,  -1.28000,
,,,0.319200000000,  -1.28000,
,,,0.319600000000,  -1.28000,
,,,0.320000000000,  -1.28000,
,,,0.320400000000,  -1.28000,
,,,0.320800000000,  -1.28000,
,,,0.321200000000,  -1.20000,
,,,0.321600000000,  -1.20000,
,,,0.322000000000,  -1.20000,
,,,0.322400000000,  -1.28000,
,,,0.322800000000,  -1.20000,
,,,0.323200000000,  -1.20000,
,,,0.323600000000,  -1.20000,
,,,0.324000000000,  -1.20000,
,,,0.324400000000,  -1.20000,
,,,0.324800000000,  -1.20000,
,,,0.325200000000,  -1.20000,
,,,0.325600000000,  -1.28000,
,,,0.326000000000,  -1.20000,
,,,0.326400000000,  -1.20000,
,,,0.326800000000,  -1.20000,
,,,0.327200000000,  -1.20000,
,,,0.327600000000,  -1.20000,
,,,0.328000000000,  -1.20000,
,,,0.328400000000,  -1.20000,
,,,0.328800000000,  -1.20000,
,,,0.329200000000,  -1.20000,
,,,0.329600000000,  -1.20000,
,,,0.330000000000,  -1.20000,
,,,0.330400000000,  -1.20000,
,,,0.330800000000,  -1.20000,
,,,0.331200000000,  -1.20000,
,,,0.331600000000,  -1.20000,
,,,0.332000000000,  -1.20000,
,,,0.332400000000,  -1.20000,
,,,0.332800000000,  -1.20000,
,,,0.333200000000,  -1.20000,
,,,0.333600000000,  -1.20000,
,,,0.334000000000,  -1.20000,
,,,0.334400000000,  -1.20000,
,,,0.334800000000,  -1.20000,
,,,0.335200000000,   2.08000,
,,,0.335600000000,   2.08000,
,,,0.336000000000,   2.08000,
,,,0.336400000000,   2.08000,
,,,0.336800000000,   2.16000,
,,,0.337200000000,   2.08000,
,,,0.337600000000,   2.08000,
,,,0.338000000000,   2.08000,
,,,0.338400000000,   2.08000,
,,,0.338800000000,   2.16000,
,,,0.339200000000,   2.08000,
,,,0.339600000000,   2.08000,
,,,0.340000000000,   2.08000,
,,,0.340400000000,   2.08000,
,,,0.340800000000,   2.08000,
,,,0.341200000000,   2.08000,
,,,0.341600000000,   2.08000,
,,,0.342000000000,   2.08000,
,,,0.342400000000,   2.08000,
,,,0.342800000000,   2.08000,
,,,0.343200000000,   2.08000,
,,,0.343600000000,   2.08000,
,,,0.344000000000,   2.08000,
,,,0.344400000000,   2.08000,
,,,0.344800000000,   2.08000,
,,,0.345200000000,   2.08000,
,,,0.345600000000,   2.00000,
,,,0.346000000000,   2.00000,
,,,0.346400000000,   2.00000,
,,,0.346800000000,   2.08000,
,,,0.347200000000,   2.00000,
,,,0.347600000000,   2.08000,
,,,0.348000000000,   2.00000,
,,,0.348400000000,   2.08000,
,,,0.348800000000,   2.00000,
,,,0.349200000000,   2.00000,
,,,0.349600000000,   2.00000,
,,,0.350000000000,   2.00000,
,,,0.350400000000,   2.00000,
,,,0.350800000000,   2.00000,
,,,0.351200000000,   2.00000,
,,,0.351600000000,   2.00000,
,,,0.352000000000,   2.00000,
,,,0.352400000000,   1.92000,
,,,0.352800000000,   2.00000,
,,,0.353200000000,   2.00000,
,,,0.353600000000,   2.00000,
,,,0.354000000000,   1.92000,
,,,0.354400000000,   2.00000,
,,,0.354800000000,   1.92000,
,,,0.355200000000,   1.92000,
,,,0.355600000000,   1.92000,
,,,0.356000000000,   1.92000,
,,,0.356400000000,   1.92000,
,,,0.356800000000,   1.92000,
,,,0.357200000000,   1.92000,
,,,0.357600000000,   1.92000,
,,,0.358000000000,   1.92000,
,,,0.358400000000,   1.92000,
,,,0.358800000000,   1.92000,
,,,0.359200000000,   1.92000,
,,,0.359600000000,   1.92000,
,,,0.360000000000,   1.92000,
,,,0.360400000000,   1.92000,
,,,0.360800000000,   1.92000,
,,,0.361200000000,   1.92000,
,,,0.361600000000,   1.92000,
,,,0.362000000000,   1.92000,
,,,0.362400000000,   1.92000,
,,,0.362800000000,   1.92000,
,,,0.363200000000,   1.84000,
,,,0.363600000000,   1.92000,
,,,0.364000000000,   1.92000,
,,,0.364400000000,   1.92000,
,,,0.364800000000,   1.84000,
,,,0.365200000000,   1.92000,
,,,0.365600000000,   1.84000,
,,,0.366000000000,   1.84000,
,,,0.366400000000,   1.84000,
,,,0.366800000000,   1.84000,
,,,0.367200000000,   1.84000,
,,,0.367600000000,   1.84000,
,,,0.368000000000,   1.84000,
,,,0.368400000000,   1.84000,
,,,0.368800000000,   1.84000,
,,,0.369200000000,   1.84000,
,,,0.369600000000,   1.84000,
,,,0.370000000000,   1.84000,
,,,0.370400000000,   1.84000,
,,,0.370800000000,   1.84000,
,,,0.371200000000,   1.84000,
,,,0.371600000000,   1.84000,
,,,0.372000000000,   1.84000,
,,,0.372400000000,   1.84000,
,,,0.372800000000,   1.76000,
,,,0.373200000000,   1.84000,
,,,0.373600000000,   1.76000,
,,,0.374000000000,   1.76000,
,,,0.374400000000,   1.84000,
,,,0.374800000000,   1.76000,
,,,0.375200000000,   1.76000,
,,,0.375600000000,   1.76000,
,,,0.376000000000,   1.76000,
,,,0.376400000000,   1.76000,
,,,0.376800000000,   1.76000,
,,,0.377200000000,   1.76000,
,,,0.377600000000,   1.76000,
,,,0.378000000000,   1.76000,
,,,0.378400000000,   1.76000,
,,,0.378800000000,   1.76000,
,,,0.379200000000,   1.76000,
,,,0.379600000000,   1.76000,
,,,0.380000000000,   1.76000,
,,,0.380400000000,   1.68000,
,,,0.380800000000,   1.76000,
,,,0.381200000000,   1.68000,
,,,0.381600000000,   1.68000,
,,,0.382000000000,   1.68000,
,,,0.382400000000,   1.68000,
,,,0.382800000000,   1.68000,
,,,0.383200000000,   1.68000,
,,,0.383600000000,   1.68000,
,,,0.384000000000,   1.68000,
,,,0.384400000000,   1.68000,
,,,0.384800000000,   1.68000,
,,,0.385200000000,   1.68000,
,,,0.385600000000,   1.68000,
,,,0.386000000000,   1.68000,
,,,0.386400000000,   1.68000,
,,,0.386800000000,   1.68000,
,,,0.387200000000,   1.68000,
,,,0.387600000000,   1.68000,
,,,0.388000000000,   1.68000,
,,,0.388400000000,   1.68000,
,,,0.388800000000,   1.68000,
,,,0.389200000000,   1.68000,
,,,0.389600000000,   1.68000,
,,,0.390000000000,   1.68000,
,,,0.390400000000,   1.68000,
,,,0.390800000000,   1.68000,
,,,0.391200000000,   1.68000,
,,,0.391600000000,   1.60000,
,,,0.392000000000,   1.68000,
,,,0.392400000000,   1.68000,
,,,0.392800000000,   1.68000,
,,,0.393200000000,   1.60000,
,,,0.393600000000,   1.60000,
,,,0.394000000000,   1.68000,
,,,0.394400000000,   1.68000,
,,,0.394800000000,   1.60000,
,,,0.395200000000,   1.68000,
,,,0.395600000000,   1.60000,
,,,0.396000000000,   1.68000,
,,,0.396400000000,   1.60000,
,,,0.396800000000,   1.60000,
,,,0.397200000000,   1.60000,
,,,0.397600000000,   1.60000,
,,,0.398000000000,   1.60000,
,,,0.398400000000,   1.60000,
,,,0.398800000000,   1.60000,
,,,0.399200000000,   1.60000,
,,,0.399600000000,   1.60000,
,,,0.400000000000,   1.60000,
,,,0.400400000000,   1.60000,
,,,0.400800000000,   1.60000,
,,,0.401200000000,   1.60000,
,,,0.401600000000,   1.60000,
,,,0.402000000000,   1.60000,
,,,0.402400000000,   1.60000,
,,,0.402800000000,   1.60000,
,,,0.403200000000,   1.52000,
,,,0.403600000000,   1.60000,
,,,0.404000000000,   1.60000,
,,,0.404400000000,   1.52000,
,,,0.404800000000,   1.52000,
,,,0.405200000000,   1.52000,
,,,0.405600000000,   1.52000,
,,,0.406000000000,   1.52000,
,,,0.406400000000,   1.52000,
,,,0.406800000000,   1.52000,
,,,0.407200000000,   1.52000,
,,,0.407600000000,   1.52000,
,,,0.408000000000,   1.52000,
,,,0.408400000000,   1.52000,
,,,0.408800000000,   1.52000,
,,,0.409200000000,   1.52000,
,,,0.409600000000,   1.52000,
,,,0.410000000000,   1.52000,
,,,0.410400000000,   1.52000,
,,,0.410800000000,   1.52000,
,,,0.411200000000,   1.52000,
,,,0.411600000000,   1.52000,
,,,0.412000000000,   1.52000,
,,,0.412400000000,   1.52000,
,,,0.412800000000,   1.52000,
,,,0.413200000000,   1.52000,
,,,0.413600000000,   1.52000,
,,,0.414000000000,   1.52000,
,,,0.414400000000,   1.44000,
,,,0.414800000000,   1.52000,
,,,0.415200000000,   1.44000,
,,,0.415600000000,   1.44000,
,,,0.416000000000,   1.52000,
,,,0.416400000000,   1.44000,
,,,0.416800000000,   1.52000,
,,,0.417200000000,   1.44000,
,,,0.417600000000,   1.44000,
,,,0.418000000000,   1.52000,
,,,0.418400000000,   1.52000,
,,,0.418800000000,   1.44000,
,,,0.419200000000,   1.44000,
,,,0.419600000000,   1.44000,
,,,0.420000000000,   1.44000,
,,,0.420400000000,   1.44000,
,,,0.420800000000,   1.44000,
,,,0.421200000000,   1.44000,
,,,0.421600000000,   1.44000,
,,,0.422000000000,   1.44000,
,,,0.422400000000,   1.44000,
,,,0.422800000000,   1.44000,
,,,0.423200000000,   1.44000,
,,,0.423600000000,   1.44000,
,,,0.424000000000,   1.44000,
,,,0.424400000000,   1.44000,
,,,0.424800000000,   1.44000,
,,,0.425200000000,   1.44000,
,,,0.425600000000,   1.44000,
,,,0.426000000000,   1.44000,
,,,0.426400000000,   1.44000,
,,,0.426800000000,   1.44000,
,,,0.427200000000,   1.44000,
,,,0.427600000000,   1.44000,
,,,0.428000000000,   1.44000,
,,,0.428400000000,   1.44000,
,,,0.428800000000,   1.44000,
,,,0.429200000000,   1.44000,
,,,0.429600000000,   1.44000,
,,,0.430000000000,   1.44000,
,,,0.430400000000,   1.44000,
,,,0.430800000000,   1.36000,
,,,0.431200000000,   1.36000,
,,,0.431600000000,   1.36000,
,,,0.432000000000,   1.36000,
,,,0.432400000000,   1.36000,
,,,0.432800000000,   1.44000,
,,,0.433200000000,   1.36000,
,,,0.433600000000,   1.36000,
,,,0.434000000000,   1.36000,
,,,0.434400000000,   1.36000,
,,,0.434800000000,   1.36000,
,,,0.435200000000,   1.36000,
,,,0.435600000000,   1.36000,
,,,0.436000000000,   1.36000,
,,,0.436400000000,   1.36000,
,,,0.436800000000,   1.36000,
,,,0.437200000000,   1.36000,
,,,0.437600000000,   1.36000,
,,,0.438000000000,   1.36000,
,,,0.438400000000,   1.36000,
,,,0.438800000000,   1.28000,
,,,0.439200000000,   1.36000,
,,,0.439600000000,   1.36000,
,,,0.440000000000,   1.36000,
,,,0.440400000000,   1.28000,
,,,0.440800000000,   1.36000,
,,,0.441200000000,   1.28000,
,,,0.441600000000,   1.36000,
,,,0.442000000000,   1.28000,
,,,0.442400000000,   1.36000,
,,,0.442800000000,   1.36000,
,,,0.443200000000,   1.36000,
,,,0.443600000000,   1.28000,
,,,0.444000000000,   1.36000,
,,,0.444400000000,   1.28000,
,,,0.444800000000,   1.28000,
,,,0.445200000000,   1.28000,
,,,0.445600000000,   1.28000,
,,,0.446000000000,   1.28000,
,,,0.446400000000,   1.36000,
,,,0.446800000000,   1.28000,
,,,0.447200000000,   1.28000,
,,,0.447600000000,   1.28000,
,,,0.448000000000,   1.28000,
,,,0.448400000000,   1.28000,
,,,0.448800000000,   1.28000,
,,,0.449200000000,   1.28000,
,,,0.449600000000,   1.28000,
,,,0.450000000000,   1.28000,
,,,0.450400000000,   1.28000,
,,,0.450800000000,   1.28000,
,,,0.451200000000,   1.28000,
,,,0.451600000000,   1.28000,
,,,0.452000000000,   1.28000,
,,,0.452400000000,   1.28000,
,,,0.452800000000,   1.28000,
,,,0.453200000000,   1.28000,
,,,0.453600000000,   1.28000,
,,,0.454000000000,   1.20000,
,,,0.454400000000,   1.20000,
,,,0.454800000000,   1.20000,
,,,0.455200000000,   1.28000,
,,,0.455600000000,   1.28000,
,,,0.456000000000,   1.28000,
,,,0.456400000000,   1.28000,
,,,0.456800000000,   1.20000,
,,,0.457200000000,   1.28000,
,,,0.457600000000,   1.28000,
,,,0.458000000000,   1.20000,
,,,0.458400000000,   1.28000,
,,,0.458800000000,   1.20000,
,,,0.459200000000,   1.20000,
,,,0.459600000000,   1.20000,
,,,0.460000000000,   1.20000,
,,,0.460400000000,  -2.08000,
,,,0.460800000000,  -2.00000,
,,,0.461200000000,  -2.00000,
,,,0.461600000000,  -2.00000,
,,,0.462000000000,  -2.00000,
,,,0.462400000000,  -2.00000,
,,,0.462800000000,  -2.08000,
,,,0.463200000000,  -2.00000,
,,,0.463600000000,  -2.00000,
,,,0.464000000000,  -2.00000,
,,,0.464400000000,  -2.00000,
,,,0.464800000000,  -2.00000,
,,,0.465200000000,  -2.08000,
,,,0.465600000000,  -2.00000,
,,,0.466000000000,  -2.00000,
,,,0.466400000000,  -2.00000,
,,,0.466800000000,  -2.00000,
,,,0.467200000000,  -2.00000,
,,,0.467600000000,  -2.00000,
,,,0.468000000000,  -2.00000,
,,,0.468400000000,  -2.00000,
,,,0.468800000000,  -2.00000,
,,,0.469200000000,  -2.00000,
,,,0.469600000000,  -2.00000,
,,,0.470000000000,  -2.00000,
,,,0.470400000000,  -2.00000,
,,,0.470800000000,  -2.00000,
,,,0.471200000000,  -2.00000,
,,,0.471600000000,  -2.00000,
,,,0.472000000000,  -2.00000,
,,,0.472400000000,  -2.00000,
,,,0.472800000000,  -2.00000,
,,,0.473200000000,  -2.00000,
,,,0.473600000000,  -2.00000,
,,,0.474000000000,  -2.00000,
,,,0.474400000000,  -2.00000,
,,,0.474800000000,  -1.92000,
,,,0.475200000000,  -2.00000,
,,,0.475600000000,  -2.00000,
,,,0.476000000000,  -1.92000,
,,,0.476400000000,  -1.92000,
,,,0.476800000000,  -1.92000,
,,,0.477200000000,  -1.92000,
,,,0.477600000000,  -1.92000,
,,,0.478000000000,  -1.92000,
,,,0.478400000000,  -1.92000,
,,,0.478800000000,  -1.92000,
,,,0.479200000000,  -1.92000,
,,,0.479600000000,  -1.92000,
,,,0.480000000000,  -1.92000,
,,,0.480400000000,  -1.92000,
,,,0.480800000000,  -1.92000,
,,,0.481200000000,  -1.92000,
,,,0.481600000000,  -1.92000,
,,,0.482000000000,  -1.92000,
,,,0.482400000000,  -1.92000,
,,,0.482800000000,  -1.92000,
,,,0.483200000000,  -1.92000,
,,,0.483600000000,  -1.92000,
,,,0.484000000000,  -1.92000,
,,,0.484400000000,  -1.92000,
,,,0.484800000000,  -1.92000,
,,,0.485200000000,  -1.92000,
,,,0.485600000000,  -1.92000,
,,,0.486000000000,  -1.84000,
,,,0.486400000000,  -1.92000,
,,,0.486800000000,  -1.84000,
,,,0.487200000000,  -1.84000,
,,,0.487600000000,  -1.84000,
,,,0.488000000000,  -1.92000,
,,,0.488400000000,  -1.84000,
,,,0.488800000000,  -1.84000,
,,,0.489200000000,  -1.84000,
,,,0.489600000000,  -1.84000,
,,,0.490000000000,  -1.84000,
,,,0.490400000000,  -1.84000,
,,,0.490800000000,  -1.84000,
,,,0.491200000000,  -1.84000,
,,,0.491600000000,  -1.84000,
,,,0.492000000000,  -1.84000,
,,,0.492400000000,  -1.84000,
,,,0.492800000000,  -1.84000,
,,,0.493200000000,  -1.76000,
,,,0.493600000000,  -1.84000,
,,,0.494000000000,  -1.84000,
,,,0.494400000000,  -1.84000,
,,,0.494800000000,  -1.76000,
,,,0.495200000000,  -1.76000,
,,,0.495600000000,  -1.76000,
,,,0.496000000000,  -1.76000,
,,,0.496400000000,  -1.76000,
,,,0.496800000000,  -1.84000,
,,,0.497200000000,  -1.76000,
,,,0.497600000000,  -1.76000,
,,,0.498000000000,  -1.76000,
,,,0.498400000000,  -1.76000,
,,,0.498800000000,  -1.76000,
,,,0.499200000000,  -1.76000,
,,,0.499600000000,  -1.76000,
,,,0.500000000000,  -1.76000,
,,,0.500400000000,  -1.68000,
,,,0.500800000000,  -1.76000,
,,,0.501200000000,  -1.76000,
,,,0.501600000000,  -1.68000,
,,,0.502000000000,  -1.76000,
,,,0.502400000000,  -1.76000,
,,,0.502800000000,  -1.68000,
,,,0.503200000000,  -1.68000,
,,,0.503600000000,  -1.76000,
,,,0.504000000000,  -1.68000,
,,,0.504400000000,  -1.68000,
,,,0.504800000000,  -1.68000,
,,,0.505200000000,  -1.68000,
,,,0.505600000000,  -1.68000,
,,,0.506000000000,  -1.68000,
,,,0.506400000000,  -1.68000,
,,,0.506800000000,  -1.68000,
,,,0.507200000000,  -1.68000,
,,,0.507600000000,  -1.68000,
,,,0.508000000000,  -1.68000,
,,,0.508400000000,  -1.68000,
,,,0.508800000000,  -1.68000,
,,,0.509200000000,  -1.68000,
,,,0.509600000000,  -1.68000,
,,,0.510000000000,  -1.68000,
,,,0.510400000000,  -1.68000,
,,,0.510800000000,  -1.68000,
,,,0.511200000000,  -1.68000,
,,,0.511600000000,  -1.68000,
,,,0.512000000000,  -1.60000,
,,,0.512400000000,  -1.68000,
,,,0.512800000000,  -1.68000,
,,,0.513200000000,  -1.68000,
,,,0.513600000000,  -1.68000,
,,,0.514000000000,  -1.60000,
,,,0.514400000000,  -1.60000,
,,,0.514800000000,  -1.60000,
,,,0.515200000000,  -1.68000,
,,,0.515600000000,  -1.68000,
,,,0.516000000000,  -1.60000,
,,,0.516400000000,  -1.60000,
,,,0.516800000000,  -1.60000,
,,,0.517200000000,  -1.60000,
,,,0.517600000000,  -1.60000,
,,,0.518000000000,  -1.60000,
,,,0.518400000000,  -1.60000,
,,,0.518800000000,  -1.60000,
,,,0.519200000000,  -1.60000,
,,,0.519600000000,  -1.60000,
,,,0.520000000000,  -1.60000,
,,,0.520400000000,  -1.60000,
,,,0.520800000000,  -1.60000,
,,,0.521200000000,  -1.60000,
,,,0.521600000000,  -1.60000,
,,,0.522000000000,  -1.52000,
,,,0.522400000000,  -1.60000,
,,,0.522800000000,  -1.60000,
,,,0.523200000000,  -1.52000,
,,,0.523600000000,  -1.60000,
,,,0.524000000000,  -1.52000,
,,,0.524400000000,  -1.60000,
,,,0.524800000000,  -1.52000,
,,,0.525200000000,  -1.52000,
,,,0.525600000000,  -1.52000,
,,,0.526000000000,  -1.52000,
,,,0.526400000000,  -1.52000,
,,,0.526800000000,  -1.52000,
,,,0.527200000000,  -1.52000,
,,,0.527600000000,  -1.52000,
,,,0.528000000000,  -1.52000,
,,,0.528400000000,  -1.52000,
,,,0.528800000000,  -1.52000,
,,,0.529200000000,  -1.52000,
,,,0.529600000000,  -1.52000,
,,,0.530000000000,  -1.52000,
,,,0.530400000000,  -1.52000,
,,,0.530800000000,  -1.52000,
,,,0.531200000000,  -1.52000,
,,,0.531600000000,  -1.52000,
,,,0.532000000000,  -1.44000,
,,,0.532400000000,  -1.44000,
,,,0.532800000000,  -1.52000,
,,,0.533200000000,  -1.44000,
,,,0.533600000000,  -1.44000,
,,,0.534000000000,  -1.52000,
,,,0.534400000000,  -1.44000,
,,,0.534800000000,  -1.44000,
,,,0.535200000000,  -1.52000,
,,,0.535600000000,  -1.44000,
,,,0.536000000000,  -1.44000,
,,,0.536400000000,  -1.44000,
,,,0.536800000000,  -1.44000,
,,,0.537200000000,  -1.44000,
,,,0.537600000000,  -1.44000,
,,,0.538000000000,  -1.44000,
,,,0.538400000000,  -1.44000,
,,,0.538800000000,  -1.44000,
,,,0.539200000000,  -1.44000,
,,,0.539600000000,  -1.44000,
,,,0.540000000000,  -1.44000,
,,,0.540400000000,  -1.44000,
,,,0.540800000000,  -1.44000,
,,,0.541200000000,  -1.44000,
,,,0.541600000000,  -1.36000,
,,,0.542000000000,  -1.44000,
,,,0.542400000000,  -1.44000,
,,,0.542800000000,  -1.44000,
,,,0.543200000000,  -1.44000,
,,,0.543600000000,  -1.36000,
,,,0.544000000000,  -1.44000,
,,,0.544400000000,  -1.44000,
,,,0.544800000000,  -1.44000,
,,,0.545200000000,  -1.44000,
,,,0.545600000000,  -1.36000,
,,,0.546000000000,  -1.44000,
,,,0.546400000000,  -1.36000,
,,,0.546800000000,  -1.44000,
,,,0.547200000000,  -1.44000,
,,,0.547600000000,  -1.44000,
,,,0.548000000000,  -1.36000,
,,,0.548400000000,  -1.36000,
,,,0.548800000000,  -1.36000,
,,,0.549200000000,  -1.36000,
,,,0.549600000000,  -1.36000,
,,,0.550000000000,  -1.36000,
,,,0.550400000000,  -1.36000,
,,,0.550800000000,  -1.36000,
,,,0.551200000000,  -1.36000,
,,,0.551600000000,  -1.36000,
,,,0.552000000000,  -1.36000,
,,,0.552400000000,  -1.36000,
,,,0.552800000000,  -1.36000,
,,,0.553200000000,  -1.36000,
,,,0.553600000000,  -1.36000,
,,,0.554000000000,  -1.36000,
,,,0.554400000000,  -1.36000,
,,,0.554800000000,  -1.36000,
,,,0.555200000000,  -1.36000,
,,,0.555600000000,  -1.36000,
,,,0.556000000000,  -1.36000,
,,,0.556400000000,  -1.36000,
,,,0.556800000000,  -1.36000,
,,,0.557200000000,  -1.36000,
,,,0.557600000000,  -1.28000,
,,,0.558000000000,  -1.36000,
,,,0.558400000000,  -1.28000,
,,,0.558800000000,  -1.28000,
,,,0.559200000000,  -1.28000,
,,,0.559600000000,  -1.36000,
,,,0.560000000000,  -1.36000,
,,,0.560400000000,  -1.28000,
,,,0.560800000000,  -1.28000,
,,,0.561200000000,  -1.28000,
,,,0.561600000000,  -1.28000,
,,,0.562000000000,  -1.28000,
,,,0.562400000000,  -1.28000,
,,,0.562800000000,  -1.28000,
,,,0.563200000000,  -1.28000,
,,,0.563600000000,  -1.28000,
,,,0.564000000000,  -1.28000,
,,,0.564400000000,  -1.28000,
,,,0.564800000000,  -1.28000,
,,,0.565200000000,  -1.28000,
,,,0.565600000000,  -1.28000,
,,,0.566000000000,  -1.28000,
,,,0.566400000000,  -1.28000,
,,,0.566800000000,  -1.28000,
,,,0.567200000000,  -1.28000,
,,,0.567600000000,  -1.28000,
,,,0.568000000000,  -1.20000,
,,,0.568400000000,  -1.28000,
,,,0.568800000000,  -1.28000,
,,,0.569200000000,  -1.28000,
,,,0.569600000000,  -1.28000,
,,,0.570000000000,  -1.28000,
,,,0.570400000000,  -1.20000,
,,,0.570800000000,  -1.20000,
,,,0.571200000000,  -1.28000,
,,,0.571600000000,  -1.28000,
,,,0.572000000000,  -1.20000,
,,,0.572400000000,  -1.28000,
,,,0.572800000000,  -1.28000,
,,,0.573200000000,  -1.20000,
,,,0.573600000000,  -1.28000,
,,,0.574000000000,  -1.20000,
,,,0.574400000000,  -1.20000,
,,,0.574800000000,  -1.20000,
,,,0.575200000000,  -1.20000,
,,,0.575600000000,  -1.28000,
,,,0.576000000000,  -1.20000,
,,,0.576400000000,  -1.20000,
,,,0.576800000000,  -1.20000,
,,,0.577200000000,  -1.20000,
,,,0.577600000000,  -1.20000,
,,,0.578000000000,  -1.20000,
,,,0.578400000000,  -1.20000,
,,,0.578800000000,  -1.20000,
,,,0.579200000000,  -1.20000,
,,,0.579600000000,  -1.20000,
,,,0.580000000000,  -1.20000,
,,,0.580400000000,  -1.20000,
,,,0.580800000000,  -1.20000,
,,,0.581200000000,  -1.20000,
,,,0.581600000000,  -1.20000,
,,,0.582000000000,  -1.20000,
,,,0.582400000000,  -1.20000,
,,,0.582800000000,  -1.20000,
,,,0.583200000000,  -1.20000,
,,,0.583600000000,  -1.20000,
,,,0.584000000000,  -1.20000,
,,,0.584400000000,  -1.20000,
,,,0.584800000000,  -1.20000,
,,,0.585200000000,   2.08000,
,,,0.585600000000,   2.08000,
,,,0.586000000000,   2.08000,
,,,0.586400000000,   2.08000,
,,,0.586800000000,   2.08000,
,,,0.587200000000,   2.08000,
,,,0.587600000000,   2.16000,
,,,0.588000000000,   2.16000,
,,,0.588400000000,   2.08000,
,,,0.588800000000,   2.08000,
,,,0.589200000000,   2.08000,
,,,0.589600000000,   2.08000,
,,,0.590000000000,   2.16000,
,,,0.590400000000,   2.08000,
,,,0.590800000000,   2.08000,
,,,0.591200000000,   2.08000,
,,,0.591600000000,   2.08000,
,,,0.592000000000,   2.08000,
,,,0.592400000000,   2.08000,
,,,0.592800000000,   2.00000,
,,,0.593200000000,   2.08000,
,,,0.593600000000,   2.08000,
,,,0.594000000000,   2.00000,
,,,0.594400000000,   2.08000,
,,,0.594800000000,   2.08000,
,,,0.595200000000,   2.00000,
,,,0.595600000000,   2.08000,
,,,0.596000000000,   2.00000,
,,,0.596400000000,   2.00000,
,,,0.596800000000,   2.00000,
,,,0.597200000000,   2.00000,
,,,0.597600000000,   2.00000,
,,,0.598000000000,   2.00000,
,,,0.598400000000,   2.00000,
,,,0.598800000000,   2.00000,
,,,0.599200000000,   2.00000,
,,,0.599600000000,   2.00000,
,,,0.600000000000,   2.00000,
,,,0.600400000000,   2.00000,
,,,0.600800000000,   2.00000,
,,,0.601200000000,   1.92000,
,,,0.601600000000,   2.00000,
,,,0.602000000000,   2.00000,
,,,0.602400000000,   2.00000,
,,,0.602800000000,   2.00000,
,,,0.603200000000,   1.92000,
,,,0.603600000000,   2.00000,
,,,0.604000000000,   1.92000,
,,,0.604400000000,   1.92000,
,,,0.604800000000,   1.92000,
,,,0.605200000000,   1.92000,
,,,0.605600000000,   2.00000,
,,,0.606000000000,   1.92000,
,,,0.606400000000,   1.92000,
,,,0.606800000000,   1.92000,
,,,0.607200000000,   1.92000,
,,,0.607600000000,   1.92000,
,,,0.608000000000,   1.92000,
,,,0.608400000000,   1.92000,
,,,0.608800000000,   1.92000,
,,,0.609200000000,   1.92000,
,,,0.609600000000,   1.92000,
,,,0.610000000000,   1.92000,
,,,0.610400000000,   1.92000,
,,,0.610800000000,   1.92000,
,,,0.611200000000,   1.92000,
,,,0.611600000000,   1.92000,
,,,0.612000000000,   1.92000,
,,,0.612400000000,   1.92000,
,,,0.612800000000,   1.92000,
,,,0.613200000000,   1.92000,
,,,0.613600000000,   1.84000,
,,,0.614000000000,   1.92000,
,,,0.614400000000,   1.92000,
,,,0.614800000000,   1.84000,
,,,0.615200000000,   1.84000,
,,,0.615600000000,   1.84000,
,,,0.616000000000,   1.84000,
,,,0.616400000000,   1.92000,
,,,0.616800000000,   1.84000,
,,,0.617200000000,   1.84000,
,,,0.617600000000,   1.84000,
,,,0.618000000000,   1.92000,
,,,0.618400000000,   1.84000,
,,,0.618800000000,   1.84000,
,,,0.619200000000,   1.84000,
,,,0.619600000000,   1.84000,
,,,0.620000000000,   1.84000,
,,,0.620400000000,   1.84000,
,,,0.620800000000,   1.84000,
,,,0.621200000000,   1.76000,
,,,0.621600000000,   1.84000,
,,,0.622000000000,   1.76000,
,,,0.622400000000,   1.76000,
,,,0.622800000000,   1.84000,
,,,0.623200000000,   1.76000,
,,,0.623600000000,   1.76000,
,,,0.624000000000,   1.84000,
,,,0.624400000000,   1.76000,
,,,0.624800000000,   1.76000,
,,,0.625200000000,   1.76000,
,,,0.625600000000,   1.76000,
,,,0.626000000000,   1.76000,
,,,0.626400000000,   1.76000,
,,,0.626800000000,   1.76000,
,,,0.627200000000,   1.76000,
,,,0.627600000000,   1.76000,
,,,0.628000000000,   1.76000,
,,,0.628400000000,   1.68000,
,,,0.628800000000,   1.76000,
,,,0.629200000000,   1.76000,
,,,0.629600000000,   1.76000,
,,,0.630000000000,   1.76000,
,,,0.630400000000,   1.76000,
,,,0.630800000000,   1.68000,
,,,0.631200000000,   1.68000,
,,,0.631600000000,   1.68000,
,,,0.632000000000,   1.68000,
,,,0.632400000000,   1.68000,
,,,0.632800000000,   1.76000,
,,,0.633200000000,   1.68000,
,,,0.633600000000,   1.76000,
,,,0.634000000000,   1.68000,
,,,0.634400000000,   1.68000,
,,,0.634800000000,   1.68000,
,,,0.635200000000,   1.68000,
,,,0.635600000000,   1.68000,
,,,0.636000000000,   1.68000,
,,,0.636400000000,   1.68000,
,,,0.636800000000,   1.68000,
,,,0.637200000000,   1.68000,
,,,0.637600000000,   1.68000,
,,,0.638000000000,   1.68000,
,,,0.638400000000,   1.68000,
,,,0.638800000000,   1.68000,
,,,0.639200000000,   1.68000,
,,,0.639600000000,   1.68000,
,,,0.640000000000,   1.68000,
,,,0.640400000000,   1.68000,
,,,0.640800000000,   1.68000,
,,,0.641200000000,   1.68000,
,,,0.641600000000,   1.68000,
,,,0.642000000000,   1.68000,
,,,0.642400000000,   1.60000,
,,,0.642800000000,   1.60000,
,,,0.643200000000,   1.60000,
,,,0.643600000000,   1.68000,
,,,0.644000000000,   1.68000,
,,,0.644400000000,   1.60000,
,,,0.644800000000,   1.60000,
,,,0.645200000000,   1.60000,
,,,0.645600000000,   1.60000,
,,,0.646000000000,   1.60000,
,,,0.646400000000,   1.60000,
,,,0.646800000000,   1.60000,
,,,0.647200000000,   1.60000,
,,,0.647600000000,   1.60000,
,,,0.648000000000,   1.60000,
,,,0.648400000000,   1.60000,
,,,0.648800000000,   1.60000,
,,,0.649200000000,   1.60000,
,,,0.649600000000,   1.60000,
,,,0.650000000000,   1.60000,
,,,0.650400000000,   1.60000,
,,,0.650800000000,   1.60000,
,,,0.651200000000,   1.60000,
,,,0.651600000000,   1.60000,
,,,0.652000000000,   1.52000,
,,,0.652400000000,   1.60000,
,,,0.652800000000,   1.60000,
,,,0.653200000000,   1.52000,
,,,0.653600000000,   1.60000,
,,,0.654000000000,   1.52000,
,,,0.654400000000,   1.52000,
,,,0.654800000000,   1.52000,
,,,0.655200000000,   1.52000,
,,,0.655600000000,   1.52000,
,,,0.656000000000,   1.52000,
,,,0.656400000000,   1.52000,
,,,0.656800000000,   1.52000,
,,,0.657200000000,   1.52000,
,,,0.657600000000,   1.52000,
,,,0.658000000000,   1.52000,
,,,0.658400000000,   1.52000,
,,,0.658800000000,   1.52000,
,,,0.659200000000,   1.52000,
,,,0.659600000000,   1.52000,
,,,0.660000000000,   1.52000,
,,,0.660400000000,   1.52000,
,,,0.660800000000,   1.52000,
,,,0.661200000000,   1.52000,
,,,0.661600000000,   1.52000,
,,,0.662000000000,   1.52000,
,,,0.662400000000,   1.52000,
,,,0.662800000000,   1.52000,
,,,0.663200000000,   1.52000,
,,,0.663600000000,   1.52000,
,,,0.664000000000,   1.52000,
,,,0.664400000000,   1.52000,
,,,0.664800000000,   1.44000,
,,,0.665200000000,   1.52000,
,,,0.665600000000,   1.52000,
,,,0.666000000000,   1.44000,
,,,0.666400000000,   1.44000,
,,,0.666800000000,   1.44000,
,,,0.667200000000,   1.44000,
,,,0.667600000000,   1.52000,
,,,0.668000000000,   1.44000,
,,,0.668400000000,   1.44000,
,,,0.668800000000,   1.44000,
,,,0.669200000000,   1.52000,
,,,0.669600000000,   1.44000,
,,,0.670000000000,   1.44000,
,,,0.670400000000,   1.44000,
,,,0.670800000000,   1.44000,
,,,0.671200000000,   1.44000,
,,,0.671600000000,   1.44000,
,,,0.672000000000,   1.44000,
,,,0.672400000000,   1.44000,
,,,0.672800000000,   1.44000,
,,,0.673200000000,   1.44000,
,,,0.673600000000,   1.44000,
,,,0.674000000000,   1.44000,
,,,0.674400000000,   1.44000,
,,,0.674800000000,   1.44000,
,,,0.675200000000,   1.44000,
,,,0.675600000000,   1.44000,
,,,0.676000000000,   1.44000,
,,,0.676400000000,   1.44000,
,,,0.676800000000,   1.44000,
,,,0.677200000000,   1.44000,
,,,0.677600000000,   1.36000,
,,,0.678000000000,   1.44000,
,,,0.678400000000,   1.44000,
,,,0.678800000000,   1.36000,
,,,0.679200000000,   1.44000,
,,,0.679600000000,   1.44000,
,,,0.680000000000,   1.44000,
,,,0.680400000000,   1.36000,
,,,0.680800000000,   1.44000,
,,,0.681200000000,   1.44000,
,,,0.681600000000,   1.44000,
,,,0.682000000000,   1.36000,
,,,0.682400000000,   1.36000,
,,,0.682800000000,   1.44000,
,,,0.683200000000,   1.36000,
,,,0.683600000000,   1.36000,
,,,0.684000000000,   1.36000,
,,,0.684400000000,   1.36000,
,,,0.684800000000,   1.36000,
,,,0.685200000000,   1.36000,
,,,0.685600000000,   1.36000,
,,,0.686000000000,   1.36000,
,,,0.686400000000,   1.36000,
,,,0.686800000000,   1.36000,
,,,0.687200000000,   1.36000,
,,,0.687600000000,   1.36000,
,,,0.688000000000,   1.36000,
,,,0.688400000000,   1.36000,
,,,0.688800000000,   1.36000,
,,,0.689200000000,   1.36000,
,,,0.689600000000,   1.36000,
,,,0.690000000000,   1.36000,
,,,0.690400000000,   1.36000,
,,,0.690800000000,   1.36000,
,,,0.691200000000,   1.36000,
,,,0.691600000000,   1.36000,
,,,0.692000000000,   1.28000,
,,,0.692400000000,   1.28000,
,,,0.692800000000,   1.28000,
,,,0.693200000000,   1.36000,
,,,0.693600000000,   1.36000,
,,,0.694000000000,   1.36000,
,,,0.694400000000,   1.28000,
,,,0.694800000000,   1.36000,
,,,0.695200000000,   1.28000,
,,,0.695600000000,   1.36000,
,,,0.696000000000,   1.28000,
,,,0.696400000000,   1.28000,
,,,0.696800000000,   1.36000,
,,,0.697200000000,   1.28000,
,,,0.697600000000,   1.28000,
,,,0.698000000000,   1.28000,
,,,0.698400000000,   1.28000,
,,,0.698800000000,   1.28000,
,,,0.699200000000,   1.28000,
,,,0.699600000000,   1.28000,
,,,0.700000000000,   1.28000,
,,,0.700400000000,   1.28000,
,,,0.700800000000,   1.28000,
,,,0.701200000000,   1.28000,
,,,0.701600000000,   1.28000,
,,,0.702000000000,   1.28000,
,,,0.702400000000,   1.28000,
,,,0.702800000000,   1.28000,
,,,0.703200000000,   1.28000,
,,,0.703600000000,   1.28000,
,,,0.704000000000,   1.20000,
,,,0.704400000000,   1.20000,
,,,0.704800000000,   1.28000,
,,,0.705200000000,   1.20000,
,,,0.705600000000,   1.20000,
,,,0.706000000000,   1.28000,
,,,0.706400000000,   1.20000,
,,,0.706800000000,   1.28000,
,,,0.707200000000,   1.20000,
,,,0.707600000000,   1.20000,
,,,0.708000000000,   1.20000,
,,,0.708400000000,   1.20000,
,,,0.708800000000,   1.20000,
,,,0.709200000000,   1.20000,
,,,0.709600000000,   1.20000,
,,,0.710000000000,   1.20000,
,,,0.710400000000,  -2.08000,
,,,0.710800000000,  -2.00000,
,,,0.711200000000,  -2.00000,
,,,0.711600000000,  -2.00000,
,,,0.712000000000,  -2.00000,
,,,0.712400000000,  -2.08000,
,,,0.712800000000,  -2.00000,
,,,0.713200000000,  -2.00000,
,,,0.713600000000,  -2.00000,
,,,0.714000000000,  -2.00000,
,,,0.714400000000,  -2.00000,
,,,0.714800000000,  -2.00000,
,,,0.715200000000,  -2.00000,
,,,0.715600000000,  -2.00000,
,,,0.716000000000,  -2.00000,
,,,0.716400000000,  -2.00000,
,,,0.716800000000,  -2.00000,
,,,0.717200000000,  -2.00000,
,,,0.717600000000,  -2.00000,
,,,0.718000000000,  -2.00000,
,,,0.718400000000,  -2.00000,
,,,0.718800000000,  -2.00000,
,,,0.719200000000,  -2.00000,
,,,0.719600000000,  -2.00000,
,,,0.720000000000,  -2.00000,
,,,0.720400000000,  -2.00000,
,,,0.720800000000,  -2.00000,
,,,0.721200000000,  -2.00000,
,,,0.721600000000,  -2.00000,
,,,0.722000000000,  -2.00000,
,,,0.722400000000,  -2.00000,
,,,0.722800000000,  -2.00000,
,,,0.723200000000,  -2.00000,
,,,0.723600000000,  -2.00000,
,,,0.724000000000,  -2.00000,
,,,0.724400000000,  -2.00000,
,,,0.724800000000,  -2.00000,
,,,0.725200000000,  -2.00000,
,,,0.725600000000,  -1.92000,
,,,0.726000000000,  -1.92000,
,,,0.726400000000,  -1.92000,
,,,0.726800000000,  -1.92000,
,,,0.727200000000,  -2.00000,
,,,0.727600000000,  -1.92000,
,,,0.728000000000,  -2.00000,
,,,0.728400000000,  -1.92000,
,,,0.728800000000,  -1.92000,
,,,0.729200000000,  -1.92000,
,,,0.729600000000,  -1.92000,
,,,0.730000000000,  -1.92000,
,,,0.730400000000,  -1.92000,
,,,0.730800000000,  -1.92000,
,,,0.731200000000,  -1.92000,
,,,0.731600000000,  -1.92000,
,,,0.732000000000,  -1.92000,
,,,0.732400000000,  -1.92000,
,,,0.732800000000,  -1.92000,
,,,0.733200000000,  -1.92000,
,,,0.733600000000,  -1.84000,
,,,0.734000000000,  -1.92000,
,,,0.734400000000,  -1.92000,
,,,0.734800000000,  -1.84000,
,,,0.735200000000,  -1.92000,
,,,0.735600000000,  -1.92000,
,,,0.736000000000,  -1.84000,
,,,0.736400000000,  -1.92000,
,,,0.736800000000,  -1.84000,
,,,0.737200000000,  -1.92000,
,,,0.737600000000,  -1.84000,
,,,0.738000000000,  -1.84000,
,,,0.738400000000,  -1.84000,
,,,0.738800000000,  -1.84000,
,,,0.739200000000,  -1.92000,
,,,0.739600000000,  -1.92000,
,,,0.740000000000,  -1.84000,
,,,0.740400000000,  -1.84000,
,,,0.740800000000,  -1.84000,
,,,0.741200000000,  -1.84000,
,,,0.741600000000,  -1.84000,
,,,0.742000000000,  -1.84000,
,,,0.742400000000,  -1.84000,
,,,0.742800000000,  -1.84000,
,,,0.743200000000,  -1.76000,
,,,0.743600000000,  -1.84000,
,,,0.744000000000,  -1.76000,
,,,0.744400000000,  -1.76000,
,,,0.744800000000,  -1.84000,
,,,0.745200000000,  -1.76000,
,,,0.745600000000,  -1.76000,
,,,0.746000000000,  -1.76000,
,,,0.746400000000,  -1.84000,
,,,0.746800000000,  -1.76000,
,,,0.747200000000,  -1.76000,
,,,0.747600000000,  -1.76000,
,,,0.748000000000,  -1.76000,
,,,0.748400000000,  -1.76000,
,,,0.748800000000,  -1.76000,
,,,0.749200000000,  -1.76000,
,,,0.749600000000,  -1.76000,
,,,0.750000000000,  -1.76000,
,,,0.750400000000,  -1.68000,
,,,0.750800000000,  -1.76000,
,,,0.751200000000,  -1.76000,
,,,0.751600000000,  -1.76000,
,,,0.752000000000,  -1.76000,
,,,0.752400000000,  -1.68000,
,,,0.752800000000,  -1.68000,
,,,0.753200000000,  -1.76000,
,,,0.753600000000,  -1.68000,
,,,0.754000000000,  -1.76000,
,,,0.754400000000,  -1.68000,
,,,0.754800000000,  -1.68000,
,,,0.755200000000,  -1.68000,
,,,0.755600000000,  -1.68000,
,,,0.756000000000,  -1.68000,
,,,0.756400000000,  -1.68000,
,,,0.756800000000,  -1.68000,
,,,0.757200000000,  -1.68000,
,,,0.757600000000,  -1.68000,
,,,0.758000000000,  -1.68000,
,,,0.758400000000,  -1.68000,
,,,0.758800000000,  -1.68000,
,,,0.759200000000,  -1.68000,
,,,0.759600000000,  -1.68000,
,,,0.760000000000,  -1.68000,
,,,0.760400000000,  -1.68000,
,,,0.760800000000,  -1.68000,
,,,0.761200000000,  -1.68000,
,,,0.761600000000,  -1.68000,
,,,0.762000000000,  -1.60000,
,,,0.762400000000,  -1.68000,
,,,0.762800000000,  -1.68000,
,,,0.763200000000,  -1.68000,
,,,0.763600000000,  -1.60000,
,,,0.764000000000,  -1.68000,
,,,0.764400000000,  -1.68000,
,,,0.764800000000,  -1.60000,
,,,0.765200000000,  -1.68000,
,,,0.765600000000,  -1.60000,
,,,0.766000000000,  -1.68000,
,,,0.766400000000,  -1.60000,
,,,0.766800000000,  -1.60000,
,,,0.767200000000,  -1.60000,
,,,0.767600000000,  -1.60000,
,,,0.768000000000,  -1.60000,
,,,0.768400000000,  -1.60000,
,,,0.768800000000,  -1.60000,
,,,0.769200000000,  -1.60000,
,,,0.769600000000,  -1.60000,
,,,0.770000000000,  -1.60000,
,,,0.770400000000,  -1.60000,
,,,0.770800000000,  -1.60000,
,,,0.771200000000,  -1.60000,
,,,0.771600000000,  -1.60000,
,,,0.772000000000,  -1.60000,
,,,0.772400000000,  -1.60000,
,,,0.772800000000,  -1.52000,
,,,0.773200000000,  -1.52000,
,,,0.773600000000,  -1.52000,
,,,0.774000000000,  -1.52000,
,,,0.774400000000,  -1.60000,
,,,0.774800000000,  -1.60000,
,,,0.775200000000,  -1.52000,
,,,0.775600000000,  -1.52000,
,,,0.776000000000,  -1.52000,
,,,0.776400000000,  -1.52000,
,,,0.776800000000,  -1.52000,
,,,0.777200000000,  -1.52000,
,,,0.777600000000,  -1.52000,
,,,0.778000000000,  -1.52000,
,,,0.778400000000,  -1.52000,
,,,0.778800000000,  -1.52000,
,,,0.779200000000,  -1.52000,
,,,0.779600000000,  -1.52000,
,,,0.780000000000,  -1.52000,
,,,0.780400000000,  -1.52000,
,,,0.780800000000,  -1.52000,
,,,0.781200000000,  -1.52000,
,,,0.781600000000,  -1.52000,
,,,0.782000000000,  -1.52000,
,,,0.782400000000,  -1.44000,
,,,0.782800000000,  -1.52000,
,,,0.783200000000,  -1.44000,
,,,0.783600000000,  -1.44000,
,,,0.784000000000,  -1.44000,
,,,0.784400000000,  -1.44000,
,,,0.784800000000,  -1.44000,
,,,0.785200000000,  -1.44000,
,,,0.785600000000,  -1.52000,
,,,0.786000000000,  -1.44000,
,,,0.786400000000,  -1.44000,
,,,0.786800000000,  -1.52000,
,,,0.787200000000,  -1.44000,
,,,0.787600000000,  -1.44000,
,,,0.788000000000,  -1.44000,
,,,0.788400000000,  -1.44000,
,,,0.788800000000,  -1.44000,
,,,0.789200000000,  -1.44000,
,,,0.789600000000,  -1.44000,
,,,0.790000000000,  -1.44000,
,,,0.790400000000,  -1.44000,
,,,0.790800000000,  -1.44000,
,,,0.791200000000,  -1.44000,
,,,0.791600000000,  -1.44000,
,,,0.792000000000,  -1.44000,
,,,0.792400000000,  -1.44000,
,,,0.792800000000,  -1.44000,
,,,0.793200000000,  -1.44000,
,,,0.793600000000,  -1.36000,
,,,0.794000000000,  -1.44000,
,,,0.794400000000,  -1.44000,
,,,0.794800000000,  -1.44000,
,,,0.795200000000,  -1.36000,
,,,0.795600000000,  -1.36000,
,,,0.796000000000,  -1.44000,
,,,0.796400000000,  -1.36000,
,,,0.796800000000,  -1.44000,
,,,0.797200000000,  -1.36000,
,,,0.797600000000,  -1.44000,
,,,0.798000000000,  -1.36000,
,,,0.798400000000,  -1.36000,
,,,0.798800000000,  -1.44000,
,,,0.799200000000,  -1.36000,
,,,0.799600000000,  -1.36000,
,,,0.800000000000,  -1.36000,
,,,0.800400000000,  -1.44000,
,,,0.800800000000,  -1.44000,
,,,0.801200000000,  -1.36000,
,,,0.801600000000,  -1.36000,
,,,0.802000000000,  -1.36000,
,,,0.802400000000,  -1.36000,
,,,0.802800000000,  -1.36000,
,,,0.803200000000,  -1.36000,
,,,0.803600000000,  -1.36000,
,,,0.804000000000,  -1.36000,
,,,0.804400000000,  -1.36000,
,,,0.804800000000,  -1.36000,
,,,0.805200000000,  -1.36000,
,,,0.805600000000,  -1.36000,
,,,0.806000000000,  -1.28000,
,,,0.806400000000,  -1.36000,
,,,0.806800000000,  -1.36000,
,,,0.807200000000,  -1.36000,
,,,0.807600000000,  -1.28000,
,,,0.808000000000,  -1.28000,
,,,0.808400000000,  -1.36000,
,,,0.808800000000,  -1.28000,
,,,0.809200000000,  -1.36000,
,,,0.809600000000,  -1.28000,
,,,0.810000000000,  -1.28000,
,,,0.810400000000,  -1.28000,
,,,0.810800000000,  -1.28000,
,,,0.811200000000,  -1.28000,
,,,0.811600000000,  -1.28000,
,,,0.812000000000,  -1.28000,
,,,0.812400000000,  -1.28000,
,,,0.812800000000,  -1.28000,
,,,0.813200000000,  -1.28000,
,,,0.813600000000,  -1.28000,
,,,0.814000000000,  -1.28000,
,,,0.814400000000,  -1.28000,
,,,0.814800000000,  -1.28000,
,,,0.815200000000,  -1.28000,
,,,0.815600000000,  -1.28000,
,,,0.816000000000,  -1.28000,
,,,0.816400000000,  -1.28000,
,,,0.816800000000,  -1.28000,
,,,0.817200000000,  -1.28000,
,,,0.817600000000,  -1.28000,
,,,0.818000000000,  -1.28000,
,,,0.818400000000,  -1.28000,
,,,0.818800000000,  -1.28000,
,,,0.819200000000,  -1.28000,
,,,0.819600000000,  -1.28000,
,,,0.820000000000,  -1.28000,
,,,0.820400000000,  -1.28000,
,,,0.820800000000,  -1.28000,
,,,0.821200000000,  -1.20000,
,,,0.821600000000,  -1.28000,
,,,0.822000000000,  -1.20000,
,,,0.822400000000,  -1.20000,
,,,0.822800000000,  -1.20000,
,,,0.823200000000,  -1.20000,
,,,0.823600000000,  -1.28000,
,,,0.824000000000,  -1.20000,
,,,0.824400000000,  -1.20000,
,,,0.824800000000,  -1.20000,
,,,0.825200000000,  -1.20000,
,,,0.825600000000,  -1.20000,
,,,0.826000000000,  -1.20000,
,,,0.826400000000,  -1.20000,
,,,0.826800000000,  -1.20000,
,,,0.827200000000,  -1.20000,
,,,0.827600000000,  -1.20000,
,,,0.828000000000,  -1.20000,
,,,0.828400000000,  -1.20000,
,,,0.828800000000,  -1.20000,
,,,0.829200000000,  -1.20000,
,,,0.829600000000,  -1.20000,
,,,0.830000000000,  -1.20000,
,,,0.830400000000,  -1.20000,
,,,0.830800000000,  -1.20000,
,,,0.831200000000,  -1.20000,
,,,0.831600000000,  -1.20000,
,,,0.832000000000,  -1.20000,
,,,0.832400000000,  -1.20000,
,,,0.832800000000,  -1.20000,
,,,0.833200000000,  -1.20000,
,,,0.833600000000,  -1.20000,
,,,0.834000000000,  -1.20000,
,,,0.834400000000,  -1.20000,
,,,0.834800000000,  -1.12000,
,,,0.835200000000,   2.16000,
,,,0.835600000000,   2.16000,
,,,0.836000000000,   2.16000,
,,,0.836400000000,   2.08000,
,,,0.836800000000,   2.16000,
,,,0.837200000000,   2.08000,
,,,0.837600000000,   2.16000,
,,,0.838000000000,   2.08000,
,,,0.838400000000,   2.08000,
,,,0.838800000000,   2.08000,
,,,0.839200000000,   2.16000,
,,,0.839600000000,   2.08000,
,,,0.840000000000,   2.08000,
,,,0.840400000000,   2.08000,
,,,0.840800000000,   2.08000,
,,,0.841200000000,   2.08000,
,,,0.841600000000,   2.08000,
,,,0.842000000000,   2.08000,
,,,0.842400000000,   2.08000,
,,,0.842800000000,   2.08000,
,,,0.843200000000,   2.08000,
,,,0.843600000000,   2.08000,
,,,0.844000000000,   2.08000,
,,,0.844400000000,   2.08000,
,,,0.844800000000,   2.08000,
,,,0.845200000000,   2.00000,
,,,0.845600000000,   2.08000,
,,,0.846000000000,   2.08000,
,,,0.846400000000,   2.00000,
,,,0.846800000000,   2.08000,
,,,0.847200000000,   2.08000,
,,,0.847600000000,   2.00000,
,,,0.848000000000,   2.00000,
,,,0.848400000000,   2.00000,
,,,0.848800000000,   2.00000,
,,,0.849200000000,   2.00000,
,,,0.849600000000,   2.00000,
,,,0.850000000000,   2.00000,
,,,0.850400000000,   2.00000,
,,,0.850800000000,   2.00000,
,,,0.851200000000,   2.00000,
,,,0.851600000000,   2.00000,
,,,0.852000000000,   2.00000,
,,,0.852400000000,   1.92000,
,,,0.852800000000,   1.92000,
,,,0.853200000000,   1.92000,
,,,0.853600000000,   2.00000,
,,,0.854000000000,   1.92000,
,,,0.854400000000,   1.92000,
,,,0.854800000000,   1.92000,
,,,0.855200000000,   1.92000,
,,,0.855600000000,   1.92000,
,,,0.856000000000,   1.92000,
,,,0.856400000000,   2.00000,
,,,0.856800000000,   1.92000,
,,,0.857200000000,   1.92000,
,,,0.857600000000,   1.92000,
,,,0.858000000000,   1.92000,
,,,0.858400000000,   1.92000,
,,,0.858800000000,   1.92000,
,,,0.859200000000,   1.92000,
,,,0.859600000000,   1.92000,
,,,0.860000000000,   1.92000,
,,,0.860400000000,   1.92000,
,,,0.860800000000,   1.92000,
,,,0.861200000000,   1.92000,
,,,0.861600000000,   1.92000,
,,,0.862000000000,   1.92000,
,,,0.862400000000,   1.92000,
,,,0.862800000000,   1.84000,
,,,0.863200000000,   1.92000,
,,,0.863600000000,   1.92000,
,,,0.864000000000,   1.92000,
,,,0.864400000000,   1.84000,
,,,0.864800000000,   1.84000,
,,,0.865200000000,   1.84000,
,,,0.865600000000,   1.84000,
,,,0.866000000000,   1.84000,
,,,0.866400000000,   1.84000,
,,,0.866800000000,   1.84000,
,,,0.867200000000,   1.84000,
,,,0.867600000000,   1.84000,
,,,0.868000000000,   1.84000,
,,,0.868400000000,   1.84000,
,,,0.868800000000,   1.84000,
,,,0.869200000000,   1.84000,
,,,0.869600000000,   1.84000,
,,,0.870000000000,   1.84000,
,,,0.870400000000,   1.84000,
,,,0.870800000000,   1.76000,
,,,0.871200000000,   1.84000,
,,,0.871600000000,   1.76000,
,,,0.872000000000,   1.84000,
,,,0.872400000000,   1.84000,
,,,0.872800000000,   1.76000,
,,,0.873200000000,   1.76000,
,,,0.873600000000,   1.76000,
,,,0.874000000000,   1.76000,
,,,0.874400000000,   1.76000,
,,,0.874800000000,   1.76000,
,,,0.875200000000,   1.76000,
,,,0.875600000000,   1.76000,
,,,0.876000000000,   1.76000,
,,,0.876400000000,   1.76000,
,,,0.876800000000,   1.76000,
,,,0.877200000000,   1.76000,
,,,0.877600000000,   1.76000,
,,,0.878000000000,   1.68000,
,,,0.878400000000,   1.68000,
,,,0.878800000000,   1.76000,
,,,0.879200000000,   1.68000,
,,,0.879600000000,   1.76000,
,,,0.880000000000,   1.76000,
,,,0.880400000000,   1.76000,
,,,0.880800000000,   1.68000,
,,,0.881200000000,   1.68000,
,,,0.881600000000,   1.76000,
,,,0.882000000000,   1.68000,
,,,0.882400000000,   1.68000,
,,,0.882800000000,   1.68000,
,,,0.883200000000,   1.68000,
,,,0.883600000000,   1.68000,
,,,0.884000000000,   1.68000,
,,,0.884400000000,   1.68000,
,,,0.884800000000,   1.68000,
,,,0.885200000000,   1.68000,
,,,0.885600000000,   1.68000,
,,,0.886000000000,   1.68000,
,,,0.886400000000,   1.68000,
,,,0.886800000000,   1.68000,
,,,0.887200000000,   1.68000,
,,,0.887600000000,   1.68000,
,,,0.888000000000,   1.68000,
,,,0.888400000000,   1.68000,
,,,0.888800000000,   1.68000,
,,,0.889200000000,   1.68000,
,,,0.889600000000,   1.68000,
,,,0.890000000000,   1.68000,
,,,0.890400000000,   1.68000,
,,,0.890800000000,   1.60000,
,,,0.891200000000,   1.68000,
,,,0.891600000000,   1.68000,
,,,0.892000000000,   1.60000,
,,,0.892400000000,   1.68000,
,,,0.892800000000,   1.60000,
,,,0.893200000000,   1.68000,
,,,0.893600000000,   1.60000,
,,,0.894000000000,   1.60000,
,,,0.894400000000,   1.60000,
,,,0.894800000000,   1.60000,
,,,0.895200000000,   1.68000,
,,,0.895600000000,   1.68000,
,,,0.896000000000,   1.60000,
,,,0.896400000000,   1.60000,
,,,0.896800000000,   1.60000,
,,,0.897200000000,   1.60000,
,,,0.897600000000,   1.60000,
,,,0.898000000000,   1.60000,
,,,0.898400000000,   1.60000,
,,,0.898800000000,   1.60000,
,,,0.899200000000,   1.60000,
,,,0.899600000000,   1.68000,
,,,0.900000000000,   1.60000,
,,,0.900400000000,   1.60000,
,,,0.900800000000,   1.60000,
,,,0.901200000000,   1.52000,
,,,0.901600000000,   1.60000,
,,,0.902000000000,   1.52000,
,,,0.902400000000,   1.60000,
,,,0.902800000000,   1.60000,
,,,0.903200000000,   1.52000,
,,,0.903600000000,   1.52000,
,,,0.904000000000,   1.60000,
,,,0.904400000000,   1.52000,
,,,0.904800000000,   1.60000,
,,,0.905200000000,   1.60000,
,,,0.905600000000,   1.52000,
,,,0.906000000000,   1.52000,
,,,0.906400000000,   1.52000,
,,,0.906800000000,   1.52000,
,,,0.907200000000,   1.52000,
,,,0.907600000000,   1.52000,
,,,0.908000000000,   1.52000,
,,,0.908400000000,   1.52000,
,,,0.908800000000,   1.52000,
,,,0.909200000000,   1.52000,
,,,0.909600000000,   1.52000,
,,,0.910000000000,   1.52000,
,,,0.910400000000,   1.52000,
,,,0.910800000000,   1.52000,
,,,0.911200000000,   1.52000,
,,,0.911600000000,   1.52000,
,,,0.912000000000,   1.52000,
,,,0.912400000000,   1.52000,
,,,0.912800000000,   1.52000,
,,,0.913200000000,   1.52000,
,,,0.913600000000,   1.52000,
,,,0.914000000000,   1.52000,
,,,0.914400000000,   1.52000,
,,,0.914800000000,   1.52000,
,,,0.915200000000,   1.52000,
,,,0.915600000000,   1.52000,
,,,0.916000000000,   1.52000,
,,,0.916400000000,   1.52000,
,,,0.916800000000,   1.52000,
,,,0.917200000000,   1.52000,
,,,0.917600000000,   1.44000,
,,,0.918000000000,   1.52000,
,,,0.918400000000,   1.52000,
,,,0.918800000000,   1.44000,
,,,0.919200000000,   1.44000,
,,,0.919600000000,   1.52000,
,,,0.920000000000,   1.44000,
,,,0.920400000000,   1.44000,
,,,0.920800000000,   1.44000,
,,,0.921200000000,   1.44000,
,,,0.921600000000,   1.44000,
,,,0.922000000000,   1.44000,
,,,0.922400000000,   1.44000,
,,,0.922800000000,   1.44000,
,,,0.923200000000,   1.44000,
,,,0.923600000000,   1.44000,
,,,0.924000000000,   1.44000,
,,,0.924400000000,   1.44000,
,,,0.924800000000,   1.44000,
,,,0.925200000000,   1.44000,
,,,0.925600000000,   1.44000,
,,,0.926000000000,   1.44000,
,,,0.926400000000,   1.44000,
,,,0.926800000000,   1.44000,
,,,0.927200000000,   1.44000,
,,,0.927600000000,   1.44000,
,,,0.928000000000,   1.44000,
,,,0.928400000000,   1.44000,
,,,0.928800000000,   1.44000,
,,,0.929200000000,   1.44000,
,,,0.929600000000,   1.44000,
,,,0.930000000000,   1.44000,
,,,0.930400000000,   1.36000,
,,,0.930800000000,   1.44000,
,,,0.931200000000,   1.36000,
,,,0.931600000000,   1.44000,
,,,0.932000000000,   1.36000,
,,,0.932400000000,   1.36000,
,,,0.932800000000,   1.36000,
,,,0.933200000000,   1.44000,
,,,0.933600000000,   1.36000,
,,,0.934000000000,   1.36000,
,,,0.934400000000,   1.36000,
,,,0.934800000000,   1.44000,
,,,0.935200000000,   1.36000,
,,,0.935600000000,   1.36000,
,,,0.936000000000,   1.36000,
,,,0.936400000000,   1.36000,
,,,0.936800000000,   1.36000,
,,,0.937200000000,   1.36000,
,,,0.937600000000,   1.36000,
,,,0.938000000000,   1.36000,
,,,0.938400000000,   1.36000,
,,,0.938800000000,   1.36000,
,,,0.939200000000,   1.36000,
,,,0.939600000000,   1.36000,
,,,0.940000000000,   1.36000,
,,,0.940400000000,   1.36000,
,,,0.940800000000,   1.36000,
,,,0.941200000000,   1.36000,
,,,0.941600000000,   1.36000,
,,,0.942000000000,   1.28000,
,,,0.942400000000,   1.28000,
,,,0.942800000000,   1.36000,
,,,0.943200000000,   1.36000,
,,,0.943600000000,   1.36000,
,,,0.944000000000,   1.36000,
,,,0.944400000000,   1.28000,
,,,0.944800000000,   1.28000,
,,,0.945200000000,   1.36000,
,,,0.945600000000,   1.36000,
,,,0.946000000000,   1.28000,
,,,0.946400000000,   1.28000,
,,,0.946800000000,   1.28000,
,,,0.947200000000,   1.28000,
,,,0.947600000000,   1.28000,
,,,0.948000000000,   1.28000,
,,,0.948400000000,   1.28000,
,,,0.948800000000,   1.28000,
,,,0.949200000000,   1.28000,
,,,0.949600000000,   1.28000,
,,,0.950000000000,   1.28000,
,,,0.950400000000,   1.28000,
,,,0.950800000000,   1.28000,
,,,0.951200000000,   1.28000,
,,,0.951600000000,   1.28000,
,,,0.952000000000,   1.28000,
,,,0.952400000000,   1.28000,
,,,0.952800000000,   1.28000,
,,,0.953200000000,   1.28000,
,,,0.953600000000,   1.28000,
,,,0.954000000000,   1.28000,
,,,0.954400000000,   1.20000,
,,,0.954800000000,   1.20000,
,,,0.955200000000,   1.28000,
,,,0.955600000000,   1.20000,
,,,0.956000000000,   1.28000,
,,,0.956400000000,   1.28000,
,,,0.956800000000,   1.28000,
,,,0.957200000000,   1.28000,
,,,0.957600000000,   1.28000,
,,,0.958000000000,   1.20000,
,,,0.958400000000,   1.20000,
,,,0.958800000000,   1.20000,
,,,0.959200000000,   1.20000,
,,,0.959600000000,   1.20000,
,,,0.960000000000,   1.20000,
,,,0.960400000000,  -2.08000,
,,,0.960800000000,  -2.08000,
,,,0.961200000000,  -2.00000,
,,,0.961600000000,  -2.00000,
,,,0.962000000000,  -2.00000,
,,,0.962400000000,  -2.08000,
,,,0.962800000000,  -2.00000,
,,,0.963200000000,  -2.08000,
,,,0.963600000000,  -2.00000,
,,,0.964000000000,  -2.00000,
,,,0.964400000000,  -2.00000,
,,,0.964800000000,  -2.00000,
,,,0.965200000000,  -2.00000,
,,,0.965600000000,  -2.08000,
,,,0.966000000000,  -2.00000,
,,,0.966400000000,  -2.00000,
,,,0.966800000000,  -2.00000,
,,,0.967200000000,  -2.00000,
,,,0.967600000000,  -2.00000,
,,,0.968000000000,  -2.00000,
,,,0.968400000000,  -2.00000,
,,,0.968800000000,  -2.00000,
,,,0.969200000000,  -2.00000,
,,,0.969600000000,  -2.00000,
,,,0.970000000000,  -2.00000,
,,,0.970400000000,  -2.00000,
,,,0.970800000000,  -2.00000,
,,,0.971200000000,  -2.00000,
,,,0.971600000000,  -2.00000,
,,,0.972000000000,  -1.92000,
,,,0.972400000000,  -2.00000,
,,,0.972800000000,  -2.00000,
,,,0.973200000000,  -2.00000,
,,,0.973600000000,  -2.00000,
,,,0.974000000000,  -2.00000,
,,,0.974400000000,  -1.92000,
,,,0.974800000000,  -2.00000,
,,,0.975200000000,  -1.92000,
,,,0.975600000000,  -1.92000,
,,,0.976000000000,  -1.92000,
,,,0.976400000000,  -2.00000,
,,,0.976800000000,  -1.92000,
,,,0.977200000000,  -1.92000,
,,,0.977600000000,  -1.92000,
,,,0.978000000000,  -1.92000,
,,,0.978400000000,  -1.92000,
,,,0.978800000000,  -1.92000,
,,,0.979200000000,  -1.92000,
,,,0.979600000000,  -1.92000,
,,,0.980000000000,  -1.92000,
,,,0.980400000000,  -1.92000,
,,,0.980800000000,  -1.92000,
,,,0.981200000000,  -1.92000,
,,,0.981600000000,  -1.92000,
,,,0.982000000000,  -1.92000,
,,,0.982400000000,  -1.92000,
,,,0.982800000000,  -1.92000,
,,,0.983200000000,  -1.92000,
,,,0.983600000000,  -1.92000,
,,,0.984000000000,  -1.92000,
,,,0.984400000000,  -1.92000,
,,,0.984800000000,  -1.84000,
,,,0.985200000000,  -1.84000,
,,,0.985600000000,  -1.84000,
,,,0.986000000000,  -1.84000,
,,,0.986400000000,  -1.84000,
,,,0.986800000000,  -1.92000,
,,,0.987200000000,  -1.84000,
,,,0.987600000000,  -1.92000,
,,,0.988000000000,  -1.92000,
,,,0.988400000000,  -1.84000,
,,,0.988800000000,  -1.84000,
,,,0.989200000000,  -1.84000,
,,,0.989600000000,  -1.84000,
,,,0.990000000000,  -1.84000,
,,,0.990400000000,  -1.84000,
,,,0.990800000000,  -1.84000,
,,,0.991200000000,  -1.84000,
,,,0.991600000000,  -1.84000,
,,,0.992000000000,  -1.84000,
,,,0.992400000000,  -1.84000,
,,,0.992800000000,  -1.84000,
,,,0.993200000000,  -1.76000,
,,,0.993600000000,  -1.84000,
,,,0.994000000000,  -1.84000,
,,,0.994400000000,  -1.76000,
,,,0.994800000000,  -1.76000,
,,,0.995200000000,  -1.76000,
,,,0.995600000000,  -1.76000,
,,,0.996000000000,  -1.84000,
,,,0.996400000000,  -1.76000,
,,,0.996800000000,  -1.76000,
,,,0.997200000000,  -1.76000,
,,,0.997600000000,  -1.76000,
,,,0.998000000000,  -1.76000,
,,,0.998400000000,  -1.76000,
,,,0.998800000000,  -1.76000,
,,,0.999200000000,  -1.76000,
,,,0.999600000000,  -1.76000,
