Record Length,2.500000e+03,,  -0.000250000000,   0.40000,
Sample Interval,2.000000e-07,,  -0.000249800000,   0.00000,
Trigger Point,1.250000000000e+03,,  -0.000249600000,  -0.40000,
,,,  -0.000249400000,  -0.80000,
,,,  -0.000249200000,  -0.80000,
,,,  -0.000249000000,  -1.60000,
Source,CH1,,  -0.000248800000,  -2.00000,
Vertical Units,V,,  -0.000248600000,  -2.00000,
Vertical Scale,1.000000e+01,,  -0.000248400000,  -2.00000,
Vertical Offset,0.000000e+00,,  -0.000248200000,  -2.40000,
Horizontal Units,s,,  -0.000248000000,  -3.20000,
Horizontal Scale,5.000000e-05,,  -0.000247800000,  -2.80000,
Pt Fmt,Y,,  -0.000247600000,  -3.60000,
Yzero,0.000000e+00,,  -0.000247400000,  -3.60000,
Probe Atten,1.000000e+01,,  -0.000247200000,  -4.00000,
Model Number,TDS2024C,,  -0.000247000000,  -4.40000,
Serial Number,C013728,,  -0.000246800000,  -4.40000,
Firmware Version,FV:v24.15,,  -0.000246600000,  -5.20000,
,,,-00.000246400000,  -5.20000,
,,,-00.000246200000,  -5.60000,
,,,-00.000246000000,  -5.60000,
,,,-00.000245800000,  -6.40000,
,,,-00.000245600000,  -6.40000,
,,,-00.000245400000,  -6.80000,
,,,-00.000245200000,  -6.80000,
,,,-00.000245000000,  -7.60000,
,,,-00.000244800000,  -7.60000,
,,,-00.000244600000,  -7.60000,
,,,-00.000244400000,  -8.00000,
,,,-00.000244200000,  -8.40000,
,,,-00.000244000000,  -8.80000,
,,,-00.000243800000,  -9.20000,
,,,-00.000243600000,  -9.20000,
,,,-00.000243400000,  -9.60000,
,,,-00.000243200000, -10.00000,
,,,-00.000243000000, -10.00000,
,,,-00.000242800000, -10.80000,
,,,-00.000242600000, -11.20000,
,,,-00.000242400000, -11.20000,
,,,-00.000242200000, -11.20000,
,,,-00.000242000000, -11.20000,
,,,-00.000241800000, -11.60000,
,,,-00.000241600000, -12.80000,
,,,-00.000241400000, -12.00000,
,,,-00.000241200000, -12.80000,
,,,-00.000241000000, -12.80000,
,,,-00.000240800000, -12.80000,
,,,-00.000240600000, -13.20000,
,,,-00.000240400000, -13.60000,
,,,-00.000240200000, -13.60000,
,,,-00.000240000000, -14.00000,
,,,-00.000239800000, -14.40000,
,,,-00.000239600000, -14.40000,
,,,-00.000239400000, -14.80000,
,,,-00.000239200000, -15.20000,
,,,-00.000239000000, -15.60000,
,,,-00.000238800000, -15.60000,
,,,-00.000238600000, -15.60000,
,,,-00.000238400000, -16.00000,
,,,-00.000238200000, -16.00000,
,,,-00.000238000000, -16.40000,
,,,-00.000237800000, -16.80000,
,,,-00.000237600000, -16.80000,
,,,-00.000237400000, -17.20000,
,,,-00.000237200000, -17.60000,
,,,-00.000237000000, -17.60000,
,,,-00.000236800000, -17.60000,
,,,-00.000236600000, -18.40000,
,,,-00.000236400000, -18.00000,
,,,-00.000236200000, -18.80000,
,,,-00.000236000000, -18.80000,
,,,-00.000235800000, -18.80000,
,,,-00.000235600000, -19.20000,
,,,-00.000235400000, -19.20000,
,,,-00.000235200000, -19.20000,
,,,-00.000235000000, -19.60000,
,,,-00.000234800000, -20.00000,
,,,-00.000234600000, -19.60000,
,,,-00.000234400000, -20.00000,
,,,-00.000234200000, -20.00000,
,,,-00.000234000000, -20.40000,
,,,-00.000233800000, -20.40000,
,,,-00.000233600000, -21.20000,
,,,-00.000233400000, -20.80000,
,,,-00.000233200000, -21.20000,
,,,-00.000233000000, -21.60000,
,,,-00.000232800000, -21.20000,
,,,-00.000232600000, -21.20000,
,,,-00.000232400000, -22.00000,
,,,-00.000232200000, -21.60000,
,,,-00.000232000000, -22.40000,
,,,-00.000231800000, -22.00000,
,,,-00.000231600000, -22.40000,
,,,-00.000231400000, -22.00000,
,,,-00.000231200000, -22.00000,
,,,-00.000231000000, -22.80000,
,,,-00.000230800000, -22.40000,
,,,-00.000230600000, -22.40000,
,,,-00.000230400000, -22.40000,
,,,-00.000230200000, -22.80000,
,,,-00.000230000000, -23.60000,
,,,-00.000229800000, -22.80000,
,,,-00.000229600000, -23.20000,
,,,-00.000229400000, -23.20000,
,,,-00.000229200000, -23.60000,
,,,-00.000229000000, -23.60000,
,,,-00.000228800000, -23.60000,
,,,-00.000228600000, -23.20000,
,,,-00.000228400000, -23.60000,
,,,-00.000228200000, -23.60000,
,,,-00.000228000000, -23.60000,
,,,-00.000227800000, -23.60000,
,,,-00.000227600000, -23.60000,
,,,-00.000227400000, -24.00000,
,,,-00.000227200000, -23.60000,
,,,-00.000227000000, -24.00000,
,,,-00.000226800000, -24.00000,
,,,-00.000226600000, -24.00000,
,,,-00.000226400000, -23.60000,
,,,-00.000226200000, -24.00000,
,,,-00.000226000000, -23.60000,
,,,-00.000225800000, -24.00000,
,,,-00.000225600000, -24.40000,
,,,-00.000225400000, -24.40000,
,,,-00.000225200000, -23.60000,
,,,-00.000225000000, -24.40000,
,,,-00.000224800000, -24.00000,
,,,-00.000224600000, -24.00000,
,,,-00.000224400000, -24.40000,
,,,-00.000224200000, -24.40000,
,,,-00.000224000000, -24.00000,
,,,-00.000223800000, -24.40000,
,,,-00.000223600000, -24.00000,
,,,-00.000223400000, -23.60000,
,,,-00.000223200000, -23.60000,
,,,-00.000223000000, -24.00000,
,,,-00.000222800000, -23.60000,
,,,-00.000222600000, -24.40000,
,,,-00.000222400000, -24.00000,
,,,-00.000222200000, -23.20000,
,,,-00.000222000000, -23.60000,
,,,-00.000221800000, -23.60000,
,,,-00.000221600000, -23.20000,
,,,-00.000221400000, -23.60000,
,,,-00.000221200000, -23.20000,
,,,-00.000221000000, -23.20000,
,,,-00.000220800000, -23.60000,
,,,-00.000220600000, -23.60000,
,,,-00.000220400000, -22.80000,
,,,-00.000220200000, -22.80000,
,,,-00.000220000000, -22.80000,
,,,-00.000219800000, -22.80000,
,,,-00.000219600000, -22.40000,
,,,-00.000219400000, -22.40000,
,,,-00.000219200000, -22.40000,
,,,-00.000219000000, -22.00000,
,,,-00.000218800000, -22.00000,
,,,-00.000218600000, -21.60000,
,,,-00.000218400000, -22.00000,
,,,-00.000218200000, -22.00000,
,,,-00.000218000000, -22.00000,
,,,-00.000217800000, -21.20000,
,,,-00.000217600000, -21.20000,
,,,-00.000217400000, -21.20000,
,,,-00.000217200000, -21.20000,
,,,-00.000217000000, -20.80000,
,,,-00.000216800000, -20.80000,
,,,-00.000216600000, -20.40000,
,,,-00.000216400000, -20.80000,
,,,-00.000216200000, -20.40000,
,,,-00.000216000000, -20.80000,
,,,-00.000215800000, -19.60000,
,,,-00.000215600000, -19.60000,
,,,-00.000215400000, -19.60000,
,,,-00.000215200000, -18.80000,
,,,-00.000215000000, -19.60000,
,,,-00.000214800000, -19.20000,
,,,-00.000214600000, -18.80000,
,,,-00.000214400000, -19.20000,
,,,-00.000214200000, -18.40000,
,,,-00.000214000000, -18.80000,
,,,-00.000213800000, -18.00000,
,,,-00.000213600000, -18.00000,
,,,-00.000213400000, -18.00000,
,,,-00.000213200000, -17.60000,
,,,-00.000213000000, -18.00000,
,,,-00.000212800000, -16.80000,
,,,-00.000212600000, -16.80000,
,,,-00.000212400000, -16.40000,
,,,-00.000212200000, -16.80000,
,,,-00.000212000000, -16.00000,
,,,-00.000211800000, -16.40000,
,,,-00.000211600000, -16.00000,
,,,-00.000211400000, -15.60000,
,,,-00.000211200000, -15.60000,
,,,-00.000211000000, -14.80000,
,,,-00.000210800000, -14.80000,
,,,-00.000210600000, -14.40000,
,,,-00.000210400000, -14.40000,
,,,-00.000210200000, -14.00000,
,,,-00.000210000000, -14.00000,
,,,-00.000209800000, -14.00000,
,,,-00.000209600000, -13.60000,
,,,-00.000209400000, -13.20000,
,,,-00.000209200000, -13.20000,
,,,-00.000209000000, -12.40000,
,,,-00.000208800000, -12.40000,
,,,-00.000208600000, -12.00000,
,,,-00.000208400000, -12.00000,
,,,-00.000208200000, -11.60000,
,,,-00.000208000000, -11.60000,
,,,-00.000207800000, -11.20000,
,,,-00.000207600000, -10.80000,
,,,-00.000207400000, -10.40000,
,,,-00.000207200000, -10.00000,
,,,-00.000207000000, -10.00000,
,,,-00.000206800000,  -9.60000,
,,,-00.000206600000,  -9.20000,
,,,-00.000206400000,  -9.20000,
,,,-00.000206200000,  -8.80000,
,,,-00.000206000000,  -8.40000,
,,,-00.000205800000,  -8.40000,
,,,-00.000205600000,  -8.00000,
,,,-00.000205400000,  -7.20000,
,,,-00.000205200000,  -7.60000,
,,,-00.000205000000,  -7.20000,
,,,-00.000204800000,  -6.80000,
,,,-00.000204600000,  -6.40000,
,,,-00.000204400000,  -6.00000,
,,,-00.000204200000,  -5.60000,
,,,-00.000204000000,  -5.60000,
,,,-00.000203800000,  -5.60000,
,,,-00.000203600000,  -4.80000,
,,,-00.000203400000,  -4.40000,
,,,-00.000203200000,  -4.40000,
,,,-00.000203000000,  -4.40000,
,,,-00.000202800000,  -3.60000,
,,,-00.000202600000,  -3.60000,
,,,-00.000202400000,  -2.80000,
,,,-00.000202200000,  -2.80000,
,,,-00.000202000000,  -2.40000,
,,,-00.000201800000,  -2.40000,
,,,-00.000201600000,  -1.20000,
,,,-00.000201400000,  -1.60000,
,,,-00.000201200000,  -1.20000,
,,,-00.000201000000,  -1.20000,
,,,-00.000200800000,  -1.20000,
,,,-00.000200600000,  -0.40000,
,,,-00.000200400000,   0.00000,
,,,-00.000200200000,   0.40000,
,,,-00.000200000000,   0.40000,
,,,-00.000199800000,   0.80000,
,,,-00.000199600000,   1.20000,
,,,-00.000199400000,   1.60000,
,,,-00.000199200000,   1.60000,
,,,-00.000199000000,   2.00000,
,,,-00.000198800000,   2.40000,
,,,-00.000198600000,   2.80000,
,,,-00.000198400000,   3.20000,
,,,-00.000198200000,   3.20000,
,,,-00.000198000000,   3.60000,
,,,-00.000197800000,   3.60000,
,,,-00.000197600000,   4.40000,
,,,-00.000197400000,   4.80000,
,,,-00.000197200000,   4.80000,
,,,-00.000197000000,   5.20000,
,,,-00.000196800000,   5.60000,
,,,-00.000196600000,   5.60000,
,,,-00.000196400000,   6.00000,
,,,-00.000196200000,   6.40000,
,,,-00.000196000000,   6.80000,
,,,-00.000195800000,   6.80000,
,,,-00.000195600000,   7.20000,
,,,-00.000195400000,   8.00000,
,,,-00.000195200000,   8.40000,
,,,-00.000195000000,   8.00000,
,,,-00.000194800000,   8.00000,
,,,-00.000194600000,   9.20000,
,,,-00.000194400000,   9.20000,
,,,-00.000194200000,   9.60000,
,,,-00.000194000000,   8.80000,
,,,-00.000193800000,  10.00000,
,,,-00.000193600000,  10.40000,
,,,-00.000193400000,  10.80000,
,,,-00.000193200000,  10.40000,
,,,-00.000193000000,  10.80000,
,,,-00.000192800000,  11.20000,
,,,-00.000192600000,  11.20000,
,,,-00.000192400000,  11.20000,
,,,-00.000192200000,  12.00000,
,,,-00.000192000000,  12.00000,
,,,-00.000191800000,  12.40000,
,,,-00.000191600000,  12.40000,
,,,-00.000191400000,  13.20000,
,,,-00.000191200000,  13.60000,
,,,-00.000191000000,  13.60000,
,,,-00.000190800000,  13.60000,
,,,-00.000190600000,  14.00000,
,,,-00.000190400000,  14.00000,
,,,-00.000190200000,  14.80000,
,,,-00.000190000000,  15.20000,
,,,-00.000189800000,  15.20000,
,,,-00.000189600000,  15.20000,
,,,-00.000189400000,  16.00000,
,,,-00.000189200000,  15.60000,
,,,-00.000189000000,  16.40000,
,,,-00.000188800000,  16.00000,
,,,-00.000188600000,  16.40000,
,,,-00.000188400000,  16.80000,
,,,-00.000188200000,  16.80000,
,,,-00.000188000000,  17.20000,
,,,-00.000187800000,  17.60000,
,,,-00.000187600000,  18.00000,
,,,-00.000187400000,  17.60000,
,,,-00.000187200000,  18.00000,
,,,-00.000187000000,  18.00000,
,,,-00.000186800000,  18.80000,
,,,-00.000186600000,  18.80000,
,,,-00.000186400000,  18.80000,
,,,-00.000186200000,  19.60000,
,,,-00.000186000000,  19.20000,
,,,-00.000185800000,  19.20000,
,,,-00.000185600000,  19.60000,
,,,-00.000185400000,  19.60000,
,,,-00.000185200000,  20.40000,
,,,-00.000185000000,  20.40000,
,,,-00.000184800000,  20.00000,
,,,-00.000184600000,  20.80000,
,,,-00.000184400000,  20.80000,
,,,-00.000184200000,  21.20000,
,,,-00.000184000000,  21.20000,
,,,-00.000183800000,  20.80000,
,,,-00.000183600000,  21.60000,
,,,-00.000183400000,  22.00000,
,,,-00.000183200000,  22.00000,
,,,-00.000183000000,  22.40000,
,,,-00.000182800000,  22.40000,
,,,-00.000182600000,  22.00000,
,,,-00.000182400000,  22.80000,
,,,-00.000182200000,  22.40000,
,,,-00.000182000000,  22.80000,
,,,-00.000181800000,  22.40000,
,,,-00.000181600000,  22.40000,
,,,-00.000181400000,  23.20000,
,,,-00.000181200000,  23.60000,
,,,-00.000181000000,  22.80000,
,,,-00.000180800000,  23.20000,
,,,-00.000180600000,  23.20000,
,,,-00.000180400000,  23.60000,
,,,-00.000180200000,  23.60000,
,,,-00.000180000000,  23.60000,
,,,-00.000179800000,  24.00000,
,,,-00.000179600000,  24.00000,
,,,-00.000179400000,  24.40000,
,,,-00.000179200000,  24.00000,
,,,-00.000179000000,  24.00000,
,,,-00.000178800000,  24.00000,
,,,-00.000178600000,  24.40000,
,,,-00.000178400000,  24.00000,
,,,-00.000178200000,  24.40000,
,,,-00.000178000000,  24.80000,
,,,-00.000177800000,  24.80000,
,,,-00.000177600000,  24.40000,
,,,-00.000177400000,  24.40000,
,,,-00.000177200000,  24.40000,
,,,-00.000177000000,  24.80000,
,,,-00.000176800000,  24.80000,
,,,-00.000176600000,  24.80000,
,,,-00.000176400000,  25.20000,
,,,-00.000176200000,  24.80000,
,,,-00.000176000000,  24.40000,
,,,-00.000175800000,  24.80000,
,,,-00.000175600000,  24.80000,
,,,-00.000175400000,  24.80000,
,,,-00.000175200000,  24.80000,
,,,-00.000175000000,  24.80000,
,,,-00.000174800000,  25.20000,
,,,-00.000174600000,  25.20000,
,,,-00.000174400000,  25.20000,
,,,-00.000174200000,  24.40000,
,,,-00.000174000000,  24.40000,
,,,-00.000173800000,  25.20000,
,,,-00.000173600000,  24.80000,
,,,-00.000173400000,  24.80000,
,,,-00.000173200000,  24.80000,
,,,-00.000173000000,  24.80000,
,,,-00.000172800000,  24.80000,
,,,-00.000172600000,  24.00000,
,,,-00.000172400000,  24.40000,
,,,-00.000172200000,  24.80000,
,,,-00.000172000000,  24.40000,
,,,-00.000171800000,  24.40000,
,,,-00.000171600000,  24.40000,
,,,-00.000171400000,  24.00000,
,,,-00.000171200000,  24.00000,
,,,-00.000171000000,  24.00000,
,,,-00.000170800000,  24.40000,
,,,-00.000170600000,  24.00000,
,,,-00.000170400000,  24.00000,
,,,-00.000170200000,  23.60000,
,,,-00.000170000000,  23.60000,
,,,-00.000169800000,  24.00000,
,,,-00.000169600000,  23.20000,
,,,-00.000169400000,  23.20000,
,,,-00.000169200000,  23.20000,
,,,-00.000169000000,  22.40000,
,,,-00.000168800000,  23.20000,
,,,-00.000168600000,  22.40000,
,,,-00.000168400000,  22.80000,
,,,-00.000168200000,  22.80000,
,,,-00.000168000000,  22.80000,
,,,-00.000167800000,  22.40000,
,,,-00.000167600000,  22.40000,
,,,-00.000167400000,  22.40000,
,,,-00.000167200000,  22.00000,
,,,-00.000167000000,  22.40000,
,,,-00.000166800000,  21.60000,
,,,-00.000166600000,  21.60000,
,,,-00.000166400000,  21.20000,
,,,-00.000166200000,  21.20000,
,,,-00.000166000000,  21.20000,
,,,-00.000165800000,  21.20000,
,,,-00.000165600000,  20.40000,
,,,-00.000165400000,  20.80000,
,,,-00.000165200000,  20.40000,
,,,-00.000165000000,  20.00000,
,,,-00.000164800000,  19.60000,
,,,-00.000164600000,  20.00000,
,,,-00.000164400000,  20.00000,
,,,-00.000164200000,  19.60000,
,,,-00.000164000000,  19.20000,
,,,-00.000163800000,  19.20000,
,,,-00.000163600000,  19.20000,
,,,-00.000163400000,  18.40000,
,,,-00.000163200000,  18.40000,
,,,-00.000163000000,  18.40000,
,,,-00.000162800000,  18.00000,
,,,-00.000162600000,  17.60000,
,,,-00.000162400000,  17.60000,
,,,-00.000162200000,  17.20000,
,,,-00.000162000000,  17.20000,
,,,-00.000161800000,  16.40000,
,,,-00.000161600000,  16.40000,
,,,-00.000161400000,  16.40000,
,,,-00.000161200000,  16.40000,
,,,-00.000161000000,  15.60000,
,,,-00.000160800000,  15.60000,
,,,-00.000160600000,  15.60000,
,,,-00.000160400000,  15.20000,
,,,-00.000160200000,  14.80000,
,,,-00.000160000000,  14.40000,
,,,-00.000159800000,  14.00000,
,,,-00.000159600000,  13.60000,
,,,-00.000159400000,  13.60000,
,,,-00.000159200000,  13.60000,
,,,-00.000159000000,  13.20000,
,,,-00.000158800000,  13.20000,
,,,-00.000158600000,  12.80000,
,,,-00.000158400000,  12.80000,
,,,-00.000158200000,  12.00000,
,,,-00.000158000000,  12.40000,
,,,-00.000157800000,  11.60000,
,,,-00.000157600000,  12.00000,
,,,-00.000157400000,  11.20000,
,,,-00.000157200000,  10.80000,
,,,-00.000157000000,  10.80000,
,,,-00.000156800000,  10.00000,
,,,-00.000156600000,  10.40000,
,,,-00.000156400000,   9.60000,
,,,-00.000156200000,   9.60000,
,,,-00.000156000000,   9.20000,
,,,-00.000155800000,   9.20000,
,,,-00.000155600000,   8.40000,
,,,-00.000155400000,   8.40000,
,,,-00.000155200000,   7.60000,
,,,-00.000155000000,   8.00000,
,,,-00.000154800000,   7.60000,
,,,-00.000154600000,   7.20000,
,,,-00.000154400000,   6.80000,
,,,-00.000154200000,   6.40000,
,,,-00.000154000000,   6.40000,
,,,-00.000153800000,   6.00000,
,,,-00.000153600000,   5.60000,
,,,-00.000153400000,   5.20000,
,,,-00.000153200000,   5.60000,
,,,-00.000153000000,   4.80000,
,,,-00.000152800000,   4.40000,
,,,-00.000152600000,   4.00000,
,,,-00.000152400000,   3.60000,
,,,-00.000152200000,   3.20000,
,,,-00.000152000000,   3.20000,
,,,-00.000151800000,   3.20000,
,,,-00.000151600000,   2.80000,
,,,-00.000151400000,   2.40000,
,,,-00.000151200000,   2.00000,
,,,-00.000151000000,   1.60000,
,,,-00.000150800000,   1.60000,
,,,-00.000150600000,   0.80000,
,,,-00.000150400000,   0.80000,
,,,-00.000150200000,   0.40000,
,,,-00.000150000000,   0.40000,
,,,-00.000149800000,   0.40000,
,,,-00.000149600000,  -0.40000,
,,,-00.000149400000,  -0.80000,
,,,-00.000149200000,  -1.20000,
,,,-00.000149000000,  -0.80000,
,,,-00.000148800000,  -1.20000,
,,,-00.000148600000,  -2.00000,
,,,-00.000148400000,  -2.40000,
,,,-00.000148200000,  -2.40000,
,,,-00.000148000000,  -2.40000,
,,,-00.000147800000,  -3.20000,
,,,-00.000147600000,  -3.20000,
,,,-00.000147400000,  -3.20000,
,,,-00.000147200000,  -4.00000,
,,,-00.000147000000,  -4.40000,
,,,-00.000146800000,  -4.40000,
,,,-00.000146600000,  -5.20000,
,,,-00.000146400000,  -5.20000,
,,,-00.000146200000,  -5.60000,
,,,-00.000146000000,  -6.00000,
,,,-00.000145800000,  -6.00000,
,,,-00.000145600000,  -6.40000,
,,,-00.000145400000,  -6.40000,
,,,-00.000145200000,  -7.20000,
,,,-00.000145000000,  -7.60000,
,,,-00.000144800000,  -7.60000,
,,,-00.000144600000,  -8.40000,
,,,-00.000144400000,  -8.40000,
,,,-00.000144200000,  -8.80000,
,,,-00.000144000000,  -9.20000,
,,,-00.000143800000,  -8.80000,
,,,-00.000143600000,  -9.60000,
,,,-00.000143400000,  -9.60000,
,,,-00.000143200000,  -9.60000,
,,,-00.000143000000, -10.00000,
,,,-00.000142800000, -10.40000,
,,,-00.000142600000, -10.80000,
,,,-00.000142400000, -10.80000,
,,,-00.000142200000, -11.20000,
,,,-00.000142000000, -11.60000,
,,,-00.000141800000, -12.00000,
,,,-00.000141600000, -12.00000,
,,,-00.000141400000, -12.40000,
,,,-00.000141200000, -12.80000,
,,,-00.000141000000, -13.20000,
,,,-00.000140800000, -13.20000,
,,,-00.000140600000, -12.80000,
,,,-00.000140400000, -13.60000,
,,,-00.000140200000, -13.60000,
,,,-00.000140000000, -14.00000,
,,,-00.000139800000, -14.40000,
,,,-00.000139600000, -14.40000,
,,,-00.000139400000, -14.80000,
,,,-00.000139200000, -14.80000,
,,,-00.000139000000, -15.20000,
,,,-00.000138800000, -15.60000,
,,,-00.000138600000, -15.60000,
,,,-00.000138400000, -16.40000,
,,,-00.000138200000, -16.00000,
,,,-00.000138000000, -16.40000,
,,,-00.000137800000, -17.20000,
,,,-00.000137600000, -17.20000,
,,,-00.000137400000, -17.20000,
,,,-00.000137200000, -17.20000,
,,,-00.000137000000, -18.00000,
,,,-00.000136800000, -18.00000,
,,,-00.000136600000, -18.00000,
,,,-00.000136400000, -18.40000,
,,,-00.000136200000, -18.00000,
,,,-00.000136000000, -18.40000,
,,,-00.000135800000, -18.80000,
,,,-00.000135600000, -18.40000,
,,,-00.000135400000, -19.20000,
,,,-00.000135200000, -19.60000,
,,,-00.000135000000, -19.60000,
,,,-00.000134800000, -19.60000,
,,,-00.000134600000, -20.00000,
,,,-00.000134400000, -20.40000,
,,,-00.000134200000, -20.00000,
,,,-00.000134000000, -20.40000,
,,,-00.000133800000, -20.40000,
,,,-00.000133600000, -20.40000,
,,,-00.000133400000, -21.20000,
,,,-00.000133200000, -20.80000,
,,,-00.000133000000, -21.60000,
,,,-00.000132800000, -21.60000,
,,,-00.000132600000, -22.00000,
,,,-00.000132400000, -21.20000,
,,,-00.000132200000, -22.00000,
,,,-00.000132000000, -22.00000,
,,,-00.000131800000, -22.00000,
,,,-00.000131600000, -22.40000,
,,,-00.000131400000, -22.00000,
,,,-00.000131200000, -22.40000,
,,,-00.000131000000, -22.00000,
,,,-00.000130800000, -22.40000,
,,,-00.000130600000, -22.40000,
,,,-00.000130400000, -22.80000,
,,,-00.000130200000, -22.40000,
,,,-00.000130000000, -22.80000,
,,,-00.000129800000, -22.80000,
,,,-00.000129600000, -23.20000,
,,,-00.000129400000, -22.80000,
,,,-00.000129200000, -22.80000,
,,,-00.000129000000, -23.60000,
,,,-00.000128800000, -23.60000,
,,,-00.000128600000, -23.60000,
,,,-00.000128400000, -23.60000,
,,,-00.000128200000, -23.60000,
,,,-00.000128000000, -23.60000,
,,,-00.000127800000, -24.00000,
,,,-00.000127600000, -23.60000,
,,,-00.000127400000, -24.00000,
,,,-00.000127200000, -23.60000,
,,,-00.000127000000, -24.00000,
,,,-00.000126800000, -24.00000,
,,,-00.000126600000, -24.00000,
,,,-00.000126400000, -24.00000,
,,,-00.000126200000, -24.00000,
,,,-00.000126000000, -24.40000,
,,,-00.000125800000, -23.60000,
,,,-00.000125600000, -24.40000,
,,,-00.000125400000, -24.00000,
,,,-00.000125200000, -24.00000,
,,,-00.000125000000, -24.40000,
,,,-00.000124800000, -24.00000,
,,,-00.000124600000, -24.00000,
,,,-00.000124400000, -24.40000,
,,,-00.000124200000, -24.00000,
,,,-00.000124000000, -24.00000,
,,,-00.000123800000, -24.00000,
,,,-00.000123600000, -24.00000,
,,,-00.000123400000, -24.00000,
,,,-00.000123200000, -24.00000,
,,,-00.000123000000, -23.60000,
,,,-00.000122800000, -24.00000,
,,,-00.000122600000, -23.60000,
,,,-00.000122400000, -23.60000,
,,,-00.000122200000, -23.60000,
,,,-00.000122000000, -23.60000,
,,,-00.000121800000, -23.60000,
,,,-00.000121600000, -23.20000,
,,,-00.000121400000, -23.20000,
,,,-00.000121200000, -23.20000,
,,,-00.000121000000, -23.60000,
,,,-00.000120800000, -23.20000,
,,,-00.000120600000, -23.20000,
,,,-00.000120400000, -22.80000,
,,,-00.000120200000, -22.80000,
,,,-00.000120000000, -22.80000,
,,,-00.000119800000, -22.40000,
,,,-00.000119600000, -22.40000,
,,,-00.000119400000, -22.40000,
,,,-00.000119200000, -22.00000,
,,,-00.000119000000, -22.40000,
,,,-00.000118800000, -22.00000,
,,,-00.000118600000, -22.00000,
,,,-00.000118400000, -21.60000,
,,,-00.000118200000, -21.60000,
,,,-00.000118000000, -22.00000,
,,,-00.000117800000, -22.00000,
,,,-00.000117600000, -21.60000,
,,,-00.000117400000, -21.20000,
,,,-00.000117200000, -20.80000,
,,,-00.000117000000, -21.60000,
,,,-00.000116800000, -21.20000,
,,,-00.000116600000, -20.80000,
,,,-00.000116400000, -20.40000,
,,,-00.000116200000, -20.00000,
,,,-00.000116000000, -20.40000,
,,,-00.000115800000, -19.20000,
,,,-00.000115600000, -19.60000,
,,,-00.000115400000, -19.60000,
,,,-00.000115200000, -20.00000,
,,,-00.000115000000, -19.20000,
,,,-00.000114800000, -19.20000,
,,,-00.000114600000, -18.80000,
,,,-00.000114400000, -18.80000,
,,,-00.000114200000, -18.40000,
,,,-00.000114000000, -18.40000,
,,,-00.000113800000, -18.80000,
,,,-00.000113600000, -18.00000,
,,,-00.000113400000, -17.60000,
,,,-00.000113200000, -18.00000,
,,,-00.000113000000, -17.60000,
,,,-00.000112800000, -17.20000,
,,,-00.000112600000, -16.80000,
,,,-00.000112400000, -16.80000,
,,,-00.000112200000, -16.40000,
,,,-00.000112000000, -16.40000,
,,,-00.000111800000, -15.60000,
,,,-00.000111600000, -15.60000,
,,,-00.000111400000, -15.60000,
,,,-00.000111200000, -15.20000,
,,,-00.000111000000, -14.80000,
,,,-00.000110800000, -15.20000,
,,,-00.000110600000, -14.80000,
,,,-00.000110400000, -14.40000,
,,,-00.000110200000, -14.00000,
,,,-00.000110000000, -13.60000,
,,,-00.000109800000, -13.20000,
,,,-00.000109600000, -13.20000,
,,,-00.000109400000, -13.20000,
,,,-00.000109200000, -12.80000,
,,,-00.000109000000, -12.80000,
,,,-00.000108800000, -12.40000,
,,,-00.000108600000, -11.60000,
,,,-00.000108400000, -12.00000,
,,,-00.000108200000, -12.00000,
,,,-00.000108000000, -11.60000,
,,,-00.000107800000, -11.20000,
,,,-00.000107600000, -10.80000,
,,,-00.000107400000, -10.40000,
,,,-00.000107200000, -10.00000,
,,,-00.000107000000,  -9.60000,
,,,-00.000106800000,  -9.60000,
,,,-00.000106600000,  -9.60000,
,,,-00.000106400000,  -8.80000,
,,,-00.000106200000,  -8.40000,
,,,-00.000106000000,  -8.80000,
,,,-00.000105800000,  -8.00000,
,,,-00.000105600000,  -8.00000,
,,,-00.000105400000,  -8.00000,
,,,-00.000105200000,  -7.20000,
,,,-00.000105000000,  -7.60000,
,,,-00.000104800000,  -6.40000,
,,,-00.000104600000,  -6.40000,
,,,-00.000104400000,  -6.00000,
,,,-00.000104200000,  -5.60000,
,,,-00.000104000000,  -6.00000,
,,,-00.000103800000,  -5.20000,
,,,-00.000103600000,  -4.80000,
,,,-00.000103400000,  -4.40000,
,,,-00.000103200000,  -4.40000,
,,,-00.000103000000,  -4.40000,
,,,-00.000102800000,  -4.00000,
,,,-00.000102600000,  -3.20000,
,,,-00.000102400000,  -2.80000,
,,,-00.000102200000,  -3.20000,
,,,-00.000102000000,  -2.80000,
,,,-00.000101800000,  -2.00000,
,,,-00.000101600000,  -1.60000,
,,,-00.000101400000,  -1.60000,
,,,-00.000101200000,  -1.20000,
,,,-00.000101000000,  -1.20000,
,,,-00.000100800000,  -0.80000,
,,,-00.000100600000,  -0.40000,
,,,-00.000100400000,   0.40000,
,,,-00.000100200000,   0.80000,
,,,-00.000100000000,   0.40000,
,,,-00.000099800000,   1.20000,
,,,-00.000099600000,   1.20000,
,,,-00.000099400000,   1.20000,
,,,-00.000099200000,   1.60000,
,,,-00.000099000000,   2.00000,
,,,-00.000098800000,   2.40000,
,,,-00.000098600000,   3.20000,
,,,-00.000098400000,   3.20000,
,,,-00.000098200000,   3.20000,
,,,-00.000098000000,   3.60000,
,,,-00.000097800000,   3.60000,
,,,-00.000097600000,   4.40000,
,,,-00.000097400000,   5.20000,
,,,-00.000097200000,   4.80000,
,,,-00.000097000000,   4.80000,
,,,-00.000096800000,   5.20000,
,,,-00.000096600000,   6.00000,
,,,-00.000096400000,   6.00000,
,,,-00.000096200000,   6.40000,
,,,-00.000096000000,   7.20000,
,,,-00.000095800000,   6.80000,
,,,-00.000095600000,   7.20000,
,,,-00.000095400000,   7.60000,
,,,-00.000095200000,   7.60000,
,,,-00.000095000000,   8.00000,
,,,-00.000094800000,   8.80000,
,,,-00.000094600000,   8.40000,
,,,-00.000094400000,   9.20000,
,,,-00.000094200000,   9.20000,
,,,-00.000094000000,  10.00000,
,,,-00.000093800000,  10.00000,
,,,-00.000093600000,  10.40000,
,,,-00.000093400000,  10.40000,
,,,-00.000093200000,  10.80000,
,,,-00.000093000000,  10.80000,
,,,-00.000092800000,  11.20000,
,,,-00.000092600000,  12.00000,
,,,-00.000092400000,  12.00000,
,,,-00.000092200000,  12.40000,
,,,-00.000092000000,  12.40000,
,,,-00.000091800000,  12.80000,
,,,-00.000091600000,  13.20000,
,,,-00.000091400000,  13.20000,
,,,-00.000091200000,  13.60000,
,,,-00.000091000000,  13.60000,
,,,-00.000090800000,  14.00000,
,,,-00.000090600000,  14.00000,
,,,-00.000090400000,  14.40000,
,,,-00.000090200000,  14.40000,
,,,-00.000090000000,  14.80000,
,,,-00.000089800000,  15.20000,
,,,-00.000089600000,  15.60000,
,,,-00.000089400000,  15.60000,
,,,-00.000089200000,  15.60000,
,,,-00.000089000000,  16.00000,
,,,-00.000088800000,  16.40000,
,,,-00.000088600000,  16.40000,
,,,-00.000088400000,  16.40000,
,,,-00.000088200000,  17.20000,
,,,-00.000088000000,  16.80000,
,,,-00.000087800000,  17.20000,
,,,-00.000087600000,  17.60000,
,,,-00.000087400000,  18.00000,
,,,-00.000087200000,  18.00000,
,,,-00.000087000000,  18.40000,
,,,-00.000086800000,  18.40000,
,,,-00.000086600000,  18.80000,
,,,-00.000086400000,  19.20000,
,,,-00.000086200000,  19.60000,
,,,-00.000086000000,  19.60000,
,,,-00.000085800000,  19.60000,
,,,-00.000085600000,  20.00000,
,,,-00.000085400000,  20.40000,
,,,-00.000085200000,  20.00000,
,,,-00.000085000000,  20.40000,
,,,-00.000084800000,  20.40000,
,,,-00.000084600000,  21.20000,
,,,-00.000084400000,  20.40000,
,,,-00.000084200000,  21.20000,
,,,-00.000084000000,  21.20000,
,,,-00.000083800000,  21.20000,
,,,-00.000083600000,  21.20000,
,,,-00.000083400000,  22.00000,
,,,-00.000083200000,  21.60000,
,,,-00.000083000000,  22.00000,
,,,-00.000082800000,  22.00000,
,,,-00.000082600000,  22.40000,
,,,-00.000082400000,  22.40000,
,,,-00.000082200000,  22.80000,
,,,-00.000082000000,  22.40000,
,,,-00.000081800000,  22.80000,
,,,-00.000081600000,  23.20000,
,,,-00.000081400000,  22.80000,
,,,-00.000081200000,  22.80000,
,,,-00.000081000000,  23.20000,
,,,-00.000080800000,  23.60000,
,,,-00.000080600000,  23.60000,
,,,-00.000080400000,  23.60000,
,,,-00.000080200000,  24.00000,
,,,-00.000080000000,  23.60000,
,,,-00.000079800000,  23.60000,
,,,-00.000079600000,  24.00000,
,,,-00.000079400000,  24.40000,
,,,-00.000079200000,  24.00000,
,,,-00.000079000000,  24.40000,
,,,-00.000078800000,  24.40000,
,,,-00.000078600000,  24.40000,
,,,-00.000078400000,  24.00000,
,,,-00.000078200000,  24.00000,
,,,-00.000078000000,  24.40000,
,,,-00.000077800000,  24.80000,
,,,-00.000077600000,  24.40000,
,,,-00.000077400000,  24.80000,
,,,-00.000077200000,  24.40000,
,,,-00.000077000000,  24.40000,
,,,-00.000076800000,  25.20000,
,,,-00.000076600000,  24.80000,
,,,-00.000076400000,  24.40000,
,,,-00.000076200000,  25.20000,
,,,-00.000076000000,  24.80000,
,,,-00.000075800000,  25.20000,
,,,-00.000075600000,  24.80000,
,,,-00.000075400000,  24.80000,
,,,-00.000075200000,  24.80000,
,,,-00.000075000000,  24.80000,
,,,-00.000074800000,  24.80000,
,,,-00.000074600000,  24.80000,
,,,-00.000074400000,  24.80000,
,,,-00.000074200000,  24.40000,
,,,-00.000074000000,  24.80000,
,,,-00.000073800000,  24.80000,
,,,-00.000073600000,  24.80000,
,,,-00.000073400000,  24.80000,
,,,-00.000073200000,  24.80000,
,,,-00.000073000000,  24.80000,
,,,-00.000072800000,  24.40000,
,,,-00.000072600000,  24.40000,
,,,-00.000072400000,  24.80000,
,,,-00.000072200000,  24.40000,
,,,-00.000072000000,  24.40000,
,,,-00.000071800000,  24.40000,
,,,-00.000071600000,  24.00000,
,,,-00.000071400000,  24.00000,
,,,-00.000071200000,  24.00000,
,,,-00.000071000000,  24.00000,
,,,-00.000070800000,  24.00000,
,,,-00.000070600000,  24.00000,
,,,-00.000070400000,  23.20000,
,,,-00.000070200000,  24.00000,
,,,-00.000070000000,  24.00000,
,,,-00.000069800000,  23.20000,
,,,-00.000069600000,  23.60000,
,,,-00.000069400000,  22.80000,
,,,-00.000069200000,  23.20000,
,,,-00.000069000000,  23.20000,
,,,-00.000068800000,  23.20000,
,,,-00.000068600000,  23.20000,
,,,-00.000068400000,  22.80000,
,,,-00.000068200000,  22.80000,
,,,-00.000068000000,  22.00000,
,,,-00.000067800000,  22.40000,
,,,-00.000067600000,  22.40000,
,,,-00.000067400000,  22.40000,
,,,-00.000067200000,  22.40000,
,,,-00.000067000000,  21.60000,
,,,-00.000066800000,  21.20000,
,,,-00.000066600000,  22.00000,
,,,-00.000066400000,  22.00000,
,,,-00.000066200000,  20.80000,
,,,-00.000066000000,  21.20000,
,,,-00.000065800000,  20.80000,
,,,-00.000065600000,  20.80000,
,,,-00.000065400000,  20.40000,
,,,-00.000065200000,  20.40000,
,,,-00.000065000000,  20.00000,
,,,-00.000064800000,  20.00000,
,,,-00.000064600000,  20.00000,
,,,-00.000064400000,  19.20000,
,,,-00.000064200000,  19.20000,
,,,-00.000064000000,  19.20000,
,,,-00.000063800000,  18.80000,
,,,-00.000063600000,  19.20000,
,,,-00.000063400000,  18.80000,
,,,-00.000063200000,  18.40000,
,,,-00.000063000000,  18.40000,
,,,-00.000062800000,  18.00000,
,,,-00.000062600000,  17.60000,
,,,-00.000062400000,  18.00000,
,,,-00.000062200000,  17.60000,
,,,-00.000062000000,  16.80000,
,,,-00.000061800000,  16.80000,
,,,-00.000061600000,  16.80000,
,,,-00.000061400000,  16.40000,
,,,-00.000061200000,  16.40000,
,,,-00.000061000000,  16.00000,
,,,-00.000060800000,  15.60000,
,,,-00.000060600000,  15.60000,
,,,-00.000060400000,  14.80000,
,,,-00.000060200000,  14.80000,
,,,-00.000060000000,  14.40000,
,,,-00.000059800000,  14.40000,
,,,-00.000059600000,  14.00000,
,,,-00.000059400000,  13.60000,
,,,-00.000059200000,  13.20000,
,,,-00.000059000000,  13.20000,
,,,-00.000058800000,  13.60000,
,,,-00.000058600000,  12.80000,
,,,-00.000058400000,  12.40000,
,,,-00.000058200000,  12.40000,
,,,-00.000058000000,  12.00000,
,,,-00.000057800000,  12.00000,
,,,-00.000057600000,  12.00000,
,,,-00.000057400000,  11.20000,
,,,-00.000057200000,  10.80000,
,,,-00.000057000000,  10.80000,
,,,-00.000056800000,  10.40000,
,,,-00.000056600000,  10.40000,
,,,-00.000056400000,  10.00000,
,,,-00.000056200000,   9.60000,
,,,-00.000056000000,   9.20000,
,,,-00.000055800000,   8.80000,
,,,-00.000055600000,   8.80000,
,,,-00.000055400000,   8.00000,
,,,-00.000055200000,   8.40000,
,,,-00.000055000000,   8.40000,
,,,-00.000054800000,   7.20000,
,,,-00.000054600000,   7.60000,
,,,-00.000054400000,   6.80000,
,,,-00.000054200000,   6.80000,
,,,-00.000054000000,   6.40000,
,,,-00.000053800000,   6.00000,
,,,-00.000053600000,   6.00000,
,,,-00.000053400000,   5.60000,
,,,-00.000053200000,   5.20000,
,,,-00.000053000000,   4.80000,
,,,-00.000052800000,   4.80000,
,,,-00.000052600000,   4.40000,
,,,-00.000052400000,   4.40000,
,,,-00.000052200000,   3.60000,
,,,-00.000052000000,   3.60000,
,,,-00.000051800000,   2.80000,
,,,-00.000051600000,   3.20000,
,,,-00.000051400000,   2.40000,
,,,-00.000051200000,   2.00000,
,,,-00.000051000000,   2.00000,
,,,-00.000050800000,   1.20000,
,,,-00.000050600000,   1.20000,
,,,-00.000050400000,   0.80000,
,,,-00.000050200000,   0.40000,
,,,-00.000050000000,   0.40000,
,,,-00.000049800000,  -0.40000,
,,,-00.000049600000,  -0.40000,
,,,-00.000049400000,  -0.80000,
,,,-00.000049200000,  -1.20000,
,,,-00.000049000000,  -1.20000,
,,,-00.000048800000,  -1.60000,
,,,-00.000048600000,  -1.60000,
,,,-00.000048400000,  -2.40000,
,,,-00.000048200000,  -2.40000,
,,,-00.000048000000,  -2.80000,
,,,-00.000047800000,  -2.80000,
,,,-00.000047600000,  -3.20000,
,,,-00.000047400000,  -3.20000,
,,,-00.000047200000,  -4.00000,
,,,-00.000047000000,  -4.00000,
,,,-00.000046800000,  -4.80000,
,,,-00.000046600000,  -5.20000,
,,,-00.000046400000,  -5.20000,
,,,-00.000046200000,  -5.20000,
,,,-00.000046000000,  -6.00000,
,,,-00.000045800000,  -6.40000,
,,,-00.000045600000,  -6.80000,
,,,-00.000045400000,  -6.40000,
,,,-00.000045200000,  -7.20000,
,,,-00.000045000000,  -7.20000,
,,,-00.000044800000,  -7.60000,
,,,-00.000044600000,  -8.40000,
,,,-00.000044400000,  -8.00000,
,,,-00.000044200000,  -8.40000,
,,,-00.000044000000,  -8.80000,
,,,-00.000043800000,  -8.80000,
,,,-00.000043600000,  -9.20000,
,,,-00.000043400000,  -9.20000,
,,,-00.000043200000,  -9.60000,
,,,-00.000043000000, -10.40000,
,,,-00.000042800000, -10.40000,
,,,-00.000042600000, -10.80000,
,,,-00.000042400000, -11.20000,
,,,-00.000042200000, -10.80000,
,,,-00.000042000000, -11.20000,
,,,-00.000041800000, -11.60000,
,,,-00.000041600000, -12.00000,
,,,-00.000041400000, -12.40000,
,,,-00.000041200000, -12.40000,
,,,-00.000041000000, -12.80000,
,,,-00.000040800000, -13.20000,
,,,-00.000040600000, -13.20000,
,,,-00.000040400000, -14.00000,
,,,-00.000040200000, -14.00000,
,,,-00.000040000000, -14.40000,
,,,-00.000039800000, -14.80000,
,,,-00.000039600000, -14.80000,
,,,-00.000039400000, -14.80000,
,,,-00.000039200000, -14.80000,
,,,-00.000039000000, -15.60000,
,,,-00.000038800000, -15.60000,
,,,-00.000038600000, -15.60000,
,,,-00.000038400000, -16.00000,
,,,-00.000038200000, -16.00000,
,,,-00.000038000000, -16.40000,
,,,-00.000037800000, -16.80000,
,,,-00.000037600000, -17.20000,
,,,-00.000037400000, -17.20000,
,,,-00.000037200000, -17.20000,
,,,-00.000037000000, -17.60000,
,,,-00.000036800000, -18.00000,
,,,-00.000036600000, -18.00000,
,,,-00.000036400000, -18.00000,
,,,-00.000036200000, -18.40000,
,,,-00.000036000000, -18.40000,
,,,-00.000035800000, -18.80000,
,,,-00.000035600000, -19.20000,
,,,-00.000035400000, -18.80000,
,,,-00.000035200000, -19.20000,
,,,-00.000035000000, -19.60000,
,,,-00.000034800000, -19.20000,
,,,-00.000034600000, -20.40000,
,,,-00.000034400000, -20.00000,
,,,-00.000034200000, -20.00000,
,,,-00.000034000000, -20.40000,
,,,-00.000033800000, -20.40000,
,,,-00.000033600000, -20.80000,
,,,-00.000033400000, -20.40000,
,,,-00.000033200000, -21.20000,
,,,-00.000033000000, -21.60000,
,,,-00.000032800000, -21.20000,
,,,-00.000032600000, -21.60000,
,,,-00.000032400000, -21.60000,
,,,-00.000032200000, -21.60000,
,,,-00.000032000000, -22.00000,
,,,-00.000031800000, -22.00000,
,,,-00.000031600000, -22.00000,
,,,-00.000031400000, -22.40000,
,,,-00.000031200000, -22.40000,
,,,-00.000031000000, -22.80000,
,,,-00.000030800000, -22.80000,
,,,-00.000030600000, -22.00000,
,,,-00.000030400000, -22.80000,
,,,-00.000030200000, -22.40000,
,,,-00.000030000000, -23.20000,
,,,-00.000029800000, -22.80000,
,,,-00.000029600000, -23.20000,
,,,-00.000029400000, -23.20000,
,,,-00.000029200000, -23.20000,
,,,-00.000029000000, -23.60000,
,,,-00.000028800000, -23.20000,
,,,-00.000028600000, -23.60000,
,,,-00.000028400000, -23.20000,
,,,-00.000028200000, -23.60000,
,,,-00.000028000000, -23.60000,
,,,-00.000027800000, -24.00000,
,,,-00.000027600000, -23.60000,
,,,-00.000027400000, -24.00000,
,,,-00.000027200000, -23.60000,
,,,-00.000027000000, -23.60000,
,,,-00.000026800000, -23.60000,
,,,-00.000026600000, -24.00000,
,,,-00.000026400000, -24.00000,
,,,-00.000026200000, -24.00000,
,,,-00.000026000000, -24.00000,
,,,-00.000025800000, -24.00000,
,,,-00.000025600000, -23.60000,
,,,-00.000025400000, -24.00000,
,,,-00.000025200000, -24.00000,
,,,-00.000025000000, -24.40000,
,,,-00.000024800000, -24.00000,
,,,-00.000024600000, -24.00000,
,,,-00.000024400000, -24.00000,
,,,-00.000024200000, -24.00000,
,,,-00.000024000000, -24.00000,
,,,-00.000023800000, -24.00000,
,,,-00.000023600000, -23.60000,
,,,-00.000023400000, -23.60000,
,,,-00.000023200000, -24.00000,
,,,-00.000023000000, -24.40000,
,,,-00.000022800000, -24.00000,
,,,-00.000022600000, -23.60000,
,,,-00.000022400000, -24.00000,
,,,-00.000022200000, -23.60000,
,,,-00.000022000000, -23.60000,
,,,-00.000021800000, -23.60000,
,,,-00.000021600000, -23.20000,
,,,-00.000021400000, -23.20000,
,,,-00.000021200000, -23.60000,
,,,-00.000021000000, -23.60000,
,,,-00.000020800000, -23.20000,
,,,-00.000020600000, -22.80000,
,,,-00.000020400000, -23.20000,
,,,-00.000020200000, -22.80000,
,,,-00.000020000000, -22.80000,
,,,-00.000019800000, -22.40000,
,,,-00.000019600000, -22.40000,
,,,-00.000019400000, -22.40000,
,,,-00.000019200000, -22.00000,
,,,-00.000019000000, -22.00000,
,,,-00.000018800000, -22.00000,
,,,-00.000018600000, -22.00000,
,,,-00.000018400000, -22.40000,
,,,-00.000018200000, -22.00000,
,,,-00.000018000000, -21.60000,
,,,-00.000017800000, -22.00000,
,,,-00.000017600000, -21.60000,
,,,-00.000017400000, -21.60000,
,,,-00.000017200000, -20.80000,
,,,-00.000017000000, -20.40000,
,,,-00.000016800000, -20.80000,
,,,-00.000016600000, -20.80000,
,,,-00.000016400000, -20.40000,
,,,-00.000016200000, -20.40000,
,,,-00.000016000000, -20.40000,
,,,-00.000015800000, -20.40000,
,,,-00.000015600000, -20.00000,
,,,-00.000015400000, -19.60000,
,,,-00.000015200000, -19.60000,
,,,-00.000015000000, -18.80000,
,,,-00.000014800000, -19.60000,
,,,-00.000014600000, -18.80000,
,,,-00.000014400000, -18.80000,
,,,-00.000014200000, -18.80000,
,,,-00.000014000000, -18.80000,
,,,-00.000013800000, -18.40000,
,,,-00.000013600000, -18.00000,
,,,-00.000013400000, -18.00000,
,,,-00.000013200000, -17.60000,
,,,-00.000013000000, -17.60000,
,,,-00.000012800000, -16.80000,
,,,-00.000012600000, -16.80000,
,,,-00.000012400000, -16.40000,
,,,-00.000012200000, -16.40000,
,,,-00.000012000000, -16.00000,
,,,-00.000011800000, -15.60000,
,,,-00.000011600000, -16.00000,
,,,-00.000011400000, -15.60000,
,,,-00.000011200000, -15.20000,
,,,-00.000011000000, -14.80000,
,,,-00.000010800000, -14.80000,
,,,-00.000010600000, -14.40000,
,,,-00.000010400000, -14.40000,
,,,-00.000010200000, -14.00000,
,,,-00.000010000000, -14.00000,
,,,-00.000009800000, -14.00000,
,,,-00.000009600000, -13.60000,
,,,-00.000009400000, -13.60000,
,,,-00.000009200000, -12.80000,
,,,-00.000009000000, -12.80000,
,,,-00.000008800000, -12.00000,
,,,-00.000008600000, -11.60000,
,,,-00.000008400000, -12.00000,
,,,-00.000008200000, -11.60000,
,,,-00.000008000000, -11.60000,
,,,-00.000007800000, -10.80000,
,,,-00.000007600000, -10.80000,
,,,-00.000007400000, -10.80000,
,,,-00.000007200000, -10.40000,
,,,-00.000007000000,  -9.60000,
,,,-00.000006800000,  -9.60000,
,,,-00.000006600000,  -9.20000,
,,,-00.000006400000,  -9.20000,
,,,-00.000006200000,  -8.80000,
,,,-00.000006000000,  -8.80000,
,,,-00.000005800000,  -8.00000,
,,,-00.000005600000,  -7.60000,
,,,-00.000005400000,  -7.20000,
,,,-00.000005200000,  -7.20000,
,,,-00.000005000000,  -6.80000,
,,,-00.000004800000,  -6.40000,
,,,-00.000004600000,  -6.80000,
,,,-00.000004400000,  -6.00000,
,,,-00.000004200000,  -5.60000,
,,,-00.000004000000,  -5.20000,
,,,-00.000003800000,  -5.20000,
,,,-00.000003600000,  -4.40000,
,,,-00.000003400000,  -4.80000,
,,,-00.000003200000,  -4.40000,
,,,-00.000003000000,  -4.00000,
,,,-00.000002800000,  -3.60000,
,,,-00.000002600000,  -3.20000,
,,,-00.000002400000,  -3.20000,
,,,-00.000002200000,  -2.80000,
,,,-00.000002000000,  -2.40000,
,,,-00.000001800000,  -2.00000,
,,,-00.000001600000,  -2.00000,
,,,-00.000001400000,  -2.00000,
,,,-00.000001200000,  -1.20000,
,,,-00.000001000000,  -0.80000,
,,,-00.000000800000,  -0.40000,
,,,-00.000000600000,   0.00000,
,,,-00.000000400000,   0.00000,
,,,-00.000000200000,   0.00000,
,,,-00.000000000000,   0.40000,
,,,00.000000200000,   1.20000,
,,,00.000000400000,   1.60000,
,,,00.000000600000,   1.60000,
,,,00.000000800000,   2.00000,
,,,00.000001000000,   2.00000,
,,,00.000001200000,   2.40000,
,,,00.000001400000,   2.80000,
,,,00.000001600000,   3.20000,
,,,00.000001800000,   3.20000,
,,,00.000002000000,   4.00000,
,,,00.000002200000,   4.00000,
,,,00.000002400000,   4.40000,
,,,00.000002600000,   4.80000,
,,,00.000002800000,   4.80000,
,,,00.000003000000,   5.20000,
,,,00.000003200000,   5.60000,
,,,00.000003400000,   6.00000,
,,,00.000003600000,   6.00000,
,,,00.000003800000,   6.80000,
,,,00.000004000000,   6.40000,
,,,00.000004200000,   6.80000,
,,,00.000004400000,   7.20000,
,,,00.000004600000,   7.20000,
,,,00.000004800000,   8.00000,
,,,00.000005000000,   8.00000,
,,,00.000005200000,   8.80000,
,,,00.000005400000,   8.80000,
,,,00.000005600000,   8.40000,
,,,00.000005800000,   9.60000,
,,,00.000006000000,   9.60000,
,,,00.000006200000,   9.60000,
,,,00.000006400000,   9.60000,
,,,00.000006600000,  10.80000,
,,,00.000006800000,  11.20000,
,,,00.000007000000,  11.20000,
,,,00.000007200000,  11.20000,
,,,00.000007400000,  12.00000,
,,,00.000007600000,  11.60000,
,,,00.000007800000,  12.40000,
,,,00.000008000000,  12.40000,
,,,00.000008200000,  12.80000,
,,,00.000008400000,  12.80000,
,,,00.000008600000,  13.60000,
,,,00.000008800000,  13.20000,
,,,00.000009000000,  13.60000,
,,,00.000009200000,  14.00000,
,,,00.000009400000,  14.00000,
,,,00.000009600000,  14.80000,
,,,00.000009800000,  14.40000,
,,,00.000010000000,  15.20000,
,,,00.000010200000,  15.60000,
,,,00.000010400000,  16.00000,
,,,00.000010600000,  15.20000,
,,,00.000010800000,  15.60000,
,,,00.000011000000,  16.40000,
,,,00.000011200000,  16.40000,
,,,00.000011400000,  16.80000,
,,,00.000011600000,  16.80000,
,,,00.000011800000,  17.20000,
,,,00.000012000000,  17.20000,
,,,00.000012200000,  17.60000,
,,,00.000012400000,  18.00000,
,,,00.000012600000,  18.00000,
,,,00.000012800000,  18.00000,
,,,00.000013000000,  18.40000,
,,,00.000013200000,  18.40000,
,,,00.000013400000,  18.80000,
,,,00.000013600000,  18.80000,
,,,00.000013800000,  19.20000,
,,,00.000014000000,  19.60000,
,,,00.000014200000,  19.60000,
,,,00.000014400000,  19.60000,
,,,00.000014600000,  20.00000,
,,,00.000014800000,  20.40000,
,,,00.000015000000,  20.80000,
,,,00.000015200000,  20.40000,
,,,00.000015400000,  20.40000,
,,,00.000015600000,  20.80000,
,,,00.000015800000,  20.80000,
,,,00.000016000000,  21.20000,
,,,00.000016200000,  21.20000,
,,,00.000016400000,  21.20000,
,,,00.000016600000,  21.60000,
,,,00.000016800000,  22.00000,
,,,00.000017000000,  22.40000,
,,,00.000017200000,  22.40000,
,,,00.000017400000,  21.60000,
,,,00.000017600000,  22.40000,
,,,00.000017800000,  22.40000,
,,,00.000018000000,  22.40000,
,,,00.000018200000,  23.20000,
,,,00.000018400000,  22.80000,
,,,00.000018600000,  22.80000,
,,,00.000018800000,  22.80000,
,,,00.000019000000,  23.60000,
,,,00.000019200000,  23.20000,
,,,00.000019400000,  23.20000,
,,,00.000019600000,  23.60000,
,,,00.000019800000,  24.00000,
,,,00.000020000000,  23.60000,
,,,00.000020200000,  24.00000,
,,,00.000020400000,  23.60000,
,,,00.000020600000,  24.40000,
,,,00.000020800000,  24.00000,
,,,00.000021000000,  24.00000,
,,,00.000021200000,  24.40000,
,,,00.000021400000,  24.00000,
,,,00.000021600000,  24.40000,
,,,00.000021800000,  24.80000,
,,,00.000022000000,  24.40000,
,,,00.000022200000,  24.40000,
,,,00.000022400000,  24.40000,
,,,00.000022600000,  24.40000,
,,,00.000022800000,  24.40000,
,,,00.000023000000,  24.80000,
,,,00.000023200000,  24.80000,
,,,00.000023400000,  24.80000,
,,,00.000023600000,  24.80000,
,,,00.000023800000,  24.80000,
,,,00.000024000000,  24.80000,
,,,00.000024200000,  24.80000,
,,,00.000024400000,  24.40000,
,,,00.000024600000,  24.80000,
,,,00.000024800000,  24.80000,
,,,00.000025000000,  24.80000,
,,,00.000025200000,  25.20000,
,,,00.000025400000,  24.40000,
,,,00.000025600000,  24.80000,
,,,00.000025800000,  25.20000,
,,,00.000026000000,  24.80000,
,,,00.000026200000,  24.80000,
,,,00.000026400000,  25.20000,
,,,00.000026600000,  24.80000,
,,,00.000026800000,  24.40000,
,,,00.000027000000,  24.40000,
,,,00.000027200000,  24.80000,
,,,00.000027400000,  24.40000,
,,,00.000027600000,  24.80000,
,,,00.000027800000,  24.40000,
,,,00.000028000000,  24.80000,
,,,00.000028200000,  24.40000,
,,,00.000028400000,  24.80000,
,,,00.000028600000,  23.60000,
,,,00.000028800000,  24.00000,
,,,00.000029000000,  24.40000,
,,,00.000029200000,  24.00000,
,,,00.000029400000,  24.00000,
,,,00.000029600000,  24.00000,
,,,00.000029800000,  24.00000,
,,,00.000030000000,  23.60000,
,,,00.000030200000,  23.60000,
,,,00.000030400000,  23.20000,
,,,00.000030600000,  23.60000,
,,,00.000030800000,  23.60000,
,,,00.000031000000,  23.20000,
,,,00.000031200000,  22.80000,
,,,00.000031400000,  22.80000,
,,,00.000031600000,  23.20000,
,,,00.000031800000,  22.80000,
,,,00.000032000000,  22.40000,
,,,00.000032200000,  22.40000,
,,,00.000032400000,  22.00000,
,,,00.000032600000,  22.80000,
,,,00.000032800000,  22.00000,
,,,00.000033000000,  21.60000,
,,,00.000033200000,  21.20000,
,,,00.000033400000,  21.60000,
,,,00.000033600000,  21.20000,
,,,00.000033800000,  21.60000,
,,,00.000034000000,  20.80000,
,,,00.000034200000,  20.40000,
,,,00.000034400000,  20.80000,
,,,00.000034600000,  20.00000,
,,,00.000034800000,  20.80000,
,,,00.000035000000,  20.00000,
,,,00.000035200000,  19.60000,
,,,00.000035400000,  20.00000,
,,,00.000035600000,  20.00000,
,,,00.000035800000,  19.60000,
,,,00.000036000000,  18.80000,
,,,00.000036200000,  18.80000,
,,,00.000036400000,  19.20000,
,,,00.000036600000,  18.80000,
,,,00.000036800000,  18.40000,
,,,00.000037000000,  18.00000,
,,,00.000037200000,  18.00000,
,,,00.000037400000,  18.00000,
,,,00.000037600000,  17.60000,
,,,00.000037800000,  17.20000,
,,,00.000038000000,  17.20000,
,,,00.000038200000,  16.80000,
,,,00.000038400000,  16.40000,
,,,00.000038600000,  16.40000,
,,,00.000038800000,  16.00000,
,,,00.000039000000,  16.00000,
,,,00.000039200000,  15.60000,
,,,00.000039400000,  15.60000,
,,,00.000039600000,  15.60000,
,,,00.000039800000,  14.80000,
,,,00.000040000000,  14.80000,
,,,00.000040200000,  14.40000,
,,,00.000040400000,  14.00000,
,,,00.000040600000,  14.00000,
,,,00.000040800000,  13.60000,
,,,00.000041000000,  13.60000,
,,,00.000041200000,  12.80000,
,,,00.000041400000,  12.80000,
,,,00.000041600000,  12.80000,
,,,00.000041800000,  12.40000,
,,,00.000042000000,  12.40000,
,,,00.000042200000,  11.60000,
,,,00.000042400000,  12.00000,
,,,00.000042600000,  11.60000,
,,,00.000042800000,  11.20000,
,,,00.000043000000,  11.20000,
,,,00.000043200000,  10.80000,
,,,00.000043400000,  10.00000,
,,,00.000043600000,   9.60000,
,,,00.000043800000,  10.00000,
,,,00.000044000000,   9.20000,
,,,00.000044200000,   9.20000,
,,,00.000044400000,   8.80000,
,,,00.000044600000,   8.40000,
,,,00.000044800000,   8.00000,
,,,00.000045000000,   7.60000,
,,,00.000045200000,   7.20000,
,,,00.000045400000,   7.60000,
,,,00.000045600000,   7.20000,
,,,00.000045800000,   7.20000,
,,,00.000046000000,   6.40000,
,,,00.000046200000,   6.00000,
,,,00.000046400000,   6.00000,
,,,00.000046600000,   5.60000,
,,,00.000046800000,   4.80000,
,,,00.000047000000,   4.80000,
,,,00.000047200000,   4.40000,
,,,00.000047400000,   4.40000,
,,,00.000047600000,   4.00000,
,,,00.000047800000,   3.60000,
,,,00.000048000000,   3.20000,
,,,00.000048200000,   3.20000,
,,,00.000048400000,   2.80000,
,,,00.000048600000,   2.40000,
,,,00.000048800000,   2.00000,
,,,00.000049000000,   2.00000,
,,,00.000049200000,   1.60000,
,,,00.000049400000,   1.20000,
,,,00.000049600000,   1.20000,
,,,00.000049800000,   0.40000,
,,,00.000050000000,   0.00000,
,,,00.000050200000,   0.00000,
,,,00.000050400000,   0.00000,
,,,00.000050600000,  -0.80000,
,,,00.000050800000,  -1.20000,
,,,00.000051000000,  -1.20000,
,,,00.000051200000,  -2.00000,
,,,00.000051400000,  -2.00000,
,,,00.000051600000,  -2.40000,
,,,00.000051800000,  -2.40000,
,,,00.000052000000,  -2.80000,
,,,00.000052200000,  -2.80000,
,,,00.000052400000,  -3.60000,
,,,00.000052600000,  -3.20000,
,,,00.000052800000,  -4.00000,
,,,00.000053000000,  -4.40000,
,,,00.000053200000,  -4.40000,
,,,00.000053400000,  -4.80000,
,,,00.000053600000,  -5.20000,
,,,00.000053800000,  -5.20000,
,,,00.000054000000,  -5.60000,
,,,00.000054200000,  -6.00000,
,,,00.000054400000,  -6.40000,
,,,00.000054600000,  -6.80000,
,,,00.000054800000,  -6.80000,
,,,00.000055000000,  -7.20000,
,,,00.000055200000,  -7.60000,
,,,00.000055400000,  -7.60000,
,,,00.000055600000,  -8.40000,
,,,00.000055800000,  -8.80000,
,,,00.000056000000,  -8.80000,
,,,00.000056200000,  -9.20000,
,,,00.000056400000, -10.00000,
,,,00.000056600000,  -9.20000,
,,,00.000056800000, -10.00000,
,,,00.000057000000, -10.40000,
,,,00.000057200000, -10.80000,
,,,00.000057400000, -10.80000,
,,,00.000057600000, -10.80000,
,,,00.000057800000, -11.20000,
,,,00.000058000000, -12.00000,
,,,00.000058200000, -12.00000,
,,,00.000058400000, -12.00000,
,,,00.000058600000, -12.40000,
,,,00.000058800000, -12.80000,
,,,00.000059000000, -12.40000,
,,,00.000059200000, -13.20000,
,,,00.000059400000, -13.60000,
,,,00.000059600000, -14.40000,
,,,00.000059800000, -13.60000,
,,,00.000060000000, -14.00000,
,,,00.000060200000, -14.40000,
,,,00.000060400000, -14.80000,
,,,00.000060600000, -15.20000,
,,,00.000060800000, -15.20000,
,,,00.000061000000, -15.60000,
,,,00.000061200000, -15.60000,
,,,00.000061400000, -16.00000,
,,,00.000061600000, -16.00000,
,,,00.000061800000, -16.00000,
,,,00.000062000000, -16.40000,
,,,00.000062200000, -16.40000,
,,,00.000062400000, -16.40000,
,,,00.000062600000, -17.20000,
,,,00.000062800000, -17.60000,
,,,00.000063000000, -18.00000,
,,,00.000063200000, -17.60000,
,,,00.000063400000, -18.00000,
,,,00.000063600000, -18.00000,
,,,00.000063800000, -18.40000,
,,,00.000064000000, -18.80000,
,,,00.000064200000, -18.40000,
,,,00.000064400000, -18.80000,
,,,00.000064600000, -19.20000,
,,,00.000064800000, -18.80000,
,,,00.000065000000, -19.60000,
,,,00.000065200000, -19.60000,
,,,00.000065400000, -20.00000,
,,,00.000065600000, -20.00000,
,,,00.000065800000, -20.00000,
,,,00.000066000000, -20.80000,
,,,00.000066200000, -20.40000,
,,,00.000066400000, -20.80000,
,,,00.000066600000, -20.80000,
,,,00.000066800000, -20.80000,
,,,00.000067000000, -21.20000,
,,,00.000067200000, -21.20000,
,,,00.000067400000, -21.60000,
,,,00.000067600000, -21.60000,
,,,00.000067800000, -22.00000,
,,,00.000068000000, -22.40000,
,,,00.000068200000, -22.00000,
,,,00.000068400000, -22.00000,
,,,00.000068600000, -22.00000,
,,,00.000068800000, -22.40000,
,,,00.000069000000, -22.40000,
,,,00.000069200000, -22.80000,
,,,00.000069400000, -22.80000,
,,,00.000069600000, -22.80000,
,,,00.000069800000, -22.80000,
,,,00.000070000000, -22.80000,
,,,00.000070200000, -23.20000,
,,,00.000070400000, -23.20000,
,,,00.000070600000, -22.80000,
,,,00.000070800000, -23.20000,
,,,00.000071000000, -23.60000,
,,,00.000071200000, -23.20000,
,,,00.000071400000, -23.60000,
,,,00.000071600000, -23.60000,
,,,00.000071800000, -23.60000,
,,,00.000072000000, -23.60000,
,,,00.000072200000, -23.20000,
,,,00.000072400000, -23.60000,
,,,00.000072600000, -24.40000,
,,,00.000072800000, -24.00000,
,,,00.000073000000, -24.00000,
,,,00.000073200000, -24.00000,
,,,00.000073400000, -23.60000,
,,,00.000073600000, -24.00000,
,,,00.000073800000, -24.00000,
,,,00.000074000000, -24.00000,
,,,00.000074200000, -24.00000,
,,,00.000074400000, -24.40000,
,,,00.000074600000, -24.00000,
,,,00.000074800000, -23.60000,
,,,00.000075000000, -24.80000,
,,,00.000075200000, -24.40000,
,,,00.000075400000, -23.60000,
,,,00.000075600000, -24.40000,
,,,00.000075800000, -24.00000,
,,,00.000076000000, -24.00000,
,,,00.000076200000, -24.80000,
,,,00.000076400000, -23.60000,
,,,00.000076600000, -24.00000,
,,,00.000076800000, -23.60000,
,,,00.000077000000, -24.00000,
,,,00.000077200000, -23.60000,
,,,00.000077400000, -23.60000,
,,,00.000077600000, -23.60000,
,,,00.000077800000, -24.00000,
,,,00.000078000000, -23.60000,
,,,00.000078200000, -23.60000,
,,,00.000078400000, -23.20000,
,,,00.000078600000, -23.60000,
,,,00.000078800000, -23.20000,
,,,00.000079000000, -23.60000,
,,,00.000079200000, -23.60000,
,,,00.000079400000, -23.20000,
,,,00.000079600000, -22.80000,
,,,00.000079800000, -22.80000,
,,,00.000080000000, -22.80000,
,,,00.000080200000, -22.80000,
,,,00.000080400000, -22.80000,
,,,00.000080600000, -22.40000,
,,,00.000080800000, -22.40000,
,,,00.000081000000, -22.40000,
,,,00.000081200000, -21.60000,
,,,00.000081400000, -22.00000,
,,,00.000081600000, -22.40000,
,,,00.000081800000, -22.00000,
,,,00.000082000000, -21.20000,
,,,00.000082200000, -21.20000,
,,,00.000082400000, -21.20000,
,,,00.000082600000, -21.60000,
,,,00.000082800000, -20.80000,
,,,00.000083000000, -20.80000,
,,,00.000083200000, -21.20000,
,,,00.000083400000, -20.40000,
,,,00.000083600000, -20.80000,
,,,00.000083800000, -20.40000,
,,,00.000084000000, -19.60000,
,,,00.000084200000, -20.00000,
,,,00.000084400000, -19.60000,
,,,00.000084600000, -20.00000,
,,,00.000084800000, -19.60000,
,,,00.000085000000, -19.20000,
,,,00.000085200000, -18.80000,
,,,00.000085400000, -18.80000,
,,,00.000085600000, -18.80000,
,,,00.000085800000, -18.40000,
,,,00.000086000000, -18.80000,
,,,00.000086200000, -18.00000,
,,,00.000086400000, -17.60000,
,,,00.000086600000, -17.20000,
,,,00.000086800000, -17.60000,
,,,00.000087000000, -17.60000,
,,,00.000087200000, -17.20000,
,,,00.000087400000, -16.80000,
,,,00.000087600000, -16.80000,
,,,00.000087800000, -16.80000,
,,,00.000088000000, -16.40000,
,,,00.000088200000, -16.40000,
,,,00.000088400000, -15.60000,
,,,00.000088600000, -16.00000,
,,,00.000088800000, -15.20000,
,,,00.000089000000, -15.20000,
,,,00.000089200000, -15.20000,
,,,00.000089400000, -14.80000,
,,,00.000089600000, -14.40000,
,,,00.000089800000, -14.40000,
,,,00.000090000000, -13.60000,
,,,00.000090200000, -13.60000,
,,,00.000090400000, -14.00000,
,,,00.000090600000, -13.20000,
,,,00.000090800000, -12.80000,
,,,00.000091000000, -12.80000,
,,,00.000091200000, -12.00000,
,,,00.000091400000, -12.40000,
,,,00.000091600000, -12.00000,
,,,00.000091800000, -11.60000,
,,,00.000092000000, -10.80000,
,,,00.000092200000, -10.80000,
,,,00.000092400000, -10.40000,
,,,00.000092600000, -10.80000,
,,,00.000092800000, -10.00000,
,,,00.000093000000, -10.00000,
,,,00.000093200000,  -9.60000,
,,,00.000093400000,  -9.20000,
,,,00.000093600000,  -9.20000,
,,,00.000093800000,  -8.80000,
,,,00.000094000000,  -8.80000,
,,,00.000094200000,  -8.40000,
,,,00.000094400000,  -8.00000,
,,,00.000094600000,  -7.60000,
,,,00.000094800000,  -7.20000,
,,,00.000095000000,  -7.20000,
,,,00.000095200000,  -6.80000,
,,,00.000095400000,  -6.00000,
,,,00.000095600000,  -6.00000,
,,,00.000095800000,  -6.40000,
,,,00.000096000000,  -5.60000,
,,,00.000096200000,  -5.20000,
,,,00.000096400000,  -4.80000,
,,,00.000096600000,  -4.40000,
,,,00.000096800000,  -4.40000,
,,,00.000097000000,  -4.00000,
,,,00.000097200000,  -3.60000,
,,,00.000097400000,  -3.20000,
,,,00.000097600000,  -3.20000,
,,,00.000097800000,  -2.80000,
,,,00.000098000000,  -2.40000,
,,,00.000098200000,  -2.00000,
,,,00.000098400000,  -1.60000,
,,,00.000098600000,  -1.20000,
,,,00.000098800000,  -1.20000,
,,,00.000099000000,  -1.20000,
,,,00.000099200000,  -0.80000,
,,,00.000099400000,  -0.40000,
,,,00.000099600000,   0.00000,
,,,00.000099800000,   0.00000,
,,,00.000100000000,   0.40000,
,,,00.000100200000,   0.80000,
,,,00.000100400000,   1.20000,
,,,00.000100600000,   1.60000,
,,,00.000100800000,   1.60000,
,,,00.000101000000,   2.00000,
,,,00.000101200000,   2.40000,
,,,00.000101400000,   2.80000,
,,,00.000101600000,   3.20000,
,,,00.000101800000,   3.60000,
,,,00.000102000000,   3.60000,
,,,00.000102200000,   3.60000,
,,,00.000102400000,   4.00000,
,,,00.000102600000,   4.80000,
,,,00.000102800000,   4.80000,
,,,00.000103000000,   5.20000,
,,,00.000103200000,   5.60000,
,,,00.000103400000,   5.60000,
,,,00.000103600000,   6.00000,
,,,00.000103800000,   6.80000,
,,,00.000104000000,   7.20000,
,,,00.000104200000,   7.20000,
,,,00.000104400000,   7.20000,
,,,00.000104600000,   7.60000,
,,,00.000104800000,   7.60000,
,,,00.000105000000,   8.00000,
,,,00.000105200000,   8.40000,
,,,00.000105400000,   8.80000,
,,,00.000105600000,   8.80000,
,,,00.000105800000,   9.20000,
,,,00.000106000000,   9.60000,
,,,00.000106200000,   9.60000,
,,,00.000106400000,  10.40000,
,,,00.000106600000,  10.40000,
,,,00.000106800000,  11.20000,
,,,00.000107000000,  10.80000,
,,,00.000107200000,  11.20000,
,,,00.000107400000,  12.40000,
,,,00.000107600000,  11.60000,
,,,00.000107800000,  12.00000,
,,,00.000108000000,  12.00000,
,,,00.000108200000,  12.80000,
,,,00.000108400000,  13.20000,
,,,00.000108600000,  12.80000,
,,,00.000108800000,  13.20000,
,,,00.000109000000,  13.60000,
,,,00.000109200000,  14.40000,
,,,00.000109400000,  14.00000,
,,,00.000109600000,  14.00000,
,,,00.000109800000,  14.80000,
,,,00.000110000000,  15.20000,
,,,00.000110200000,  15.20000,
,,,00.000110400000,  15.60000,
,,,00.000110600000,  15.60000,
,,,00.000110800000,  16.00000,
,,,00.000111000000,  16.40000,
,,,00.000111200000,  16.00000,
,,,00.000111400000,  16.40000,
,,,00.000111600000,  16.80000,
,,,00.000111800000,  16.80000,
,,,00.000112000000,  16.80000,
,,,00.000112200000,  17.20000,
,,,00.000112400000,  18.00000,
,,,00.000112600000,  18.00000,
,,,00.000112800000,  18.00000,
,,,00.000113000000,  18.40000,
,,,00.000113200000,  18.80000,
,,,00.000113400000,  19.20000,
,,,00.000113600000,  18.80000,
,,,00.000113800000,  19.20000,
,,,00.000114000000,  19.20000,
,,,00.000114200000,  19.20000,
,,,00.000114400000,  20.00000,
,,,00.000114600000,  20.00000,
,,,00.000114800000,  20.00000,
,,,00.000115000000,  20.40000,
,,,00.000115200000,  20.40000,
,,,00.000115400000,  20.40000,
,,,00.000115600000,  20.80000,
,,,00.000115800000,  21.60000,
,,,00.000116000000,  21.20000,
,,,00.000116200000,  21.20000,
,,,00.000116400000,  21.60000,
,,,00.000116600000,  21.60000,
,,,00.000116800000,  21.60000,
,,,00.000117000000,  22.00000,
,,,00.000117200000,  22.40000,
,,,00.000117400000,  22.40000,
,,,00.000117600000,  22.80000,
,,,00.000117800000,  22.40000,
,,,00.000118000000,  22.80000,
,,,00.000118200000,  22.80000,
,,,00.000118400000,  23.20000,
,,,00.000118600000,  23.20000,
,,,00.000118800000,  22.40000,
,,,00.000119000000,  23.20000,
,,,00.000119200000,  23.60000,
,,,00.000119400000,  23.20000,
,,,00.000119600000,  23.20000,
,,,00.000119800000,  23.60000,
,,,00.000120000000,  23.60000,
,,,00.000120200000,  24.00000,
,,,00.000120400000,  23.60000,
,,,00.000120600000,  23.60000,
,,,00.000120800000,  24.40000,
,,,00.000121000000,  23.60000,
,,,00.000121200000,  24.80000,
,,,00.000121400000,  24.40000,
,,,00.000121600000,  24.40000,
,,,00.000121800000,  24.80000,
,,,00.000122000000,  24.80000,
,,,00.000122200000,  24.80000,
,,,00.000122400000,  24.40000,
,,,00.000122600000,  24.80000,
,,,00.000122800000,  24.80000,
,,,00.000123000000,  24.80000,
,,,00.000123200000,  24.80000,
,,,00.000123400000,  24.40000,
,,,00.000123600000,  25.60000,
,,,00.000123800000,  24.80000,
,,,00.000124000000,  25.20000,
,,,00.000124200000,  24.80000,
,,,00.000124400000,  24.80000,
,,,00.000124600000,  24.80000,
,,,00.000124800000,  24.80000,
,,,00.000125000000,  25.20000,
,,,00.000125200000,  24.80000,
,,,00.000125400000,  24.40000,
,,,00.000125600000,  25.20000,
,,,00.000125800000,  24.80000,
,,,00.000126000000,  24.40000,
,,,00.000126200000,  24.40000,
,,,00.000126400000,  24.80000,
,,,00.000126600000,  25.20000,
,,,00.000126800000,  24.80000,
,,,00.000127000000,  24.40000,
,,,00.000127200000,  24.40000,
,,,00.000127400000,  24.80000,
,,,00.000127600000,  24.00000,
,,,00.000127800000,  24.80000,
,,,00.000128000000,  24.40000,
,,,00.000128200000,  24.40000,
,,,00.000128400000,  24.40000,
,,,00.000128600000,  24.40000,
,,,00.000128800000,  24.80000,
,,,00.000129000000,  24.40000,
,,,00.000129200000,  24.00000,
,,,00.000129400000,  24.00000,
,,,00.000129600000,  24.00000,
,,,00.000129800000,  24.00000,
,,,00.000130000000,  23.60000,
,,,00.000130200000,  23.20000,
,,,00.000130400000,  23.20000,
,,,00.000130600000,  23.20000,
,,,00.000130800000,  23.60000,
,,,00.000131000000,  22.80000,
,,,00.000131200000,  22.80000,
,,,00.000131400000,  23.20000,
,,,00.000131600000,  22.80000,
,,,00.000131800000,  22.80000,
,,,00.000132000000,  22.40000,
,,,00.000132200000,  22.00000,
,,,00.000132400000,  22.40000,
,,,00.000132600000,  22.40000,
,,,00.000132800000,  22.00000,
,,,00.000133000000,  22.00000,
,,,00.000133200000,  21.60000,
,,,00.000133400000,  21.60000,
,,,00.000133600000,  21.20000,
,,,00.000133800000,  21.60000,
,,,00.000134000000,  20.80000,
,,,00.000134200000,  20.40000,
,,,00.000134400000,  20.40000,
,,,00.000134600000,  20.00000,
,,,00.000134800000,  20.40000,
,,,00.000135000000,  20.00000,
,,,00.000135200000,  20.00000,
,,,00.000135400000,  19.60000,
,,,00.000135600000,  20.00000,
,,,00.000135800000,  19.60000,
,,,00.000136000000,  19.20000,
,,,00.000136200000,  19.20000,
,,,00.000136400000,  18.40000,
,,,00.000136600000,  18.80000,
,,,00.000136800000,  18.40000,
,,,00.000137000000,  18.00000,
,,,00.000137200000,  18.00000,
,,,00.000137400000,  18.00000,
,,,00.000137600000,  17.60000,
,,,00.000137800000,  17.60000,
,,,00.000138000000,  16.80000,
,,,00.000138200000,  16.40000,
,,,00.000138400000,  17.20000,
,,,00.000138600000,  16.40000,
,,,00.000138800000,  16.00000,
,,,00.000139000000,  16.00000,
,,,00.000139200000,  15.60000,
,,,00.000139400000,  15.20000,
,,,00.000139600000,  15.20000,
,,,00.000139800000,  15.20000,
,,,00.000140000000,  14.80000,
,,,00.000140200000,  14.40000,
,,,00.000140400000,  14.00000,
,,,00.000140600000,  14.40000,
,,,00.000140800000,  13.20000,
,,,00.000141000000,  13.60000,
,,,00.000141200000,  12.80000,
,,,00.000141400000,  12.80000,
,,,00.000141600000,  12.40000,
,,,00.000141800000,  12.40000,
,,,00.000142000000,  12.40000,
,,,00.000142200000,  12.00000,
,,,00.000142400000,  11.60000,
,,,00.000142600000,  11.20000,
,,,00.000142800000,  11.20000,
,,,00.000143000000,  10.80000,
,,,00.000143200000,  10.40000,
,,,00.000143400000,  10.40000,
,,,00.000143600000,  10.00000,
,,,00.000143800000,   9.60000,
,,,00.000144000000,   9.20000,
,,,00.000144200000,   8.80000,
,,,00.000144400000,   8.80000,
,,,00.000144600000,   8.40000,
,,,00.000144800000,   8.00000,
,,,00.000145000000,   8.40000,
,,,00.000145200000,   7.60000,
,,,00.000145400000,   7.60000,
,,,00.000145600000,   6.80000,
,,,00.000145800000,   6.40000,
,,,00.000146000000,   6.40000,
,,,00.000146200000,   6.00000,
,,,00.000146400000,   6.00000,
,,,00.000146600000,   6.00000,
,,,00.000146800000,   5.20000,
,,,00.000147000000,   4.80000,
,,,00.000147200000,   4.40000,
,,,00.000147400000,   4.40000,
,,,00.000147600000,   3.60000,
,,,00.000147800000,   3.60000,
,,,00.000148000000,   3.60000,
,,,00.000148200000,   3.20000,
,,,00.000148400000,   2.80000,
,,,00.000148600000,   2.40000,
,,,00.000148800000,   2.00000,
,,,00.000149000000,   2.00000,
,,,00.000149200000,   1.60000,
,,,00.000149400000,   1.60000,
,,,00.000149600000,   0.80000,
,,,00.000149800000,   0.80000,
,,,00.000150000000,   0.00000,
,,,00.000150200000,  -0.40000,
,,,00.000150400000,   0.00000,
,,,00.000150600000,  -0.80000,
,,,00.000150800000,  -0.80000,
,,,00.000151000000,  -1.20000,
,,,00.000151200000,  -1.60000,
,,,00.000151400000,  -2.00000,
,,,00.000151600000,  -2.00000,
,,,00.000151800000,  -2.40000,
,,,00.000152000000,  -2.80000,
,,,00.000152200000,  -2.80000,
,,,00.000152400000,  -3.20000,
,,,00.000152600000,  -3.20000,
,,,00.000152800000,  -4.00000,
,,,00.000153000000,  -4.80000,
,,,00.000153200000,  -4.40000,
,,,00.000153400000,  -5.20000,
,,,00.000153600000,  -5.60000,
,,,00.000153800000,  -5.20000,
,,,00.000154000000,  -6.00000,
,,,00.000154200000,  -6.40000,
,,,00.000154400000,  -6.40000,
,,,00.000154600000,  -6.40000,
,,,00.000154800000,  -6.80000,
,,,00.000155000000,  -7.20000,
,,,00.000155200000,  -7.20000,
,,,00.000155400000,  -8.00000,
,,,00.000155600000,  -8.00000,
,,,00.000155800000,  -8.40000,
,,,00.000156000000,  -8.80000,
,,,00.000156200000,  -9.20000,
,,,00.000156400000,  -9.20000,
,,,00.000156600000,  -9.60000,
,,,00.000156800000, -10.00000,
,,,00.000157000000, -10.40000,
,,,00.000157200000, -10.00000,
,,,00.000157400000, -11.20000,
,,,00.000157600000, -11.20000,
,,,00.000157800000, -11.20000,
,,,00.000158000000, -11.60000,
,,,00.000158200000, -11.60000,
,,,00.000158400000, -12.00000,
,,,00.000158600000, -12.40000,
,,,00.000158800000, -12.40000,
,,,00.000159000000, -12.80000,
,,,00.000159200000, -13.60000,
,,,00.000159400000, -13.20000,
,,,00.000159600000, -13.20000,
,,,00.000159800000, -13.20000,
,,,00.000160000000, -14.40000,
,,,00.000160200000, -14.40000,
,,,00.000160400000, -14.80000,
,,,00.000160600000, -15.20000,
,,,00.000160800000, -14.80000,
,,,00.000161000000, -15.60000,
,,,00.000161200000, -15.20000,
,,,00.000161400000, -15.60000,
,,,00.000161600000, -16.00000,
,,,00.000161800000, -16.40000,
,,,00.000162000000, -16.80000,
,,,00.000162200000, -17.20000,
,,,00.000162400000, -17.20000,
,,,00.000162600000, -17.20000,
,,,00.000162800000, -17.20000,
,,,00.000163000000, -17.60000,
,,,00.000163200000, -17.60000,
,,,00.000163400000, -18.00000,
,,,00.000163600000, -18.40000,
,,,00.000163800000, -18.40000,
,,,00.000164000000, -18.80000,
,,,00.000164200000, -18.80000,
,,,00.000164400000, -19.20000,
,,,00.000164600000, -19.20000,
,,,00.000164800000, -19.20000,
,,,00.000165000000, -19.60000,
,,,00.000165200000, -19.60000,
,,,00.000165400000, -19.60000,
,,,00.000165600000, -20.00000,
,,,00.000165800000, -20.00000,
,,,00.000166000000, -20.00000,
,,,00.000166200000, -20.80000,
,,,00.000166400000, -20.80000,
,,,00.000166600000, -20.80000,
,,,00.000166800000, -21.20000,
,,,00.000167000000, -21.20000,
,,,00.000167200000, -20.80000,
,,,00.000167400000, -21.20000,
,,,00.000167600000, -21.60000,
,,,00.000167800000, -21.60000,
,,,00.000168000000, -22.00000,
,,,00.000168200000, -21.60000,
,,,00.000168400000, -22.00000,
,,,00.000168600000, -22.40000,
,,,00.000168800000, -22.40000,
,,,00.000169000000, -22.40000,
,,,00.000169200000, -22.40000,
,,,00.000169400000, -23.20000,
,,,00.000169600000, -22.40000,
,,,00.000169800000, -22.80000,
,,,00.000170000000, -22.80000,
,,,00.000170200000, -23.20000,
,,,00.000170400000, -23.20000,
,,,00.000170600000, -23.20000,
,,,00.000170800000, -23.60000,
,,,00.000171000000, -23.60000,
,,,00.000171200000, -23.20000,
,,,00.000171400000, -23.60000,
,,,00.000171600000, -23.60000,
,,,00.000171800000, -23.60000,
,,,00.000172000000, -23.60000,
,,,00.000172200000, -23.60000,
,,,00.000172400000, -23.60000,
,,,00.000172600000, -24.00000,
,,,00.000172800000, -24.00000,
,,,00.000173000000, -23.60000,
,,,00.000173200000, -24.00000,
,,,00.000173400000, -23.60000,
,,,00.000173600000, -24.00000,
,,,00.000173800000, -23.60000,
,,,00.000174000000, -24.40000,
,,,00.000174200000, -24.40000,
,,,00.000174400000, -24.40000,
,,,00.000174600000, -23.60000,
,,,00.000174800000, -23.60000,
,,,00.000175000000, -24.00000,
,,,00.000175200000, -24.40000,
,,,00.000175400000, -24.00000,
,,,00.000175600000, -23.60000,
,,,00.000175800000, -23.60000,
,,,00.000176000000, -24.00000,
,,,00.000176200000, -23.60000,
,,,00.000176400000, -24.00000,
,,,00.000176600000, -23.60000,
,,,00.000176800000, -24.00000,
,,,00.000177000000, -23.60000,
,,,00.000177200000, -24.00000,
,,,00.000177400000, -23.60000,
,,,00.000177600000, -23.60000,
,,,00.000177800000, -23.60000,
,,,00.000178000000, -24.00000,
,,,00.000178200000, -23.60000,
,,,00.000178400000, -24.00000,
,,,00.000178600000, -23.20000,
,,,00.000178800000, -23.20000,
,,,00.000179000000, -23.20000,
,,,00.000179200000, -22.80000,
,,,00.000179400000, -23.20000,
,,,00.000179600000, -23.20000,
,,,00.000179800000, -23.60000,
,,,00.000180000000, -22.80000,
,,,00.000180200000, -22.80000,
,,,00.000180400000, -22.80000,
,,,00.000180600000, -22.40000,
,,,00.000180800000, -22.40000,
,,,00.000181000000, -22.40000,
,,,00.000181200000, -21.60000,
,,,00.000181400000, -21.60000,
,,,00.000181600000, -21.60000,
,,,00.000181800000, -21.60000,
,,,00.000182000000, -21.60000,
,,,00.000182200000, -21.20000,
,,,00.000182400000, -21.60000,
,,,00.000182600000, -21.60000,
,,,00.000182800000, -21.20000,
,,,00.000183000000, -21.20000,
,,,00.000183200000, -20.80000,
,,,00.000183400000, -20.80000,
,,,00.000183600000, -20.40000,
,,,00.000183800000, -20.40000,
,,,00.000184000000, -20.00000,
,,,00.000184200000, -20.40000,
,,,00.000184400000, -20.00000,
,,,00.000184600000, -20.00000,
,,,00.000184800000, -19.60000,
,,,00.000185000000, -19.60000,
,,,00.000185200000, -19.60000,
,,,00.000185400000, -19.20000,
,,,00.000185600000, -18.40000,
,,,00.000185800000, -18.40000,
,,,00.000186000000, -18.40000,
,,,00.000186200000, -17.60000,
,,,00.000186400000, -18.00000,
,,,00.000186600000, -17.60000,
,,,00.000186800000, -17.20000,
,,,00.000187000000, -17.20000,
,,,00.000187200000, -17.20000,
,,,00.000187400000, -17.20000,
,,,00.000187600000, -16.40000,
,,,00.000187800000, -16.40000,
,,,00.000188000000, -16.40000,
,,,00.000188200000, -16.00000,
,,,00.000188400000, -16.00000,
,,,00.000188600000, -15.60000,
,,,00.000188800000, -15.20000,
,,,00.000189000000, -14.80000,
,,,00.000189200000, -14.80000,
,,,00.000189400000, -14.40000,
,,,00.000189600000, -14.00000,
,,,00.000189800000, -14.00000,
,,,00.000190000000, -13.60000,
,,,00.000190200000, -13.60000,
,,,00.000190400000, -13.20000,
,,,00.000190600000, -12.80000,
,,,00.000190800000, -12.80000,
,,,00.000191000000, -12.80000,
,,,00.000191200000, -12.80000,
,,,00.000191400000, -12.00000,
,,,00.000191600000, -11.60000,
,,,00.000191800000, -11.20000,
,,,00.000192000000, -11.60000,
,,,00.000192200000, -10.40000,
,,,00.000192400000, -10.80000,
,,,00.000192600000, -10.80000,
,,,00.000192800000, -10.00000,
,,,00.000193000000, -10.00000,
,,,00.000193200000,  -9.60000,
,,,00.000193400000,  -9.20000,
,,,00.000193600000,  -9.20000,
,,,00.000193800000,  -8.80000,
,,,00.000194000000,  -8.80000,
,,,00.000194200000,  -8.00000,
,,,00.000194400000,  -7.60000,
,,,00.000194600000,  -7.60000,
,,,00.000194800000,  -7.60000,
,,,00.000195000000,  -7.20000,
,,,00.000195200000,  -6.40000,
,,,00.000195400000,  -6.80000,
,,,00.000195600000,  -6.00000,
,,,00.000195800000,  -5.60000,
,,,00.000196000000,  -5.60000,
,,,00.000196200000,  -5.20000,
,,,00.000196400000,  -4.80000,
,,,00.000196600000,  -4.40000,
,,,00.000196800000,  -4.40000,
,,,00.000197000000,  -4.00000,
,,,00.000197200000,  -3.60000,
,,,00.000197400000,  -3.20000,
,,,00.000197600000,  -3.20000,
,,,00.000197800000,  -2.80000,
,,,00.000198000000,  -2.80000,
,,,00.000198200000,  -2.80000,
,,,00.000198400000,  -2.00000,
,,,00.000198600000,  -1.20000,
,,,00.000198800000,  -0.80000,
,,,00.000199000000,  -0.80000,
,,,00.000199200000,  -0.80000,
,,,00.000199400000,  -0.40000,
,,,00.000199600000,  -0.40000,
,,,00.000199800000,   0.00000,
,,,00.000200000000,   0.80000,
,,,00.000200200000,   1.20000,
,,,00.000200400000,   1.20000,
,,,00.000200600000,   1.60000,
,,,00.000200800000,   2.00000,
,,,00.000201000000,   2.00000,
,,,00.000201200000,   2.40000,
,,,00.000201400000,   2.40000,
,,,00.000201600000,   3.20000,
,,,00.000201800000,   3.60000,
,,,00.000202000000,   3.60000,
,,,00.000202200000,   4.00000,
,,,00.000202400000,   4.80000,
,,,00.000202600000,   4.40000,
,,,00.000202800000,   4.80000,
,,,00.000203000000,   5.20000,
,,,00.000203200000,   5.60000,
,,,00.000203400000,   6.00000,
,,,00.000203600000,   6.00000,
,,,00.000203800000,   6.80000,
,,,00.000204000000,   6.80000,
,,,00.000204200000,   7.20000,
,,,00.000204400000,   7.20000,
,,,00.000204600000,   7.60000,
,,,00.000204800000,   7.60000,
,,,00.000205000000,   8.40000,
,,,00.000205200000,   8.00000,
,,,00.000205400000,   9.20000,
,,,00.000205600000,   8.80000,
,,,00.000205800000,   9.60000,
,,,00.000206000000,   9.60000,
,,,00.000206200000,  10.00000,
,,,00.000206400000,  10.00000,
,,,00.000206600000,  10.40000,
,,,00.000206800000,  10.40000,
,,,00.000207000000,  10.80000,
,,,00.000207200000,  11.20000,
,,,00.000207400000,  11.20000,
,,,00.000207600000,  11.60000,
,,,00.000207800000,  12.00000,
,,,00.000208000000,  12.80000,
,,,00.000208200000,  12.40000,
,,,00.000208400000,  12.80000,
,,,00.000208600000,  13.20000,
,,,00.000208800000,  13.60000,
,,,00.000209000000,  13.20000,
,,,00.000209200000,  13.60000,
,,,00.000209400000,  14.40000,
,,,00.000209600000,  14.40000,
,,,00.000209800000,  14.80000,
,,,00.000210000000,  14.80000,
,,,00.000210200000,  15.20000,
,,,00.000210400000,  15.60000,
,,,00.000210600000,  15.60000,
,,,00.000210800000,  15.60000,
,,,00.000211000000,  16.00000,
,,,00.000211200000,  16.40000,
,,,00.000211400000,  16.40000,
,,,00.000211600000,  16.80000,
,,,00.000211800000,  16.80000,
,,,00.000212000000,  17.20000,
,,,00.000212200000,  17.60000,
,,,00.000212400000,  17.60000,
,,,00.000212600000,  18.00000,
,,,00.000212800000,  18.00000,
,,,00.000213000000,  18.40000,
,,,00.000213200000,  18.40000,
,,,00.000213400000,  18.40000,
,,,00.000213600000,  19.20000,
,,,00.000213800000,  19.20000,
,,,00.000214000000,  19.20000,
,,,00.000214200000,  19.60000,
,,,00.000214400000,  19.60000,
,,,00.000214600000,  19.60000,
,,,00.000214800000,  20.40000,
,,,00.000215000000,  20.40000,
,,,00.000215200000,  20.00000,
,,,00.000215400000,  20.80000,
,,,00.000215600000,  20.80000,
,,,00.000215800000,  20.80000,
,,,00.000216000000,  20.80000,
,,,00.000216200000,  21.20000,
,,,00.000216400000,  21.20000,
,,,00.000216600000,  21.60000,
,,,00.000216800000,  21.60000,
,,,00.000217000000,  22.00000,
,,,00.000217200000,  22.00000,
,,,00.000217400000,  22.40000,
,,,00.000217600000,  22.40000,
,,,00.000217800000,  22.40000,
,,,00.000218000000,  22.40000,
,,,00.000218200000,  23.20000,
,,,00.000218400000,  22.40000,
,,,00.000218600000,  22.80000,
,,,00.000218800000,  22.80000,
,,,00.000219000000,  23.20000,
,,,00.000219200000,  22.80000,
,,,00.000219400000,  23.20000,
,,,00.000219600000,  23.20000,
,,,00.000219800000,  23.60000,
,,,00.000220000000,  23.60000,
,,,00.000220200000,  24.00000,
,,,00.000220400000,  24.00000,
,,,00.000220600000,  23.60000,
,,,00.000220800000,  24.00000,
,,,00.000221000000,  24.40000,
,,,00.000221200000,  24.00000,
,,,00.000221400000,  24.00000,
,,,00.000221600000,  24.40000,
,,,00.000221800000,  24.40000,
,,,00.000222000000,  24.40000,
,,,00.000222200000,  24.40000,
,,,00.000222400000,  24.40000,
,,,00.000222600000,  24.80000,
,,,00.000222800000,  24.40000,
,,,00.000223000000,  24.40000,
,,,00.000223200000,  25.20000,
,,,00.000223400000,  24.40000,
,,,00.000223600000,  24.80000,
,,,00.000223800000,  24.40000,
,,,00.000224000000,  25.20000,
,,,00.000224200000,  24.80000,
,,,00.000224400000,  24.80000,
,,,00.000224600000,  25.60000,
,,,00.000224800000,  25.20000,
,,,00.000225000000,  24.40000,
,,,00.000225200000,  24.80000,
,,,00.000225400000,  25.20000,
,,,00.000225600000,  25.20000,
,,,00.000225800000,  24.80000,
,,,00.000226000000,  24.80000,
,,,00.000226200000,  24.80000,
,,,00.000226400000,  24.80000,
,,,00.000226600000,  24.40000,
,,,00.000226800000,  24.40000,
,,,00.000227000000,  24.80000,
,,,00.000227200000,  24.80000,
,,,00.000227400000,  24.80000,
,,,00.000227600000,  24.40000,
,,,00.000227800000,  24.80000,
,,,00.000228000000,  24.40000,
,,,00.000228200000,  24.40000,
,,,00.000228400000,  24.40000,
,,,00.000228600000,  24.40000,
,,,00.000228800000,  24.40000,
,,,00.000229000000,  24.00000,
,,,00.000229200000,  24.00000,
,,,00.000229400000,  23.60000,
,,,00.000229600000,  23.60000,
,,,00.000229800000,  23.60000,
,,,00.000230000000,  23.60000,
,,,00.000230200000,  24.00000,
,,,00.000230400000,  23.60000,
,,,00.000230600000,  24.00000,
,,,00.000230800000,  23.60000,
,,,00.000231000000,  23.20000,
,,,00.000231200000,  23.20000,
,,,00.000231400000,  22.80000,
,,,00.000231600000,  22.80000,
,,,00.000231800000,  22.80000,
,,,00.000232000000,  22.40000,
,,,00.000232200000,  22.40000,
,,,00.000232400000,  22.00000,
,,,00.000232600000,  21.60000,
,,,00.000232800000,  22.40000,
,,,00.000233000000,  22.00000,
,,,00.000233200000,  21.60000,
,,,00.000233400000,  20.80000,
,,,00.000233600000,  21.20000,
,,,00.000233800000,  21.20000,
,,,00.000234000000,  20.80000,
,,,00.000234200000,  20.80000,
,,,00.000234400000,  21.20000,
,,,00.000234600000,  20.80000,
,,,00.000234800000,  20.40000,
,,,00.000235000000,  20.00000,
,,,00.000235200000,  20.00000,
,,,00.000235400000,  19.60000,
,,,00.000235600000,  19.60000,
,,,00.000235800000,  19.60000,
,,,00.000236000000,  19.20000,
,,,00.000236200000,  18.80000,
,,,00.000236400000,  18.80000,
,,,00.000236600000,  18.00000,
,,,00.000236800000,  18.80000,
,,,00.000237000000,  18.00000,
,,,00.000237200000,  18.40000,
,,,00.000237400000,  17.60000,
,,,00.000237600000,  17.20000,
,,,00.000237800000,  17.20000,
,,,00.000238000000,  17.20000,
,,,00.000238200000,  16.40000,
,,,00.000238400000,  16.80000,
,,,00.000238600000,  16.00000,
,,,00.000238800000,  16.40000,
,,,00.000239000000,  15.60000,
,,,00.000239200000,  16.00000,
,,,00.000239400000,  15.60000,
,,,00.000239600000,  14.80000,
,,,00.000239800000,  15.20000,
,,,00.000240000000,  14.80000,
,,,00.000240200000,  14.40000,
,,,00.000240400000,  14.80000,
,,,00.000240600000,  14.00000,
,,,00.000240800000,  14.00000,
,,,00.000241000000,  13.20000,
,,,00.000241200000,  13.20000,
,,,00.000241400000,  12.80000,
,,,00.000241600000,  12.00000,
,,,00.000241800000,  12.80000,
,,,00.000242000000,  11.60000,
,,,00.000242200000,  12.00000,
,,,00.000242400000,  11.60000,
,,,00.000242600000,  11.20000,
,,,00.000242800000,  11.20000,
,,,00.000243000000,  10.80000,
,,,00.000243200000,  10.40000,
,,,00.000243400000,  10.00000,
,,,00.000243600000,   9.60000,
,,,00.000243800000,   9.60000,
,,,00.000244000000,   9.20000,
,,,00.000244200000,   8.40000,
,,,00.000244400000,   8.00000,
,,,00.000244600000,   8.40000,
,,,00.000244800000,   8.00000,
,,,00.000245000000,   7.60000,
,,,00.000245200000,   7.20000,
,,,00.000245400000,   7.20000,
,,,00.000245600000,   7.20000,
,,,00.000245800000,   6.40000,
,,,00.000246000000,   6.80000,
,,,00.000246200000,   6.40000,
,,,00.000246400000,   5.20000,
,,,00.000246600000,   6.00000,
,,,00.000246800000,   5.20000,
,,,00.000247000000,   5.20000,
,,,00.000247200000,   4.80000,
,,,00.000247400000,   4.00000,
,,,00.000247600000,   4.00000,
,,,00.000247800000,   3.60000,
,,,00.000248000000,   3.60000,
,,,00.000248200000,   2.80000,
,,,00.000248400000,   3.20000,
,,,00.000248600000,   2.40000,
,,,00.000248800000,   2.00000,
,,,00.000249000000,   1.60000,
,,,00.000249200000,   1.60000,
,,,00.000249400000,   1.20000,
,,,00.000249600000,   0.80000,
,,,00.000249800000,   0.40000,
