Record Length,2.500000e+03,,  -0.000050000000,   1.40000,
Sample Interval,4.000000e-08,,  -0.000049960000,   1.20000,
Trigger Point,1.250000000000e+03,,  -0.000049920000,   0.80000,
,,,  -0.000049880000,   0.80000,
,,,  -0.000049840000,   0.40000,
,,,  -0.000049800000,   0.20000,
Source,CH1,,  -0.000049760000,   0.20000,
Vertical Units,V,,  -0.000049720000,  -0.20000,
Vertical Scale,5.000000e+00,,  -0.000049680000,  -0.60000,
Vertical Offset,0.000000e+00,,  -0.000049640000,  -0.60000,
Horizontal Units,s,,  -0.000049600000,  -0.60000,
Horizontal Scale,1.000000e-05,,  -0.000049560000,  -0.40000,
Pt Fmt,Y,,  -0.000049520000,  -0.20000,
Yzero,0.000000e+00,,  -0.000049480000,  -0.20000,
Probe Atten,1.000000e+01,,  -0.000049440000,   0.00000,
Model Number,TDS1002B,,  -0.000049400000,   0.00000,
Serial Number,C050789,,  -0.000049360000,   0.20000,
Firmware Version,FV:v22.01,,  -0.000049320000,   0.40000,
,,,-00.000049280000,   0.20000,
,,,-00.000049240000,   0.40000,
,,,-00.000049200000,   0.20000,
,,,-00.000049160000,   0.00000,
,,,-00.000049120000,  -0.60000,
,,,-00.000049080000,  -0.60000,
,,,-00.000049040000,  -0.80000,
,,,-00.000049000000,  -0.80000,
,,,-00.000048960000,  -1.00000,
,,,-00.000048920000,  -1.20000,
,,,-00.000048880000,  -1.00000,
,,,-00.000048840000,  -1.00000,
,,,-00.000048800000,  -0.80000,
,,,-00.000048760000,  -1.00000,
,,,-00.000048720000,  -1.20000,
,,,-00.000048680000,  -1.60000,
,,,-00.000048640000,  -1.60000,
,,,-00.000048600000,  -1.80000,
,,,-00.000048560000,  -1.80000,
,,,-00.000048520000,  -2.00000,
,,,-00.000048480000,  -2.40000,
,,,-00.000048440000,  -2.20000,
,,,-00.000048400000,  -2.20000,
,,,-00.000048360000,  -2.20000,
,,,-00.000048320000,  -2.40000,
,,,-00.000048280000,  -2.40000,
,,,-00.000048240000,  -2.00000,
,,,-00.000048200000,  -2.00000,
,,,-00.000048160000,  -2.20000,
,,,-00.000048120000,  -2.20000,
,,,-00.000048080000,  -2.60000,
,,,-00.000048040000,  -2.40000,
,,,-00.000048000000,  -2.60000,
,,,-00.000047960000,  -2.80000,
,,,-00.000047920000,  -3.40000,
,,,-00.000047880000,  -3.60000,
,,,-00.000047840000,  -3.80000,
,,,-00.000047800000,  -4.20000,
,,,-00.000047760000,  -4.00000,
,,,-00.000047720000,  -4.00000,
,,,-00.000047680000,  -4.00000,
,,,-00.000047640000,  -3.60000,
,,,-00.000047600000,  -3.40000,
,,,-00.000047560000,  -3.40000,
,,,-00.000047520000,  -3.20000,
,,,-00.000047480000,  -3.20000,
,,,-00.000047440000,  -3.20000,
,,,-00.000047400000,  -3.40000,
,,,-00.000047360000,  -3.80000,
,,,-00.000047320000,  -3.60000,
,,,-00.000047280000,  -4.40000,
,,,-00.000047240000,  -4.40000,
,,,-00.000047200000,  -4.80000,
,,,-00.000047160000,  -4.60000,
,,,-00.000047120000,  -5.00000,
,,,-00.000047080000,  -5.00000,
,,,-00.000047040000,  -5.00000,
,,,-00.000047000000,  -4.80000,
,,,-00.000046960000,  -4.80000,
,,,-00.000046920000,  -4.60000,
,,,-00.000046880000,  -4.80000,
,,,-00.000046840000,  -4.80000,
,,,-00.000046800000,  -4.80000,
,,,-00.000046760000,  -5.00000,
,,,-00.000046720000,  -5.20000,
,,,-00.000046680000,  -5.60000,
,,,-00.000046640000,  -6.00000,
,,,-00.000046600000,  -6.00000,
,,,-00.000046560000,  -6.00000,
,,,-00.000046520000,  -6.20000,
,,,-00.000046480000,  -6.60000,
,,,-00.000046440000,  -6.40000,
,,,-00.000046400000,  -6.20000,
,,,-00.000046360000,  -6.00000,
,,,-00.000046320000,  -5.60000,
,,,-00.000046280000,  -5.60000,
,,,-00.000046240000,  -5.40000,
,,,-00.000046200000,  -5.40000,
,,,-00.000046160000,  -5.40000,
,,,-00.000046120000,  -5.40000,
,,,-00.000046080000,  -5.40000,
,,,-00.000046040000,  -5.60000,
,,,-00.000046000000,  -6.00000,
,,,-00.000045960000,  -6.00000,
,,,-00.000045920000,  -6.20000,
,,,-00.000045880000,  -6.20000,
,,,-00.000045840000,  -6.40000,
,,,-00.000045800000,  -6.40000,
,,,-00.000045760000,  -6.60000,
,,,-00.000045720000,  -6.80000,
,,,-00.000045680000,  -7.00000,
,,,-00.000045640000,  -7.40000,
,,,-00.000045600000,  -7.40000,
,,,-00.000045560000,  -7.80000,
,,,-00.000045520000,  -8.00000,
,,,-00.000045480000,  -8.20000,
,,,-00.000045440000,  -8.40000,
,,,-00.000045400000,  -8.60000,
,,,-00.000045360000,  -8.80000,
,,,-00.000045320000,  -8.60000,
,,,-00.000045280000,  -8.80000,
,,,-00.000045240000,  -8.60000,
,,,-00.000045200000,  -8.40000,
,,,-00.000045160000,  -8.60000,
,,,-00.000045120000,  -8.20000,
,,,-00.000045080000,  -7.80000,
,,,-00.000045040000,  -7.40000,
,,,-00.000045000000,  -7.80000,
,,,-00.000044960000,  -8.20000,
,,,-00.000044920000,  -8.00000,
,,,-00.000044880000,  -7.80000,
,,,-00.000044840000,  -8.40000,
,,,-00.000044800000,  -8.80000,
,,,-00.000044760000,  -9.20000,
,,,-00.000044720000,  -9.80000,
,,,-00.000044680000,  -9.80000,
,,,-00.000044640000,  -9.80000,
,,,-00.000044600000, -10.20000,
,,,-00.000044560000, -10.00000,
,,,-00.000044520000, -10.00000,
,,,-00.000044480000,  -9.80000,
,,,-00.000044440000,  -9.40000,
,,,-00.000044400000,  -9.60000,
,,,-00.000044360000,  -9.60000,
,,,-00.000044320000,  -9.40000,
,,,-00.000044280000,  -9.40000,
,,,-00.000044240000,  -9.80000,
,,,-00.000044200000,  -9.80000,
,,,-00.000044160000, -10.00000,
,,,-00.000044120000, -10.40000,
,,,-00.000044080000, -10.40000,
,,,-00.000044040000, -10.20000,
,,,-00.000044000000, -10.40000,
,,,-00.000043960000, -10.80000,
,,,-00.000043920000, -10.60000,
,,,-00.000043880000, -10.40000,
,,,-00.000043840000, -10.80000,
,,,-00.000043800000, -10.40000,
,,,-00.000043760000, -10.80000,
,,,-00.000043720000, -10.80000,
,,,-00.000043680000, -10.80000,
,,,-00.000043640000, -11.00000,
,,,-00.000043600000, -11.40000,
,,,-00.000043560000, -11.20000,
,,,-00.000043520000, -11.60000,
,,,-00.000043480000, -12.20000,
,,,-00.000043440000, -12.00000,
,,,-00.000043400000, -12.60000,
,,,-00.000043360000, -12.00000,
,,,-00.000043320000, -12.20000,
,,,-00.000043280000, -12.20000,
,,,-00.000043240000, -12.20000,
,,,-00.000043200000, -11.60000,
,,,-00.000043160000, -11.80000,
,,,-00.000043120000, -11.60000,
,,,-00.000043080000, -11.60000,
,,,-00.000043040000, -11.20000,
,,,-00.000043000000, -11.80000,
,,,-00.000042960000, -12.00000,
,,,-00.000042920000, -12.00000,
,,,-00.000042880000, -12.00000,
,,,-00.000042840000, -12.60000,
,,,-00.000042800000, -12.80000,
,,,-00.000042760000, -12.80000,
,,,-00.000042720000, -12.80000,
,,,-00.000042680000, -12.80000,
,,,-00.000042640000, -12.80000,
,,,-00.000042600000, -12.80000,
,,,-00.000042560000, -12.80000,
,,,-00.000042520000, -13.00000,
,,,-00.000042480000, -13.20000,
,,,-00.000042440000, -13.00000,
,,,-00.000042400000, -13.20000,
,,,-00.000042360000, -13.40000,
,,,-00.000042320000, -13.80000,
,,,-00.000042280000, -14.00000,
,,,-00.000042240000, -14.20000,
,,,-00.000042200000, -14.20000,
,,,-00.000042160000, -14.20000,
,,,-00.000042120000, -14.20000,
,,,-00.000042080000, -14.20000,
,,,-00.000042040000, -14.00000,
,,,-00.000042000000, -14.00000,
,,,-00.000041960000, -14.00000,
,,,-00.000041920000, -13.80000,
,,,-00.000041880000, -14.00000,
,,,-00.000041840000, -14.00000,
,,,-00.000041800000, -14.40000,
,,,-00.000041760000, -14.40000,
,,,-00.000041720000, -14.60000,
,,,-00.000041680000, -15.00000,
,,,-00.000041640000, -15.20000,
,,,-00.000041600000, -15.40000,
,,,-00.000041560000, -15.40000,
,,,-00.000041520000, -15.20000,
,,,-00.000041480000, -15.40000,
,,,-00.000041440000, -15.40000,
,,,-00.000041400000, -15.20000,
,,,-00.000041360000, -14.80000,
,,,-00.000041320000, -14.80000,
,,,-00.000041280000, -14.80000,
,,,-00.000041240000, -15.00000,
,,,-00.000041200000, -15.60000,
,,,-00.000041160000, -15.40000,
,,,-00.000041120000, -15.80000,
,,,-00.000041080000, -15.80000,
,,,-00.000041040000, -16.40000,
,,,-00.000041000000, -16.60000,
,,,-00.000040960000, -16.80000,
,,,-00.000040920000, -16.60000,
,,,-00.000040880000, -16.60000,
,,,-00.000040840000, -17.00000,
,,,-00.000040800000, -16.60000,
,,,-00.000040760000, -16.40000,
,,,-00.000040720000, -16.00000,
,,,-00.000040680000, -15.20000,
,,,-00.000040640000, -15.00000,
,,,-00.000040600000, -14.00000,
,,,-00.000040560000, -13.60000,
,,,-00.000040520000, -13.20000,
,,,-00.000040480000, -12.80000,
,,,-00.000040440000, -12.40000,
,,,-00.000040400000, -12.80000,
,,,-00.000040360000, -12.40000,
,,,-00.000040320000, -12.60000,
,,,-00.000040280000, -13.00000,
,,,-00.000040240000, -13.40000,
,,,-00.000040200000, -13.80000,
,,,-00.000040160000, -14.40000,
,,,-00.000040120000, -14.80000,
,,,-00.000040080000, -15.00000,
,,,-00.000040040000, -14.80000,
,,,-00.000040000000, -15.00000,
,,,-00.000039960000, -14.80000,
,,,-00.000039920000, -14.40000,
,,,-00.000039880000, -14.40000,
,,,-00.000039840000, -14.00000,
,,,-00.000039800000, -13.60000,
,,,-00.000039760000, -13.00000,
,,,-00.000039720000, -12.80000,
,,,-00.000039680000, -12.60000,
,,,-00.000039640000, -12.20000,
,,,-00.000039600000, -12.40000,
,,,-00.000039560000, -12.20000,
,,,-00.000039520000, -12.60000,
,,,-00.000039480000, -12.60000,
,,,-00.000039440000, -12.80000,
,,,-00.000039400000, -12.40000,
,,,-00.000039360000, -12.80000,
,,,-00.000039320000, -12.60000,
,,,-00.000039280000, -12.60000,
,,,-00.000039240000, -12.20000,
,,,-00.000039200000, -12.00000,
,,,-00.000039160000, -11.80000,
,,,-00.000039120000, -11.40000,
,,,-00.000039080000, -11.20000,
,,,-00.000039040000, -11.20000,
,,,-00.000039000000, -10.80000,
,,,-00.000038960000, -11.20000,
,,,-00.000038920000, -11.40000,
,,,-00.000038880000, -11.40000,
,,,-00.000038840000, -11.20000,
,,,-00.000038800000, -11.40000,
,,,-00.000038760000, -12.00000,
,,,-00.000038720000, -11.80000,
,,,-00.000038680000, -11.60000,
,,,-00.000038640000, -11.60000,
,,,-00.000038600000, -11.20000,
,,,-00.000038560000, -11.00000,
,,,-00.000038520000, -10.80000,
,,,-00.000038480000, -10.40000,
,,,-00.000038440000, -10.20000,
,,,-00.000038400000,  -9.60000,
,,,-00.000038360000,  -9.80000,
,,,-00.000038320000, -10.00000,
,,,-00.000038280000,  -9.60000,
,,,-00.000038240000, -10.00000,
,,,-00.000038200000,  -9.80000,
,,,-00.000038160000, -10.20000,
,,,-00.000038120000, -10.20000,
,,,-00.000038080000, -10.20000,
,,,-00.000038040000, -10.20000,
,,,-00.000038000000, -10.20000,
,,,-00.000037960000, -10.00000,
,,,-00.000037920000,  -9.80000,
,,,-00.000037880000,  -9.40000,
,,,-00.000037840000,  -9.40000,
,,,-00.000037800000,  -9.40000,
,,,-00.000037760000,  -9.40000,
,,,-00.000037720000,  -9.20000,
,,,-00.000037680000,  -9.20000,
,,,-00.000037640000,  -8.80000,
,,,-00.000037600000,  -9.00000,
,,,-00.000037560000,  -9.00000,
,,,-00.000037520000,  -9.20000,
,,,-00.000037480000,  -8.80000,
,,,-00.000037440000,  -8.80000,
,,,-00.000037400000,  -8.40000,
,,,-00.000037360000,  -8.60000,
,,,-00.000037320000,  -8.00000,
,,,-00.000037280000,  -8.00000,
,,,-00.000037240000,  -8.20000,
,,,-00.000037200000,  -7.60000,
,,,-00.000037160000,  -7.60000,
,,,-00.000037120000,  -7.40000,
,,,-00.000037080000,  -7.40000,
,,,-00.000037040000,  -7.60000,
,,,-00.000037000000,  -7.60000,
,,,-00.000036960000,  -7.80000,
,,,-00.000036920000,  -8.00000,
,,,-00.000036880000,  -8.00000,
,,,-00.000036840000,  -8.20000,
,,,-00.000036800000,  -8.20000,
,,,-00.000036760000,  -8.00000,
,,,-00.000036720000,  -7.80000,
,,,-00.000036680000,  -7.80000,
,,,-00.000036640000,  -7.40000,
,,,-00.000036600000,  -7.40000,
,,,-00.000036560000,  -7.20000,
,,,-00.000036520000,  -6.80000,
,,,-00.000036480000,  -7.00000,
,,,-00.000036440000,  -7.20000,
,,,-00.000036400000,  -6.80000,
,,,-00.000036360000,  -7.20000,
,,,-00.000036320000,  -7.00000,
,,,-00.000036280000,  -7.00000,
,,,-00.000036240000,  -6.80000,
,,,-00.000036200000,  -6.80000,
,,,-00.000036160000,  -6.60000,
,,,-00.000036120000,  -6.00000,
,,,-00.000036080000,  -6.00000,
,,,-00.000036040000,  -5.80000,
,,,-00.000036000000,  -5.40000,
,,,-00.000035960000,  -5.60000,
,,,-00.000035920000,  -5.60000,
,,,-00.000035880000,  -5.60000,
,,,-00.000035840000,  -5.60000,
,,,-00.000035800000,  -5.60000,
,,,-00.000035760000,  -5.60000,
,,,-00.000035720000,  -5.80000,
,,,-00.000035680000,  -5.80000,
,,,-00.000035640000,  -5.60000,
,,,-00.000035600000,  -5.60000,
,,,-00.000035560000,  -5.60000,
,,,-00.000035520000,  -5.40000,
,,,-00.000035480000,  -5.20000,
,,,-00.000035440000,  -5.00000,
,,,-00.000035400000,  -4.60000,
,,,-00.000035360000,  -4.20000,
,,,-00.000035320000,  -4.00000,
,,,-00.000035280000,  -3.60000,
,,,-00.000035240000,  -3.80000,
,,,-00.000035200000,  -3.40000,
,,,-00.000035160000,  -4.00000,
,,,-00.000035120000,  -4.00000,
,,,-00.000035080000,  -4.40000,
,,,-00.000035040000,  -4.40000,
,,,-00.000035000000,  -4.20000,
,,,-00.000034960000,  -4.40000,
,,,-00.000034920000,  -4.40000,
,,,-00.000034880000,  -4.40000,
,,,-00.000034840000,  -4.00000,
,,,-00.000034800000,  -4.00000,
,,,-00.000034760000,  -3.40000,
,,,-00.000034720000,  -3.40000,
,,,-00.000034680000,  -3.20000,
,,,-00.000034640000,  -3.00000,
,,,-00.000034600000,  -3.00000,
,,,-00.000034560000,  -2.80000,
,,,-00.000034520000,  -3.00000,
,,,-00.000034480000,  -3.00000,
,,,-00.000034440000,  -3.20000,
,,,-00.000034400000,  -3.40000,
,,,-00.000034360000,  -3.00000,
,,,-00.000034320000,  -3.00000,
,,,-00.000034280000,  -3.00000,
,,,-00.000034240000,  -2.60000,
,,,-00.000034200000,  -2.60000,
,,,-00.000034160000,  -2.20000,
,,,-00.000034120000,  -2.00000,
,,,-00.000034080000,  -1.80000,
,,,-00.000034040000,  -1.80000,
,,,-00.000034000000,  -1.40000,
,,,-00.000033960000,  -1.80000,
,,,-00.000033920000,  -1.80000,
,,,-00.000033880000,  -2.00000,
,,,-00.000033840000,  -2.20000,
,,,-00.000033800000,  -2.00000,
,,,-00.000033760000,  -2.20000,
,,,-00.000033720000,  -2.00000,
,,,-00.000033680000,  -2.20000,
,,,-00.000033640000,  -2.00000,
,,,-00.000033600000,  -1.60000,
,,,-00.000033560000,  -1.60000,
,,,-00.000033520000,  -1.40000,
,,,-00.000033480000,  -1.40000,
,,,-00.000033440000,  -1.20000,
,,,-00.000033400000,  -0.80000,
,,,-00.000033360000,  -1.00000,
,,,-00.000033320000,  -0.60000,
,,,-00.000033280000,  -1.60000,
,,,-00.000033240000,  -1.40000,
,,,-00.000033200000,  -1.20000,
,,,-00.000033160000,  -0.80000,
,,,-00.000033120000,  -0.60000,
,,,-00.000033080000,  -0.80000,
,,,-00.000033040000,  -0.40000,
,,,-00.000033000000,  -0.20000,
,,,-00.000032960000,  -0.20000,
,,,-00.000032920000,   0.20000,
,,,-00.000032880000,   0.40000,
,,,-00.000032840000,   0.40000,
,,,-00.000032800000,   0.60000,
,,,-00.000032760000,   1.00000,
,,,-00.000032720000,   1.00000,
,,,-00.000032680000,   0.80000,
,,,-00.000032640000,   0.60000,
,,,-00.000032600000,   0.60000,
,,,-00.000032560000,   0.40000,
,,,-00.000032520000,   0.40000,
,,,-00.000032480000,   0.20000,
,,,-00.000032440000,   0.60000,
,,,-00.000032400000,   0.60000,
,,,-00.000032360000,   1.00000,
,,,-00.000032320000,   1.20000,
,,,-00.000032280000,   1.40000,
,,,-00.000032240000,   1.40000,
,,,-00.000032200000,   1.60000,
,,,-00.000032160000,   1.80000,
,,,-00.000032120000,   1.80000,
,,,-00.000032080000,   1.60000,
,,,-00.000032040000,   1.40000,
,,,-00.000032000000,   1.80000,
,,,-00.000031960000,   1.40000,
,,,-00.000031920000,   1.00000,
,,,-00.000031880000,   1.60000,
,,,-00.000031840000,   1.40000,
,,,-00.000031800000,   1.60000,
,,,-00.000031760000,   1.80000,
,,,-00.000031720000,   2.00000,
,,,-00.000031680000,   2.40000,
,,,-00.000031640000,   2.60000,
,,,-00.000031600000,   3.00000,
,,,-00.000031560000,   3.00000,
,,,-00.000031520000,   2.80000,
,,,-00.000031480000,   3.00000,
,,,-00.000031440000,   3.00000,
,,,-00.000031400000,   3.00000,
,,,-00.000031360000,   2.80000,
,,,-00.000031320000,   2.60000,
,,,-00.000031280000,   2.60000,
,,,-00.000031240000,   2.40000,
,,,-00.000031200000,   2.60000,
,,,-00.000031160000,   2.80000,
,,,-00.000031120000,   3.40000,
,,,-00.000031080000,   3.40000,
,,,-00.000031040000,   3.80000,
,,,-00.000031000000,   4.20000,
,,,-00.000030960000,   4.20000,
,,,-00.000030920000,   4.20000,
,,,-00.000030880000,   4.40000,
,,,-00.000030840000,   4.40000,
,,,-00.000030800000,   4.60000,
,,,-00.000030760000,   4.20000,
,,,-00.000030720000,   4.20000,
,,,-00.000030680000,   4.20000,
,,,-00.000030640000,   3.60000,
,,,-00.000030600000,   3.80000,
,,,-00.000030560000,   3.60000,
,,,-00.000030520000,   3.80000,
,,,-00.000030480000,   4.00000,
,,,-00.000030440000,   4.20000,
,,,-00.000030400000,   4.60000,
,,,-00.000030360000,   4.60000,
,,,-00.000030320000,   4.80000,
,,,-00.000030280000,   5.00000,
,,,-00.000030240000,   4.80000,
,,,-00.000030200000,   5.00000,
,,,-00.000030160000,   5.20000,
,,,-00.000030120000,   5.00000,
,,,-00.000030080000,   5.20000,
,,,-00.000030040000,   5.00000,
,,,-00.000030000000,   5.20000,
,,,-00.000029960000,   5.00000,
,,,-00.000029920000,   5.40000,
,,,-00.000029880000,   5.40000,
,,,-00.000029840000,   5.80000,
,,,-00.000029800000,   6.00000,
,,,-00.000029760000,   6.20000,
,,,-00.000029720000,   6.60000,
,,,-00.000029680000,   6.40000,
,,,-00.000029640000,   6.20000,
,,,-00.000029600000,   6.40000,
,,,-00.000029560000,   6.40000,
,,,-00.000029520000,   6.20000,
,,,-00.000029480000,   6.00000,
,,,-00.000029440000,   6.40000,
,,,-00.000029400000,   6.20000,
,,,-00.000029360000,   6.20000,
,,,-00.000029320000,   6.20000,
,,,-00.000029280000,   6.60000,
,,,-00.000029240000,   6.80000,
,,,-00.000029200000,   7.20000,
,,,-00.000029160000,   7.20000,
,,,-00.000029120000,   7.40000,
,,,-00.000029080000,   7.60000,
,,,-00.000029040000,   8.20000,
,,,-00.000029000000,   8.20000,
,,,-00.000028960000,   8.20000,
,,,-00.000028920000,   8.20000,
,,,-00.000028880000,   7.60000,
,,,-00.000028840000,   7.40000,
,,,-00.000028800000,   7.40000,
,,,-00.000028760000,   7.40000,
,,,-00.000028720000,   7.60000,
,,,-00.000028680000,   7.40000,
,,,-00.000028640000,   7.40000,
,,,-00.000028600000,   7.60000,
,,,-00.000028560000,   8.00000,
,,,-00.000028520000,   8.00000,
,,,-00.000028480000,   8.60000,
,,,-00.000028440000,   8.20000,
,,,-00.000028400000,   8.80000,
,,,-00.000028360000,   8.60000,
,,,-00.000028320000,   8.60000,
,,,-00.000028280000,   8.60000,
,,,-00.000028240000,   8.80000,
,,,-00.000028200000,   8.60000,
,,,-00.000028160000,   8.60000,
,,,-00.000028120000,   8.80000,
,,,-00.000028080000,   8.60000,
,,,-00.000028040000,   9.00000,
,,,-00.000028000000,   9.00000,
,,,-00.000027960000,   9.20000,
,,,-00.000027920000,   9.60000,
,,,-00.000027880000,   9.60000,
,,,-00.000027840000,  10.00000,
,,,-00.000027800000,  10.00000,
,,,-00.000027760000,  10.20000,
,,,-00.000027720000,  10.20000,
,,,-00.000027680000,  10.20000,
,,,-00.000027640000,   9.80000,
,,,-00.000027600000,  10.00000,
,,,-00.000027560000,   9.60000,
,,,-00.000027520000,   9.60000,
,,,-00.000027480000,   9.60000,
,,,-00.000027440000,  10.00000,
,,,-00.000027400000,  10.00000,
,,,-00.000027360000,  10.00000,
,,,-00.000027320000,  10.20000,
,,,-00.000027280000,  10.60000,
,,,-00.000027240000,  10.20000,
,,,-00.000027200000,  10.40000,
,,,-00.000027160000,  10.80000,
,,,-00.000027120000,  10.40000,
,,,-00.000027080000,  10.80000,
,,,-00.000027040000,  10.40000,
,,,-00.000027000000,  10.80000,
,,,-00.000026960000,  10.60000,
,,,-00.000026920000,  10.60000,
,,,-00.000026880000,  11.00000,
,,,-00.000026840000,  11.20000,
,,,-00.000026800000,  11.20000,
,,,-00.000026760000,  11.60000,
,,,-00.000026720000,  11.60000,
,,,-00.000026680000,  11.80000,
,,,-00.000026640000,  12.20000,
,,,-00.000026600000,  12.40000,
,,,-00.000026560000,  12.40000,
,,,-00.000026520000,  12.20000,
,,,-00.000026480000,  12.20000,
,,,-00.000026440000,  12.40000,
,,,-00.000026400000,  12.40000,
,,,-00.000026360000,  12.00000,
,,,-00.000026320000,  12.20000,
,,,-00.000026280000,  12.20000,
,,,-00.000026240000,  12.00000,
,,,-00.000026200000,  12.00000,
,,,-00.000026160000,  12.20000,
,,,-00.000026120000,  12.80000,
,,,-00.000026080000,  12.60000,
,,,-00.000026040000,  13.00000,
,,,-00.000026000000,  13.40000,
,,,-00.000025960000,  13.60000,
,,,-00.000025920000,  13.40000,
,,,-00.000025880000,  14.00000,
,,,-00.000025840000,  14.00000,
,,,-00.000025800000,  13.60000,
,,,-00.000025760000,  13.60000,
,,,-00.000025720000,  13.40000,
,,,-00.000025680000,  13.20000,
,,,-00.000025640000,  13.20000,
,,,-00.000025600000,  13.20000,
,,,-00.000025560000,  13.60000,
,,,-00.000025520000,  13.40000,
,,,-00.000025480000,  13.60000,
,,,-00.000025440000,  14.00000,
,,,-00.000025400000,  14.20000,
,,,-00.000025360000,  14.20000,
,,,-00.000025320000,  14.20000,
,,,-00.000025280000,  14.40000,
,,,-00.000025240000,  14.60000,
,,,-00.000025200000,  14.80000,
,,,-00.000025160000,  14.40000,
,,,-00.000025120000,  14.40000,
,,,-00.000025080000,  14.40000,
,,,-00.000025040000,  14.20000,
,,,-00.000025000000,  14.60000,
,,,-00.000024960000,  14.20000,
,,,-00.000024920000,  14.20000,
,,,-00.000024880000,  14.40000,
,,,-00.000024840000,  14.80000,
,,,-00.000024800000,  14.60000,
,,,-00.000024760000,  14.80000,
,,,-00.000024720000,  14.40000,
,,,-00.000024680000,  15.00000,
,,,-00.000024640000,  14.80000,
,,,-00.000024600000,  14.80000,
,,,-00.000024560000,  14.60000,
,,,-00.000024520000,  14.80000,
,,,-00.000024480000,  14.60000,
,,,-00.000024440000,  14.80000,
,,,-00.000024400000,  14.60000,
,,,-00.000024360000,  14.80000,
,,,-00.000024320000,  14.80000,
,,,-00.000024280000,  14.60000,
,,,-00.000024240000,  14.80000,
,,,-00.000024200000,  14.40000,
,,,-00.000024160000,  14.80000,
,,,-00.000024120000,  15.00000,
,,,-00.000024080000,  15.20000,
,,,-00.000024040000,  14.80000,
,,,-00.000024000000,  15.00000,
,,,-00.000023960000,  15.00000,
,,,-00.000023920000,  15.00000,
,,,-00.000023880000,  15.20000,
,,,-00.000023840000,  15.20000,
,,,-00.000023800000,  14.60000,
,,,-00.000023760000,  14.60000,
,,,-00.000023720000,  14.40000,
,,,-00.000023680000,  14.40000,
,,,-00.000023640000,  14.40000,
,,,-00.000023600000,  14.00000,
,,,-00.000023560000,  14.00000,
,,,-00.000023520000,  13.60000,
,,,-00.000023480000,  14.00000,
,,,-00.000023440000,  14.40000,
,,,-00.000023400000,  14.00000,
,,,-00.000023360000,  13.80000,
,,,-00.000023320000,  14.40000,
,,,-00.000023280000,  13.60000,
,,,-00.000023240000,  13.80000,
,,,-00.000023200000,  13.80000,
,,,-00.000023160000,  13.40000,
,,,-00.000023120000,  13.20000,
,,,-00.000023080000,  12.60000,
,,,-00.000023040000,  12.40000,
,,,-00.000023000000,  12.00000,
,,,-00.000022960000,  12.00000,
,,,-00.000022920000,  11.80000,
,,,-00.000022880000,  11.60000,
,,,-00.000022840000,  11.40000,
,,,-00.000022800000,  11.40000,
,,,-00.000022760000,  11.80000,
,,,-00.000022720000,  11.80000,
,,,-00.000022680000,  12.20000,
,,,-00.000022640000,  12.40000,
,,,-00.000022600000,  12.60000,
,,,-00.000022560000,  12.80000,
,,,-00.000022520000,  12.60000,
,,,-00.000022480000,  13.00000,
,,,-00.000022440000,  12.80000,
,,,-00.000022400000,  12.40000,
,,,-00.000022360000,  12.40000,
,,,-00.000022320000,  11.80000,
,,,-00.000022280000,  11.40000,
,,,-00.000022240000,  11.00000,
,,,-00.000022200000,  11.00000,
,,,-00.000022160000,  10.80000,
,,,-00.000022120000,  10.40000,
,,,-00.000022080000,  10.40000,
,,,-00.000022040000,  10.80000,
,,,-00.000022000000,  10.80000,
,,,-00.000021960000,  10.40000,
,,,-00.000021920000,  11.00000,
,,,-00.000021880000,  11.00000,
,,,-00.000021840000,  11.00000,
,,,-00.000021800000,  11.00000,
,,,-00.000021760000,  10.80000,
,,,-00.000021720000,  10.20000,
,,,-00.000021680000,  10.00000,
,,,-00.000021640000,  10.20000,
,,,-00.000021600000,   9.80000,
,,,-00.000021560000,   9.60000,
,,,-00.000021520000,   9.60000,
,,,-00.000021480000,   9.40000,
,,,-00.000021440000,   9.40000,
,,,-00.000021400000,   9.40000,
,,,-00.000021360000,   9.60000,
,,,-00.000021320000,   9.60000,
,,,-00.000021280000,  10.40000,
,,,-00.000021240000,  10.40000,
,,,-00.000021200000,  10.40000,
,,,-00.000021160000,  10.60000,
,,,-00.000021120000,  10.60000,
,,,-00.000021080000,  10.20000,
,,,-00.000021040000,  10.20000,
,,,-00.000021000000,   9.60000,
,,,-00.000020960000,   9.60000,
,,,-00.000020920000,   9.20000,
,,,-00.000020880000,   9.40000,
,,,-00.000020840000,   9.40000,
,,,-00.000020800000,   9.20000,
,,,-00.000020760000,   9.00000,
,,,-00.000020720000,   9.00000,
,,,-00.000020680000,   8.60000,
,,,-00.000020640000,   8.40000,
,,,-00.000020600000,   8.40000,
,,,-00.000020560000,   8.40000,
,,,-00.000020520000,   7.60000,
,,,-00.000020480000,   7.80000,
,,,-00.000020440000,   7.40000,
,,,-00.000020400000,   7.40000,
,,,-00.000020360000,   7.00000,
,,,-00.000020320000,   7.20000,
,,,-00.000020280000,   7.20000,
,,,-00.000020240000,   7.00000,
,,,-00.000020200000,   7.40000,
,,,-00.000020160000,   7.60000,
,,,-00.000020120000,   8.00000,
,,,-00.000020080000,   8.00000,
,,,-00.000020040000,   8.00000,
,,,-00.000020000000,   8.60000,
,,,-00.000019960000,   8.00000,
,,,-00.000019920000,   7.80000,
,,,-00.000019880000,   7.80000,
,,,-00.000019840000,   7.20000,
,,,-00.000019800000,   7.00000,
,,,-00.000019760000,   6.60000,
,,,-00.000019720000,   6.20000,
,,,-00.000019680000,   6.20000,
,,,-00.000019640000,   5.60000,
,,,-00.000019600000,   5.60000,
,,,-00.000019560000,   5.60000,
,,,-00.000019520000,   6.00000,
,,,-00.000019480000,   6.00000,
,,,-00.000019440000,   6.00000,
,,,-00.000019400000,   6.20000,
,,,-00.000019360000,   6.60000,
,,,-00.000019320000,   6.20000,
,,,-00.000019280000,   6.40000,
,,,-00.000019240000,   6.40000,
,,,-00.000019200000,   5.80000,
,,,-00.000019160000,   5.80000,
,,,-00.000019120000,   5.40000,
,,,-00.000019080000,   5.40000,
,,,-00.000019040000,   5.00000,
,,,-00.000019000000,   5.20000,
,,,-00.000018960000,   5.20000,
,,,-00.000018920000,   5.20000,
,,,-00.000018880000,   5.20000,
,,,-00.000018840000,   5.00000,
,,,-00.000018800000,   5.60000,
,,,-00.000018760000,   5.00000,
,,,-00.000018720000,   5.00000,
,,,-00.000018680000,   4.80000,
,,,-00.000018640000,   4.80000,
,,,-00.000018600000,   4.20000,
,,,-00.000018560000,   4.20000,
,,,-00.000018520000,   4.20000,
,,,-00.000018480000,   3.60000,
,,,-00.000018440000,   3.80000,
,,,-00.000018400000,   3.40000,
,,,-00.000018360000,   3.20000,
,,,-00.000018320000,   3.40000,
,,,-00.000018280000,   3.60000,
,,,-00.000018240000,   3.60000,
,,,-00.000018200000,   4.00000,
,,,-00.000018160000,   4.20000,
,,,-00.000018120000,   4.40000,
,,,-00.000018080000,   4.00000,
,,,-00.000018040000,   4.20000,
,,,-00.000018000000,   3.80000,
,,,-00.000017960000,   4.20000,
,,,-00.000017920000,   3.80000,
,,,-00.000017880000,   3.60000,
,,,-00.000017840000,   3.20000,
,,,-00.000017800000,   3.20000,
,,,-00.000017760000,   3.00000,
,,,-00.000017720000,   2.80000,
,,,-00.000017680000,   3.20000,
,,,-00.000017640000,   3.00000,
,,,-00.000017600000,   2.60000,
,,,-00.000017560000,   3.00000,
,,,-00.000017520000,   2.80000,
,,,-00.000017480000,   2.80000,
,,,-00.000017440000,   2.40000,
,,,-00.000017400000,   2.40000,
,,,-00.000017360000,   2.20000,
,,,-00.000017320000,   2.20000,
,,,-00.000017280000,   2.20000,
,,,-00.000017240000,   1.60000,
,,,-00.000017200000,   1.60000,
,,,-00.000017160000,   1.80000,
,,,-00.000017120000,   1.60000,
,,,-00.000017080000,   1.80000,
,,,-00.000017040000,   2.00000,
,,,-00.000017000000,   1.80000,
,,,-00.000016960000,   1.80000,
,,,-00.000016920000,   2.00000,
,,,-00.000016880000,   2.20000,
,,,-00.000016840000,   1.60000,
,,,-00.000016800000,   1.40000,
,,,-00.000016760000,   1.60000,
,,,-00.000016720000,   1.00000,
,,,-00.000016680000,   0.80000,
,,,-00.000016640000,   0.20000,
,,,-00.000016600000,   0.20000,
,,,-00.000016560000,   0.00000,
,,,-00.000016520000,  -0.20000,
,,,-00.000016480000,  -0.20000,
,,,-00.000016440000,   0.00000,
,,,-00.000016400000,  -0.20000,
,,,-00.000016360000,   0.20000,
,,,-00.000016320000,   0.20000,
,,,-00.000016280000,   0.60000,
,,,-00.000016240000,   0.60000,
,,,-00.000016200000,   0.80000,
,,,-00.000016160000,   0.60000,
,,,-00.000016120000,   0.40000,
,,,-00.000016080000,   0.20000,
,,,-00.000016040000,   0.00000,
,,,-00.000016000000,  -0.20000,
,,,-00.000015960000,  -0.60000,
,,,-00.000015920000,  -0.60000,
,,,-00.000015880000,  -0.60000,
,,,-00.000015840000,  -0.80000,
,,,-00.000015800000,  -1.00000,
,,,-00.000015760000,  -1.00000,
,,,-00.000015720000,  -1.00000,
,,,-00.000015680000,  -1.00000,
,,,-00.000015640000,  -1.00000,
,,,-00.000015600000,  -1.00000,
,,,-00.000015560000,  -0.80000,
,,,-00.000015520000,  -1.20000,
,,,-00.000015480000,  -1.40000,
,,,-00.000015440000,  -1.60000,
,,,-00.000015400000,  -1.80000,
,,,-00.000015360000,  -2.20000,
,,,-00.000015320000,  -1.80000,
,,,-00.000015280000,  -2.40000,
,,,-00.000015240000,  -2.20000,
,,,-00.000015200000,  -2.20000,
,,,-00.000015160000,  -2.20000,
,,,-00.000015120000,  -2.20000,
,,,-00.000015080000,  -2.00000,
,,,-00.000015040000,  -1.60000,
,,,-00.000015000000,  -1.40000,
,,,-00.000014960000,  -1.60000,
,,,-00.000014920000,  -1.60000,
,,,-00.000014880000,  -1.60000,
,,,-00.000014840000,  -1.40000,
,,,-00.000014800000,  -1.80000,
,,,-00.000014760000,  -2.00000,
,,,-00.000014720000,  -2.20000,
,,,-00.000014680000,  -2.20000,
,,,-00.000014640000,  -2.20000,
,,,-00.000014600000,  -2.60000,
,,,-00.000014560000,  -2.40000,
,,,-00.000014520000,  -2.40000,
,,,-00.000014480000,  -2.40000,
,,,-00.000014440000,  -2.60000,
,,,-00.000014400000,  -2.80000,
,,,-00.000014360000,  -3.00000,
,,,-00.000014320000,  -3.40000,
,,,-00.000014280000,  -3.80000,
,,,-00.000014240000,  -4.00000,
,,,-00.000014200000,  -4.20000,
,,,-00.000014160000,  -4.60000,
,,,-00.000014120000,  -4.80000,
,,,-00.000014080000,  -4.80000,
,,,-00.000014040000,  -5.00000,
,,,-00.000014000000,  -4.80000,
,,,-00.000013960000,  -4.60000,
,,,-00.000013920000,  -4.20000,
,,,-00.000013880000,  -3.80000,
,,,-00.000013840000,  -4.00000,
,,,-00.000013800000,  -4.00000,
,,,-00.000013760000,  -3.80000,
,,,-00.000013720000,  -3.80000,
,,,-00.000013680000,  -3.80000,
,,,-00.000013640000,  -4.40000,
,,,-00.000013600000,  -4.60000,
,,,-00.000013560000,  -5.00000,
,,,-00.000013520000,  -5.20000,
,,,-00.000013480000,  -5.80000,
,,,-00.000013440000,  -5.60000,
,,,-00.000013400000,  -6.20000,
,,,-00.000013360000,  -5.80000,
,,,-00.000013320000,  -5.80000,
,,,-00.000013280000,  -6.20000,
,,,-00.000013240000,  -5.60000,
,,,-00.000013200000,  -5.60000,
,,,-00.000013160000,  -5.60000,
,,,-00.000013120000,  -5.40000,
,,,-00.000013080000,  -5.60000,
,,,-00.000013040000,  -5.60000,
,,,-00.000013000000,  -5.80000,
,,,-00.000012960000,  -5.80000,
,,,-00.000012920000,  -6.00000,
,,,-00.000012880000,  -6.20000,
,,,-00.000012840000,  -6.60000,
,,,-00.000012800000,  -6.60000,
,,,-00.000012760000,  -6.60000,
,,,-00.000012720000,  -6.80000,
,,,-00.000012680000,  -7.00000,
,,,-00.000012640000,  -6.60000,
,,,-00.000012600000,  -6.80000,
,,,-00.000012560000,  -6.60000,
,,,-00.000012520000,  -6.80000,
,,,-00.000012480000,  -6.80000,
,,,-00.000012440000,  -7.00000,
,,,-00.000012400000,  -7.00000,
,,,-00.000012360000,  -7.20000,
,,,-00.000012320000,  -7.40000,
,,,-00.000012280000,  -7.80000,
,,,-00.000012240000,  -7.80000,
,,,-00.000012200000,  -8.00000,
,,,-00.000012160000,  -8.60000,
,,,-00.000012120000,  -8.40000,
,,,-00.000012080000,  -8.40000,
,,,-00.000012040000,  -8.40000,
,,,-00.000012000000,  -8.00000,
,,,-00.000011960000,  -7.80000,
,,,-00.000011920000,  -7.60000,
,,,-00.000011880000,  -7.40000,
,,,-00.000011840000,  -7.40000,
,,,-00.000011800000,  -7.40000,
,,,-00.000011760000,  -7.60000,
,,,-00.000011720000,  -8.00000,
,,,-00.000011680000,  -7.80000,
,,,-00.000011640000,  -8.40000,
,,,-00.000011600000,  -8.60000,
,,,-00.000011560000,  -8.60000,
,,,-00.000011520000,  -8.80000,
,,,-00.000011480000,  -9.00000,
,,,-00.000011440000,  -8.80000,
,,,-00.000011400000,  -9.20000,
,,,-00.000011360000,  -8.80000,
,,,-00.000011320000,  -9.20000,
,,,-00.000011280000,  -9.20000,
,,,-00.000011240000,  -9.40000,
,,,-00.000011200000,  -9.00000,
,,,-00.000011160000,  -9.80000,
,,,-00.000011120000,  -9.80000,
,,,-00.000011080000,  -9.80000,
,,,-00.000011040000, -10.20000,
,,,-00.000011000000, -10.20000,
,,,-00.000010960000, -10.20000,
,,,-00.000010920000, -10.20000,
,,,-00.000010880000, -10.00000,
,,,-00.000010840000, -10.20000,
,,,-00.000010800000, -10.20000,
,,,-00.000010760000, -10.20000,
,,,-00.000010720000, -10.00000,
,,,-00.000010680000,  -9.80000,
,,,-00.000010640000, -10.20000,
,,,-00.000010600000, -10.40000,
,,,-00.000010560000, -10.20000,
,,,-00.000010520000, -10.60000,
,,,-00.000010480000, -10.80000,
,,,-00.000010440000, -11.00000,
,,,-00.000010400000, -11.40000,
,,,-00.000010360000, -11.80000,
,,,-00.000010320000, -11.60000,
,,,-00.000010280000, -12.00000,
,,,-00.000010240000, -11.80000,
,,,-00.000010200000, -12.20000,
,,,-00.000010160000, -11.80000,
,,,-00.000010120000, -11.80000,
,,,-00.000010080000, -11.60000,
,,,-00.000010040000, -11.40000,
,,,-00.000010000000, -11.40000,
,,,-00.000009960000, -11.20000,
,,,-00.000009920000, -11.40000,
,,,-00.000009880000, -11.40000,
,,,-00.000009840000, -11.60000,
,,,-00.000009800000, -12.20000,
,,,-00.000009760000, -12.20000,
,,,-00.000009720000, -12.60000,
,,,-00.000009680000, -12.60000,
,,,-00.000009640000, -12.60000,
,,,-00.000009600000, -12.80000,
,,,-00.000009560000, -12.60000,
,,,-00.000009520000, -13.20000,
,,,-00.000009480000, -12.60000,
,,,-00.000009440000, -12.80000,
,,,-00.000009400000, -12.80000,
,,,-00.000009360000, -12.80000,
,,,-00.000009320000, -12.80000,
,,,-00.000009280000, -12.60000,
,,,-00.000009240000, -13.00000,
,,,-00.000009200000, -13.20000,
,,,-00.000009160000, -13.40000,
,,,-00.000009120000, -14.00000,
,,,-00.000009080000, -14.40000,
,,,-00.000009040000, -14.40000,
,,,-00.000009000000, -14.20000,
,,,-00.000008960000, -14.40000,
,,,-00.000008920000, -14.00000,
,,,-00.000008880000, -14.20000,
,,,-00.000008840000, -13.60000,
,,,-00.000008800000, -13.60000,
,,,-00.000008760000, -13.20000,
,,,-00.000008720000, -13.60000,
,,,-00.000008680000, -13.20000,
,,,-00.000008640000, -13.40000,
,,,-00.000008600000, -13.40000,
,,,-00.000008560000, -13.40000,
,,,-00.000008520000, -13.60000,
,,,-00.000008480000, -13.80000,
,,,-00.000008440000, -14.00000,
,,,-00.000008400000, -14.00000,
,,,-00.000008360000, -13.80000,
,,,-00.000008320000, -14.00000,
,,,-00.000008280000, -14.60000,
,,,-00.000008240000, -14.20000,
,,,-00.000008200000, -15.00000,
,,,-00.000008160000, -15.00000,
,,,-00.000008120000, -15.40000,
,,,-00.000008080000, -15.60000,
,,,-00.000008040000, -15.40000,
,,,-00.000008000000, -15.60000,
,,,-00.000007960000, -16.00000,
,,,-00.000007920000, -15.80000,
,,,-00.000007880000, -16.40000,
,,,-00.000007840000, -16.60000,
,,,-00.000007800000, -16.40000,
,,,-00.000007760000, -16.60000,
,,,-00.000007720000, -16.00000,
,,,-00.000007680000, -16.20000,
,,,-00.000007640000, -15.80000,
,,,-00.000007600000, -15.60000,
,,,-00.000007560000, -14.80000,
,,,-00.000007520000, -14.80000,
,,,-00.000007480000, -14.60000,
,,,-00.000007440000, -13.80000,
,,,-00.000007400000, -13.40000,
,,,-00.000007360000, -13.40000,
,,,-00.000007320000, -13.40000,
,,,-00.000007280000, -13.80000,
,,,-00.000007240000, -13.60000,
,,,-00.000007200000, -14.20000,
,,,-00.000007160000, -14.40000,
,,,-00.000007120000, -14.60000,
,,,-00.000007080000, -14.80000,
,,,-00.000007040000, -15.40000,
,,,-00.000007000000, -15.20000,
,,,-00.000006960000, -15.20000,
,,,-00.000006920000, -15.40000,
,,,-00.000006880000, -15.00000,
,,,-00.000006840000, -14.60000,
,,,-00.000006800000, -14.20000,
,,,-00.000006760000, -13.80000,
,,,-00.000006720000, -13.00000,
,,,-00.000006680000, -13.00000,
,,,-00.000006640000, -12.80000,
,,,-00.000006600000, -12.40000,
,,,-00.000006560000, -12.40000,
,,,-00.000006520000, -12.40000,
,,,-00.000006480000, -12.40000,
,,,-00.000006440000, -12.80000,
,,,-00.000006400000, -13.00000,
,,,-00.000006360000, -13.60000,
,,,-00.000006320000, -13.40000,
,,,-00.000006280000, -13.00000,
,,,-00.000006240000, -13.40000,
,,,-00.000006200000, -13.20000,
,,,-00.000006160000, -12.80000,
,,,-00.000006120000, -12.80000,
,,,-00.000006080000, -12.60000,
,,,-00.000006040000, -12.00000,
,,,-00.000006000000, -11.60000,
,,,-00.000005960000, -11.20000,
,,,-00.000005920000, -11.20000,
,,,-00.000005880000, -10.80000,
,,,-00.000005840000, -11.20000,
,,,-00.000005800000, -11.00000,
,,,-00.000005760000, -11.60000,
,,,-00.000005720000, -11.80000,
,,,-00.000005680000, -12.00000,
,,,-00.000005640000, -12.20000,
,,,-00.000005600000, -12.00000,
,,,-00.000005560000, -12.40000,
,,,-00.000005520000, -12.20000,
,,,-00.000005480000, -12.00000,
,,,-00.000005440000, -11.60000,
,,,-00.000005400000, -11.40000,
,,,-00.000005360000, -11.40000,
,,,-00.000005320000, -11.00000,
,,,-00.000005280000, -10.80000,
,,,-00.000005240000, -10.60000,
,,,-00.000005200000, -10.40000,
,,,-00.000005160000, -10.60000,
,,,-00.000005120000, -11.00000,
,,,-00.000005080000, -10.80000,
,,,-00.000005040000, -10.60000,
,,,-00.000005000000, -10.40000,
,,,-00.000004960000, -10.80000,
,,,-00.000004920000, -10.80000,
,,,-00.000004880000, -10.20000,
,,,-00.000004840000,  -9.80000,
,,,-00.000004800000,  -9.80000,
,,,-00.000004760000, -10.20000,
,,,-00.000004720000,  -9.60000,
,,,-00.000004680000,  -9.60000,
,,,-00.000004640000,  -9.80000,
,,,-00.000004600000,  -9.60000,
,,,-00.000004560000,  -9.80000,
,,,-00.000004520000,  -9.60000,
,,,-00.000004480000,  -9.40000,
,,,-00.000004440000,  -9.40000,
,,,-00.000004400000,  -9.60000,
,,,-00.000004360000, -10.00000,
,,,-00.000004320000,  -9.20000,
,,,-00.000004280000,  -9.20000,
,,,-00.000004240000,  -9.20000,
,,,-00.000004200000,  -9.00000,
,,,-00.000004160000,  -8.80000,
,,,-00.000004120000,  -8.20000,
,,,-00.000004080000,  -8.20000,
,,,-00.000004040000,  -8.00000,
,,,-00.000004000000,  -7.60000,
,,,-00.000003960000,  -7.40000,
,,,-00.000003920000,  -7.80000,
,,,-00.000003880000,  -8.00000,
,,,-00.000003840000,  -8.00000,
,,,-00.000003800000,  -8.00000,
,,,-00.000003760000,  -8.00000,
,,,-00.000003720000,  -8.60000,
,,,-00.000003680000,  -8.20000,
,,,-00.000003640000,  -8.20000,
,,,-00.000003600000,  -8.00000,
,,,-00.000003560000,  -8.00000,
,,,-00.000003520000,  -7.60000,
,,,-00.000003480000,  -7.60000,
,,,-00.000003440000,  -7.20000,
,,,-00.000003400000,  -7.20000,
,,,-00.000003360000,  -7.00000,
,,,-00.000003320000,  -7.20000,
,,,-00.000003280000,  -7.20000,
,,,-00.000003240000,  -7.20000,
,,,-00.000003200000,  -7.40000,
,,,-00.000003160000,  -7.00000,
,,,-00.000003120000,  -7.40000,
,,,-00.000003080000,  -7.20000,
,,,-00.000003040000,  -6.80000,
,,,-00.000003000000,  -6.60000,
,,,-00.000002960000,  -6.40000,
,,,-00.000002920000,  -6.40000,
,,,-00.000002880000,  -5.80000,
,,,-00.000002840000,  -5.80000,
,,,-00.000002800000,  -5.80000,
,,,-00.000002760000,  -5.40000,
,,,-00.000002720000,  -5.60000,
,,,-00.000002680000,  -5.60000,
,,,-00.000002640000,  -6.20000,
,,,-00.000002600000,  -6.00000,
,,,-00.000002560000,  -5.80000,
,,,-00.000002520000,  -6.00000,
,,,-00.000002480000,  -6.20000,
,,,-00.000002440000,  -6.20000,
,,,-00.000002400000,  -6.00000,
,,,-00.000002360000,  -6.00000,
,,,-00.000002320000,  -5.40000,
,,,-00.000002280000,  -5.40000,
,,,-00.000002240000,  -5.40000,
,,,-00.000002200000,  -5.20000,
,,,-00.000002160000,  -5.20000,
,,,-00.000002120000,  -5.00000,
,,,-00.000002080000,  -5.20000,
,,,-00.000002040000,  -5.00000,
,,,-00.000002000000,  -4.80000,
,,,-00.000001960000,  -5.20000,
,,,-00.000001920000,  -5.00000,
,,,-00.000001880000,  -5.20000,
,,,-00.000001840000,  -4.60000,
,,,-00.000001800000,  -4.60000,
,,,-00.000001760000,  -4.20000,
,,,-00.000001720000,  -4.00000,
,,,-00.000001680000,  -3.80000,
,,,-00.000001640000,  -3.60000,
,,,-00.000001600000,  -3.80000,
,,,-00.000001560000,  -3.40000,
,,,-00.000001520000,  -3.40000,
,,,-00.000001480000,  -3.40000,
,,,-00.000001440000,  -3.00000,
,,,-00.000001400000,  -3.60000,
,,,-00.000001360000,  -3.80000,
,,,-00.000001320000,  -3.60000,
,,,-00.000001280000,  -3.60000,
,,,-00.000001240000,  -3.80000,
,,,-00.000001200000,  -3.60000,
,,,-00.000001160000,  -3.80000,
,,,-00.000001120000,  -3.40000,
,,,-00.000001080000,  -3.00000,
,,,-00.000001040000,  -2.80000,
,,,-00.000001000000,  -2.20000,
,,,-00.000000960000,  -2.40000,
,,,-00.000000920000,  -2.20000,
,,,-00.000000880000,  -2.00000,
,,,-00.000000840000,  -2.00000,
,,,-00.000000800000,  -2.20000,
,,,-00.000000760000,  -2.00000,
,,,-00.000000720000,  -2.20000,
,,,-00.000000680000,  -2.20000,
,,,-00.000000640000,  -2.60000,
,,,-00.000000600000,  -2.60000,
,,,-00.000000560000,  -2.40000,
,,,-00.000000520000,  -2.40000,
,,,-00.000000480000,  -2.00000,
,,,-00.000000440000,  -2.00000,
,,,-00.000000400000,  -1.80000,
,,,-00.000000360000,  -1.40000,
,,,-00.000000320000,  -1.00000,
,,,-00.000000280000,  -1.40000,
,,,-00.000000240000,  -1.00000,
,,,-00.000000200000,  -1.00000,
,,,-00.000000160000,  -1.00000,
,,,-00.000000120000,  -1.00000,
,,,-00.000000080000,  -1.00000,
,,,-00.000000040000,  -1.20000,
,,,-00.000000000000,  -1.00000,
,,,00.000000040000,  -1.20000,
,,,00.000000080000,  -1.00000,
,,,00.000000120000,  -0.80000,
,,,00.000000160000,  -0.60000,
,,,00.000000200000,  -0.40000,
,,,00.000000240000,   0.00000,
,,,00.000000280000,   0.20000,
,,,00.000000320000,   0.80000,
,,,00.000000360000,   0.60000,
,,,00.000000400000,   0.60000,
,,,00.000000440000,   1.00000,
,,,00.000000480000,   0.60000,
,,,00.000000520000,   0.40000,
,,,00.000000560000,   0.60000,
,,,00.000000600000,   0.40000,
,,,00.000000640000,   0.20000,
,,,00.000000680000,   0.20000,
,,,00.000000720000,   0.20000,
,,,00.000000760000,   0.20000,
,,,00.000000800000,   0.60000,
,,,00.000000840000,   0.40000,
,,,00.000000880000,   0.80000,
,,,00.000000920000,   0.60000,
,,,00.000000960000,   0.80000,
,,,00.000001000000,   0.60000,
,,,00.000001040000,   0.60000,
,,,00.000001080000,   0.60000,
,,,00.000001120000,   0.80000,
,,,00.000001160000,   0.40000,
,,,00.000001200000,   0.80000,
,,,00.000001240000,   1.00000,
,,,00.000001280000,   1.20000,
,,,00.000001320000,   1.60000,
,,,00.000001360000,   1.60000,
,,,00.000001400000,   2.00000,
,,,00.000001440000,   2.20000,
,,,00.000001480000,   2.40000,
,,,00.000001520000,   2.40000,
,,,00.000001560000,   2.80000,
,,,00.000001600000,   2.60000,
,,,00.000001640000,   2.40000,
,,,00.000001680000,   2.60000,
,,,00.000001720000,   2.20000,
,,,00.000001760000,   2.20000,
,,,00.000001800000,   2.00000,
,,,00.000001840000,   2.00000,
,,,00.000001880000,   2.20000,
,,,00.000001920000,   2.00000,
,,,00.000001960000,   2.60000,
,,,00.000002000000,   2.60000,
,,,00.000002040000,   2.60000,
,,,00.000002080000,   2.80000,
,,,00.000002120000,   3.60000,
,,,00.000002160000,   4.00000,
,,,00.000002200000,   4.00000,
,,,00.000002240000,   4.00000,
,,,00.000002280000,   4.00000,
,,,00.000002320000,   4.00000,
,,,00.000002360000,   3.60000,
,,,00.000002400000,   3.60000,
,,,00.000002440000,   3.60000,
,,,00.000002480000,   3.40000,
,,,00.000002520000,   3.20000,
,,,00.000002560000,   3.20000,
,,,00.000002600000,   3.60000,
,,,00.000002640000,   3.80000,
,,,00.000002680000,   4.00000,
,,,00.000002720000,   4.60000,
,,,00.000002760000,   4.80000,
,,,00.000002800000,   4.80000,
,,,00.000002840000,   4.60000,
,,,00.000002880000,   4.80000,
,,,00.000002920000,   5.20000,
,,,00.000002960000,   5.00000,
,,,00.000003000000,   4.80000,
,,,00.000003040000,   5.20000,
,,,00.000003080000,   4.80000,
,,,00.000003120000,   4.80000,
,,,00.000003160000,   4.60000,
,,,00.000003200000,   4.80000,
,,,00.000003240000,   5.00000,
,,,00.000003280000,   5.40000,
,,,00.000003320000,   5.60000,
,,,00.000003360000,   6.20000,
,,,00.000003400000,   5.80000,
,,,00.000003440000,   6.20000,
,,,00.000003480000,   6.40000,
,,,00.000003520000,   6.20000,
,,,00.000003560000,   6.40000,
,,,00.000003600000,   6.00000,
,,,00.000003640000,   6.00000,
,,,00.000003680000,   6.00000,
,,,00.000003720000,   5.80000,
,,,00.000003760000,   5.80000,
,,,00.000003800000,   5.60000,
,,,00.000003840000,   6.00000,
,,,00.000003880000,   6.20000,
,,,00.000003920000,   6.20000,
,,,00.000003960000,   6.60000,
,,,00.000004000000,   6.60000,
,,,00.000004040000,   6.80000,
,,,00.000004080000,   6.80000,
,,,00.000004120000,   7.00000,
,,,00.000004160000,   7.00000,
,,,00.000004200000,   6.60000,
,,,00.000004240000,   7.00000,
,,,00.000004280000,   6.80000,
,,,00.000004320000,   6.80000,
,,,00.000004360000,   6.60000,
,,,00.000004400000,   7.00000,
,,,00.000004440000,   7.20000,
,,,00.000004480000,   7.60000,
,,,00.000004520000,   7.80000,
,,,00.000004560000,   7.60000,
,,,00.000004600000,   8.40000,
,,,00.000004640000,   8.40000,
,,,00.000004680000,   8.60000,
,,,00.000004720000,   8.40000,
,,,00.000004760000,   8.80000,
,,,00.000004800000,   8.60000,
,,,00.000004840000,   8.80000,
,,,00.000004880000,   8.40000,
,,,00.000004920000,   8.20000,
,,,00.000004960000,   8.00000,
,,,00.000005000000,   8.00000,
,,,00.000005040000,   8.20000,
,,,00.000005080000,   8.20000,
,,,00.000005120000,   8.40000,
,,,00.000005160000,   8.40000,
,,,00.000005200000,   8.80000,
,,,00.000005240000,   9.40000,
,,,00.000005280000,   9.40000,
,,,00.000005320000,   9.60000,
,,,00.000005360000,  10.00000,
,,,00.000005400000,   9.80000,
,,,00.000005440000,   9.80000,
,,,00.000005480000,   9.60000,
,,,00.000005520000,   9.60000,
,,,00.000005560000,   9.40000,
,,,00.000005600000,   9.40000,
,,,00.000005640000,   9.40000,
,,,00.000005680000,   9.40000,
,,,00.000005720000,   9.40000,
,,,00.000005760000,   9.60000,
,,,00.000005800000,  10.00000,
,,,00.000005840000,  10.60000,
,,,00.000005880000,  10.40000,
,,,00.000005920000,  10.60000,
,,,00.000005960000,  10.80000,
,,,00.000006000000,  10.60000,
,,,00.000006040000,  10.60000,
,,,00.000006080000,  10.60000,
,,,00.000006120000,  11.00000,
,,,00.000006160000,  10.60000,
,,,00.000006200000,  10.40000,
,,,00.000006240000,  10.60000,
,,,00.000006280000,  10.60000,
,,,00.000006320000,  10.80000,
,,,00.000006360000,  10.60000,
,,,00.000006400000,  11.00000,
,,,00.000006440000,  11.60000,
,,,00.000006480000,  11.80000,
,,,00.000006520000,  12.00000,
,,,00.000006560000,  12.00000,
,,,00.000006600000,  12.60000,
,,,00.000006640000,  12.40000,
,,,00.000006680000,  12.20000,
,,,00.000006720000,  12.20000,
,,,00.000006760000,  12.00000,
,,,00.000006800000,  11.80000,
,,,00.000006840000,  11.80000,
,,,00.000006880000,  11.80000,
,,,00.000006920000,  11.40000,
,,,00.000006960000,  11.40000,
,,,00.000007000000,  11.80000,
,,,00.000007040000,  12.00000,
,,,00.000007080000,  12.00000,
,,,00.000007120000,  12.20000,
,,,00.000007160000,  12.40000,
,,,00.000007200000,  12.80000,
,,,00.000007240000,  13.00000,
,,,00.000007280000,  12.60000,
,,,00.000007320000,  13.20000,
,,,00.000007360000,  12.80000,
,,,00.000007400000,  12.80000,
,,,00.000007440000,  12.80000,
,,,00.000007480000,  12.80000,
,,,00.000007520000,  13.00000,
,,,00.000007560000,  13.20000,
,,,00.000007600000,  13.40000,
,,,00.000007640000,  13.20000,
,,,00.000007680000,  13.80000,
,,,00.000007720000,  14.00000,
,,,00.000007760000,  14.40000,
,,,00.000007800000,  14.20000,
,,,00.000007840000,  14.40000,
,,,00.000007880000,  14.20000,
,,,00.000007920000,  14.00000,
,,,00.000007960000,  14.00000,
,,,00.000008000000,  14.20000,
,,,00.000008040000,  13.80000,
,,,00.000008080000,  13.80000,
,,,00.000008120000,  13.80000,
,,,00.000008160000,  13.80000,
,,,00.000008200000,  14.40000,
,,,00.000008240000,  14.20000,
,,,00.000008280000,  14.60000,
,,,00.000008320000,  14.60000,
,,,00.000008360000,  14.80000,
,,,00.000008400000,  14.40000,
,,,00.000008440000,  14.60000,
,,,00.000008480000,  15.00000,
,,,00.000008520000,  14.60000,
,,,00.000008560000,  14.60000,
,,,00.000008600000,  14.40000,
,,,00.000008640000,  14.40000,
,,,00.000008680000,  14.40000,
,,,00.000008720000,  14.20000,
,,,00.000008760000,  15.00000,
,,,00.000008800000,  14.60000,
,,,00.000008840000,  15.00000,
,,,00.000008880000,  14.80000,
,,,00.000008920000,  14.80000,
,,,00.000008960000,  14.80000,
,,,00.000009000000,  15.20000,
,,,00.000009040000,  15.20000,
,,,00.000009080000,  15.40000,
,,,00.000009120000,  15.40000,
,,,00.000009160000,  15.00000,
,,,00.000009200000,  15.60000,
,,,00.000009240000,  15.20000,
,,,00.000009280000,  15.20000,
,,,00.000009320000,  14.80000,
,,,00.000009360000,  14.60000,
,,,00.000009400000,  14.40000,
,,,00.000009440000,  14.40000,
,,,00.000009480000,  14.20000,
,,,00.000009520000,  14.20000,
,,,00.000009560000,  14.00000,
,,,00.000009600000,  14.00000,
,,,00.000009640000,  13.80000,
,,,00.000009680000,  13.40000,
,,,00.000009720000,  13.00000,
,,,00.000009760000,  13.40000,
,,,00.000009800000,  13.80000,
,,,00.000009840000,  13.60000,
,,,00.000009880000,  13.80000,
,,,00.000009920000,  14.00000,
,,,00.000009960000,  14.20000,
,,,00.000010000000,  14.80000,
,,,00.000010040000,  14.80000,
,,,00.000010080000,  15.00000,
,,,00.000010120000,  14.80000,
,,,00.000010160000,  14.20000,
,,,00.000010200000,  14.20000,
,,,00.000010240000,  14.00000,
,,,00.000010280000,  13.60000,
,,,00.000010320000,  13.00000,
,,,00.000010360000,  12.60000,
,,,00.000010400000,  12.60000,
,,,00.000010440000,  12.80000,
,,,00.000010480000,  12.60000,
,,,00.000010520000,  12.20000,
,,,00.000010560000,  12.60000,
,,,00.000010600000,  12.40000,
,,,00.000010640000,  12.40000,
,,,00.000010680000,  12.20000,
,,,00.000010720000,  12.20000,
,,,00.000010760000,  12.00000,
,,,00.000010800000,  12.20000,
,,,00.000010840000,  12.00000,
,,,00.000010880000,  11.80000,
,,,00.000010920000,  11.20000,
,,,00.000010960000,  11.20000,
,,,00.000011000000,  11.60000,
,,,00.000011040000,  11.20000,
,,,00.000011080000,  10.80000,
,,,00.000011120000,  11.60000,
,,,00.000011160000,  11.40000,
,,,00.000011200000,  11.60000,
,,,00.000011240000,  11.40000,
,,,00.000011280000,  11.80000,
,,,00.000011320000,  11.40000,
,,,00.000011360000,  11.60000,
,,,00.000011400000,  11.00000,
,,,00.000011440000,  11.20000,
,,,00.000011480000,  10.80000,
,,,00.000011520000,  10.20000,
,,,00.000011560000,  10.20000,
,,,00.000011600000,  10.00000,
,,,00.000011640000,   9.60000,
,,,00.000011680000,  10.00000,
,,,00.000011720000,   9.80000,
,,,00.000011760000,   9.80000,
,,,00.000011800000,  10.40000,
,,,00.000011840000,  10.40000,
,,,00.000011880000,  10.40000,
,,,00.000011920000,  10.00000,
,,,00.000011960000,  10.20000,
,,,00.000012000000,  10.20000,
,,,00.000012040000,   9.80000,
,,,00.000012080000,   9.20000,
,,,00.000012120000,   9.40000,
,,,00.000012160000,   9.40000,
,,,00.000012200000,   9.40000,
,,,00.000012240000,   9.00000,
,,,00.000012280000,   9.00000,
,,,00.000012320000,   9.40000,
,,,00.000012360000,   9.20000,
,,,00.000012400000,   9.20000,
,,,00.000012440000,   9.40000,
,,,00.000012480000,   9.00000,
,,,00.000012520000,   9.00000,
,,,00.000012560000,   9.00000,
,,,00.000012600000,   8.80000,
,,,00.000012640000,   8.20000,
,,,00.000012680000,   8.40000,
,,,00.000012720000,   8.00000,
,,,00.000012760000,   8.00000,
,,,00.000012800000,   7.80000,
,,,00.000012840000,   7.60000,
,,,00.000012880000,   7.60000,
,,,00.000012920000,   7.20000,
,,,00.000012960000,   7.40000,
,,,00.000013000000,   7.80000,
,,,00.000013040000,   7.80000,
,,,00.000013080000,   8.00000,
,,,00.000013120000,   8.00000,
,,,00.000013160000,   8.40000,
,,,00.000013200000,   8.20000,
,,,00.000013240000,   8.20000,
,,,00.000013280000,   8.00000,
,,,00.000013320000,   8.00000,
,,,00.000013360000,   7.60000,
,,,00.000013400000,   7.40000,
,,,00.000013440000,   7.20000,
,,,00.000013480000,   7.20000,
,,,00.000013520000,   7.00000,
,,,00.000013560000,   7.00000,
,,,00.000013600000,   7.00000,
,,,00.000013640000,   6.80000,
,,,00.000013680000,   6.20000,
,,,00.000013720000,   6.80000,
,,,00.000013760000,   7.00000,
,,,00.000013800000,   6.40000,
,,,00.000013840000,   6.60000,
,,,00.000013880000,   6.40000,
,,,00.000013920000,   6.20000,
,,,00.000013960000,   5.60000,
,,,00.000014000000,   5.80000,
,,,00.000014040000,   6.00000,
,,,00.000014080000,   5.80000,
,,,00.000014120000,   5.60000,
,,,00.000014160000,   5.40000,
,,,00.000014200000,   5.60000,
,,,00.000014240000,   5.60000,
,,,00.000014280000,   5.60000,
,,,00.000014320000,   6.00000,
,,,00.000014360000,   5.80000,
,,,00.000014400000,   5.80000,
,,,00.000014440000,   5.40000,
,,,00.000014480000,   5.20000,
,,,00.000014520000,   5.00000,
,,,00.000014560000,   5.00000,
,,,00.000014600000,   4.80000,
,,,00.000014640000,   4.40000,
,,,00.000014680000,   4.00000,
,,,00.000014720000,   3.80000,
,,,00.000014760000,   3.80000,
,,,00.000014800000,   4.00000,
,,,00.000014840000,   3.80000,
,,,00.000014880000,   4.00000,
,,,00.000014920000,   4.20000,
,,,00.000014960000,   4.20000,
,,,00.000015000000,   4.60000,
,,,00.000015040000,   4.40000,
,,,00.000015080000,   4.60000,
,,,00.000015120000,   4.20000,
,,,00.000015160000,   4.40000,
,,,00.000015200000,   4.00000,
,,,00.000015240000,   3.40000,
,,,00.000015280000,   3.40000,
,,,00.000015320000,   3.20000,
,,,00.000015360000,   3.20000,
,,,00.000015400000,   3.00000,
,,,00.000015440000,   3.40000,
,,,00.000015480000,   3.20000,
,,,00.000015520000,   3.20000,
,,,00.000015560000,   3.20000,
,,,00.000015600000,   3.20000,
,,,00.000015640000,   3.20000,
,,,00.000015680000,   3.20000,
,,,00.000015720000,   2.80000,
,,,00.000015760000,   3.00000,
,,,00.000015800000,   2.40000,
,,,00.000015840000,   2.00000,
,,,00.000015880000,   2.20000,
,,,00.000015920000,   1.80000,
,,,00.000015960000,   1.40000,
,,,00.000016000000,   1.40000,
,,,00.000016040000,   1.60000,
,,,00.000016080000,   1.60000,
,,,00.000016120000,   2.20000,
,,,00.000016160000,   2.00000,
,,,00.000016200000,   2.20000,
,,,00.000016240000,   2.20000,
,,,00.000016280000,   2.80000,
,,,00.000016320000,   2.40000,
,,,00.000016360000,   2.80000,
,,,00.000016400000,   2.40000,
,,,00.000016440000,   2.40000,
,,,00.000016480000,   2.00000,
,,,00.000016520000,   1.80000,
,,,00.000016560000,   1.80000,
,,,00.000016600000,   1.60000,
,,,00.000016640000,   1.60000,
,,,00.000016680000,   1.40000,
,,,00.000016720000,   1.60000,
,,,00.000016760000,   1.40000,
,,,00.000016800000,   1.40000,
,,,00.000016840000,   0.60000,
,,,00.000016880000,   0.60000,
,,,00.000016920000,   0.40000,
,,,00.000016960000,   0.40000,
,,,00.000017000000,  -0.20000,
,,,00.000017040000,  -0.40000,
,,,00.000017080000,  -0.80000,
,,,00.000017120000,  -0.80000,
,,,00.000017160000,  -0.80000,
,,,00.000017200000,  -1.00000,
,,,00.000017240000,  -0.80000,
,,,00.000017280000,  -0.60000,
,,,00.000017320000,  -0.40000,
,,,00.000017360000,  -0.40000,
,,,00.000017400000,  -0.20000,
,,,00.000017440000,   0.20000,
,,,00.000017480000,   0.20000,
,,,00.000017520000,   0.20000,
,,,00.000017560000,   0.20000,
,,,00.000017600000,   0.00000,
,,,00.000017640000,  -0.40000,
,,,00.000017680000,  -0.60000,
,,,00.000017720000,  -1.00000,
,,,00.000017760000,  -1.20000,
,,,00.000017800000,  -1.60000,
,,,00.000017840000,  -2.00000,
,,,00.000017880000,  -2.00000,
,,,00.000017920000,  -2.20000,
,,,00.000017960000,  -2.00000,
,,,00.000018000000,  -1.60000,
,,,00.000018040000,  -1.80000,
,,,00.000018080000,  -1.60000,
,,,00.000018120000,  -1.40000,
,,,00.000018160000,  -1.20000,
,,,00.000018200000,  -1.40000,
,,,00.000018240000,  -1.80000,
,,,00.000018280000,  -1.80000,
,,,00.000018320000,  -1.60000,
,,,00.000018360000,  -2.20000,
,,,00.000018400000,  -2.60000,
,,,00.000018440000,  -2.40000,
,,,00.000018480000,  -2.40000,
,,,00.000018520000,  -2.60000,
,,,00.000018560000,  -2.60000,
,,,00.000018600000,  -2.60000,
,,,00.000018640000,  -3.00000,
,,,00.000018680000,  -2.80000,
,,,00.000018720000,  -2.40000,
,,,00.000018760000,  -2.60000,
,,,00.000018800000,  -2.80000,
,,,00.000018840000,  -3.40000,
,,,00.000018880000,  -3.00000,
,,,00.000018920000,  -3.20000,
,,,00.000018960000,  -3.80000,
,,,00.000019000000,  -4.00000,
,,,00.000019040000,  -4.00000,
,,,00.000019080000,  -4.40000,
,,,00.000019120000,  -4.40000,
,,,00.000019160000,  -4.60000,
,,,00.000019200000,  -4.60000,
,,,00.000019240000,  -4.20000,
,,,00.000019280000,  -3.80000,
,,,00.000019320000,  -3.80000,
,,,00.000019360000,  -3.80000,
,,,00.000019400000,  -3.80000,
,,,00.000019440000,  -3.60000,
,,,00.000019480000,  -3.60000,
,,,00.000019520000,  -4.00000,
,,,00.000019560000,  -3.80000,
,,,00.000019600000,  -4.20000,
,,,00.000019640000,  -4.40000,
,,,00.000019680000,  -4.60000,
,,,00.000019720000,  -4.80000,
,,,00.000019760000,  -4.80000,
,,,00.000019800000,  -5.00000,
,,,00.000019840000,  -5.00000,
,,,00.000019880000,  -4.80000,
,,,00.000019920000,  -5.00000,
,,,00.000019960000,  -5.20000,
,,,00.000020000000,  -5.00000,
,,,00.000020040000,  -5.00000,
,,,00.000020080000,  -5.40000,
,,,00.000020120000,  -5.40000,
,,,00.000020160000,  -5.60000,
,,,00.000020200000,  -6.20000,
,,,00.000020240000,  -6.20000,
,,,00.000020280000,  -6.20000,
,,,00.000020320000,  -6.20000,
,,,00.000020360000,  -6.40000,
,,,00.000020400000,  -6.40000,
,,,00.000020440000,  -6.20000,
,,,00.000020480000,  -6.20000,
,,,00.000020520000,  -6.00000,
,,,00.000020560000,  -6.00000,
,,,00.000020600000,  -6.00000,
,,,00.000020640000,  -6.20000,
,,,00.000020680000,  -6.20000,
,,,00.000020720000,  -6.40000,
,,,00.000020760000,  -6.60000,
,,,00.000020800000,  -6.80000,
,,,00.000020840000,  -7.20000,
,,,00.000020880000,  -7.40000,
,,,00.000020920000,  -7.60000,
,,,00.000020960000,  -8.00000,
,,,00.000021000000,  -8.00000,
,,,00.000021040000,  -8.20000,
,,,00.000021080000,  -8.20000,
,,,00.000021120000,  -7.80000,
,,,00.000021160000,  -7.60000,
,,,00.000021200000,  -7.20000,
,,,00.000021240000,  -7.40000,
,,,00.000021280000,  -7.00000,
,,,00.000021320000,  -7.00000,
,,,00.000021360000,  -7.40000,
,,,00.000021400000,  -7.40000,
,,,00.000021440000,  -7.40000,
,,,00.000021480000,  -8.20000,
,,,00.000021520000,  -8.40000,
,,,00.000021560000,  -8.80000,
,,,00.000021600000,  -8.80000,
,,,00.000021640000,  -8.80000,
,,,00.000021680000,  -9.00000,
,,,00.000021720000,  -8.80000,
,,,00.000021760000,  -8.60000,
,,,00.000021800000,  -8.80000,
,,,00.000021840000,  -8.60000,
,,,00.000021880000,  -8.80000,
,,,00.000021920000,  -8.80000,
,,,00.000021960000,  -8.80000,
,,,00.000022000000,  -8.80000,
,,,00.000022040000,  -9.20000,
,,,00.000022080000,  -9.20000,
,,,00.000022120000,  -9.40000,
,,,00.000022160000, -10.00000,
,,,00.000022200000, -10.20000,
,,,00.000022240000, -10.40000,
,,,00.000022280000, -10.20000,
,,,00.000022320000, -10.40000,
,,,00.000022360000, -10.20000,
,,,00.000022400000,  -9.80000,
,,,00.000022440000,  -9.60000,
,,,00.000022480000,  -9.40000,
,,,00.000022520000,  -9.60000,
,,,00.000022560000,  -9.40000,
,,,00.000022600000,  -9.80000,
,,,00.000022640000,  -9.40000,
,,,00.000022680000,  -9.60000,
,,,00.000022720000,  -9.80000,
,,,00.000022760000,  -9.60000,
,,,00.000022800000, -10.20000,
,,,00.000022840000,  -9.80000,
,,,00.000022880000, -10.00000,
,,,00.000022920000, -10.00000,
,,,00.000022960000, -10.60000,
,,,00.000023000000, -10.40000,
,,,00.000023040000, -10.60000,
,,,00.000023080000, -11.00000,
,,,00.000023120000, -11.20000,
,,,00.000023160000, -11.40000,
,,,00.000023200000, -11.80000,
,,,00.000023240000, -12.00000,
,,,00.000023280000, -12.00000,
,,,00.000023320000, -12.20000,
,,,00.000023360000, -12.60000,
,,,00.000023400000, -12.60000,
,,,00.000023440000, -12.60000,
,,,00.000023480000, -12.80000,
,,,00.000023520000, -12.40000,
,,,00.000023560000, -12.40000,
,,,00.000023600000, -12.00000,
,,,00.000023640000, -11.60000,
,,,00.000023680000, -11.60000,
,,,00.000023720000, -11.80000,
,,,00.000023760000, -11.40000,
,,,00.000023800000, -11.80000,
,,,00.000023840000, -11.80000,
,,,00.000023880000, -12.00000,
,,,00.000023920000, -12.60000,
,,,00.000023960000, -12.60000,
,,,00.000024000000, -13.20000,
,,,00.000024040000, -13.40000,
,,,00.000024080000, -13.80000,
,,,00.000024120000, -14.00000,
,,,00.000024160000, -13.80000,
,,,00.000024200000, -14.00000,
,,,00.000024240000, -13.60000,
,,,00.000024280000, -13.40000,
,,,00.000024320000, -13.40000,
,,,00.000024360000, -13.20000,
,,,00.000024400000, -13.40000,
,,,00.000024440000, -13.20000,
,,,00.000024480000, -13.40000,
,,,00.000024520000, -13.60000,
,,,00.000024560000, -13.60000,
,,,00.000024600000, -14.00000,
,,,00.000024640000, -14.20000,
,,,00.000024680000, -14.20000,
,,,00.000024720000, -14.60000,
,,,00.000024760000, -14.60000,
,,,00.000024800000, -14.60000,
,,,00.000024840000, -14.20000,
,,,00.000024880000, -14.40000,
,,,00.000024920000, -14.40000,
,,,00.000024960000, -14.00000,
,,,00.000025000000, -14.80000,
,,,00.000025040000, -14.80000,
,,,00.000025080000, -15.00000,
,,,00.000025120000, -15.00000,
,,,00.000025160000, -14.80000,
,,,00.000025200000, -15.20000,
,,,00.000025240000, -15.20000,
,,,00.000025280000, -15.80000,
,,,00.000025320000, -15.80000,
,,,00.000025360000, -16.00000,
,,,00.000025400000, -15.60000,
,,,00.000025440000, -16.00000,
,,,00.000025480000, -15.40000,
,,,00.000025520000, -15.60000,
,,,00.000025560000, -15.40000,
,,,00.000025600000, -15.20000,
,,,00.000025640000, -15.00000,
,,,00.000025680000, -14.80000,
,,,00.000025720000, -14.60000,
,,,00.000025760000, -14.80000,
,,,00.000025800000, -14.60000,
,,,00.000025840000, -15.20000,
,,,00.000025880000, -15.00000,
,,,00.000025920000, -15.40000,
,,,00.000025960000, -15.60000,
,,,00.000026000000, -15.40000,
,,,00.000026040000, -15.60000,
,,,00.000026080000, -16.00000,
,,,00.000026120000, -16.00000,
,,,00.000026160000, -15.60000,
,,,00.000026200000, -15.20000,
,,,00.000026240000, -14.60000,
,,,00.000026280000, -14.60000,
,,,00.000026320000, -14.20000,
,,,00.000026360000, -13.40000,
,,,00.000026400000, -13.20000,
,,,00.000026440000, -12.60000,
,,,00.000026480000, -12.80000,
,,,00.000026520000, -12.60000,
,,,00.000026560000, -12.80000,
,,,00.000026600000, -13.00000,
,,,00.000026640000, -12.80000,
,,,00.000026680000, -13.60000,
,,,00.000026720000, -14.00000,
,,,00.000026760000, -14.00000,
,,,00.000026800000, -14.00000,
,,,00.000026840000, -14.20000,
,,,00.000026880000, -14.20000,
,,,00.000026920000, -14.20000,
,,,00.000026960000, -13.40000,
,,,00.000027000000, -13.20000,
,,,00.000027040000, -13.20000,
,,,00.000027080000, -12.40000,
,,,00.000027120000, -12.40000,
,,,00.000027160000, -12.00000,
,,,00.000027200000, -11.60000,
,,,00.000027240000, -11.00000,
,,,00.000027280000, -11.20000,
,,,00.000027320000, -11.20000,
,,,00.000027360000, -11.60000,
,,,00.000027400000, -11.80000,
,,,00.000027440000, -12.40000,
,,,00.000027480000, -12.00000,
,,,00.000027520000, -12.60000,
,,,00.000027560000, -12.40000,
,,,00.000027600000, -12.40000,
,,,00.000027640000, -12.00000,
,,,00.000027680000, -12.00000,
,,,00.000027720000, -11.40000,
,,,00.000027760000, -11.20000,
,,,00.000027800000, -11.20000,
,,,00.000027840000, -10.80000,
,,,00.000027880000, -10.80000,
,,,00.000027920000, -10.40000,
,,,00.000027960000, -10.60000,
,,,00.000028000000, -10.80000,
,,,00.000028040000, -11.00000,
,,,00.000028080000, -10.80000,
,,,00.000028120000, -11.00000,
,,,00.000028160000, -11.00000,
,,,00.000028200000, -10.80000,
,,,00.000028240000, -10.60000,
,,,00.000028280000, -10.80000,
,,,00.000028320000, -10.20000,
,,,00.000028360000, -10.20000,
,,,00.000028400000,  -9.80000,
,,,00.000028440000,  -9.60000,
,,,00.000028480000,  -9.60000,
,,,00.000028520000,  -9.40000,
,,,00.000028560000,  -9.60000,
,,,00.000028600000,  -9.40000,
,,,00.000028640000,  -9.40000,
,,,00.000028680000,  -9.80000,
,,,00.000028720000,  -9.80000,
,,,00.000028760000,  -9.60000,
,,,00.000028800000, -10.00000,
,,,00.000028840000,  -9.80000,
,,,00.000028880000,  -9.80000,
,,,00.000028920000,  -9.00000,
,,,00.000028960000,  -9.80000,
,,,00.000029000000,  -9.20000,
,,,00.000029040000,  -9.20000,
,,,00.000029080000,  -8.80000,
,,,00.000029120000,  -8.80000,
,,,00.000029160000,  -8.80000,
,,,00.000029200000,  -8.80000,
,,,00.000029240000,  -9.00000,
,,,00.000029280000,  -9.00000,
,,,00.000029320000,  -8.80000,
,,,00.000029360000,  -8.40000,
,,,00.000029400000,  -8.60000,
,,,00.000029440000,  -8.40000,
,,,00.000029480000,  -8.00000,
,,,00.000029520000,  -8.00000,
,,,00.000029560000,  -7.60000,
,,,00.000029600000,  -7.80000,
,,,00.000029640000,  -7.40000,
,,,00.000029680000,  -7.20000,
,,,00.000029720000,  -7.40000,
,,,00.000029760000,  -6.80000,
,,,00.000029800000,  -7.40000,
,,,00.000029840000,  -7.40000,
,,,00.000029880000,  -7.00000,
,,,00.000029920000,  -7.40000,
,,,00.000029960000,  -7.60000,
,,,00.000030000000,  -7.60000,
,,,00.000030040000,  -7.40000,
,,,00.000030080000,  -7.80000,
,,,00.000030120000,  -7.40000,
,,,00.000030160000,  -7.00000,
,,,00.000030200000,  -6.60000,
,,,00.000030240000,  -6.80000,
,,,00.000030280000,  -6.60000,
,,,00.000030320000,  -5.80000,
,,,00.000030360000,  -5.60000,
,,,00.000030400000,  -5.80000,
,,,00.000030440000,  -5.80000,
,,,00.000030480000,  -6.00000,
,,,00.000030520000,  -6.40000,
,,,00.000030560000,  -6.80000,
,,,00.000030600000,  -6.40000,
,,,00.000030640000,  -6.40000,
,,,00.000030680000,  -6.40000,
,,,00.000030720000,  -6.40000,
,,,00.000030760000,  -6.00000,
,,,00.000030800000,  -5.80000,
,,,00.000030840000,  -5.60000,
,,,00.000030880000,  -5.40000,
,,,00.000030920000,  -5.20000,
,,,00.000030960000,  -5.20000,
,,,00.000031000000,  -5.00000,
,,,00.000031040000,  -4.80000,
,,,00.000031080000,  -5.00000,
,,,00.000031120000,  -5.20000,
,,,00.000031160000,  -5.00000,
,,,00.000031200000,  -5.00000,
,,,00.000031240000,  -5.00000,
,,,00.000031280000,  -5.00000,
,,,00.000031320000,  -5.00000,
,,,00.000031360000,  -4.60000,
,,,00.000031400000,  -4.80000,
,,,00.000031440000,  -4.40000,
,,,00.000031480000,  -4.00000,
,,,00.000031520000,  -3.80000,
,,,00.000031560000,  -3.40000,
,,,00.000031600000,  -3.60000,
,,,00.000031640000,  -3.40000,
,,,00.000031680000,  -3.20000,
,,,00.000031720000,  -3.40000,
,,,00.000031760000,  -3.60000,
,,,00.000031800000,  -3.60000,
,,,00.000031840000,  -4.40000,
,,,00.000031880000,  -3.80000,
,,,00.000031920000,  -4.40000,
,,,00.000031960000,  -4.00000,
,,,00.000032000000,  -3.80000,
,,,00.000032040000,  -3.60000,
,,,00.000032080000,  -3.80000,
,,,00.000032120000,  -3.60000,
,,,00.000032160000,  -3.40000,
,,,00.000032200000,  -3.00000,
,,,00.000032240000,  -3.20000,
,,,00.000032280000,  -2.80000,
,,,00.000032320000,  -3.00000,
,,,00.000032360000,  -3.00000,
,,,00.000032400000,  -2.80000,
,,,00.000032440000,  -3.20000,
,,,00.000032480000,  -2.60000,
,,,00.000032520000,  -2.80000,
,,,00.000032560000,  -2.60000,
,,,00.000032600000,  -2.40000,
,,,00.000032640000,  -2.40000,
,,,00.000032680000,  -2.00000,
,,,00.000032720000,  -2.00000,
,,,00.000032760000,  -1.60000,
,,,00.000032800000,  -1.40000,
,,,00.000032840000,  -1.60000,
,,,00.000032880000,  -1.20000,
,,,00.000032920000,  -1.60000,
,,,00.000032960000,  -1.60000,
,,,00.000033000000,  -1.60000,
,,,00.000033040000,  -1.80000,
,,,00.000033080000,  -1.60000,
,,,00.000033120000,  -1.80000,
,,,00.000033160000,  -1.80000,
,,,00.000033200000,  -1.40000,
,,,00.000033240000,  -1.40000,
,,,00.000033280000,  -1.00000,
,,,00.000033320000,  -0.80000,
,,,00.000033360000,  -0.60000,
,,,00.000033400000,   0.00000,
,,,00.000033440000,   0.00000,
,,,00.000033480000,   0.00000,
,,,00.000033520000,   0.40000,
,,,00.000033560000,   0.60000,
,,,00.000033600000,   0.20000,
,,,00.000033640000,   0.40000,
,,,00.000033680000,   0.00000,
,,,00.000033720000,   0.00000,
,,,00.000033760000,  -0.40000,
,,,00.000033800000,  -0.20000,
,,,00.000033840000,  -0.40000,
,,,00.000033880000,   0.00000,
,,,00.000033920000,   0.40000,
,,,00.000033960000,   0.20000,
,,,00.000034000000,   0.60000,
,,,00.000034040000,   0.40000,
,,,00.000034080000,   0.20000,
,,,00.000034120000,   0.60000,
,,,00.000034160000,   0.80000,
,,,00.000034200000,   0.80000,
,,,00.000034240000,   0.20000,
,,,00.000034280000,   0.20000,
,,,00.000034320000,   0.60000,
,,,00.000034360000,   0.60000,
,,,00.000034400000,   0.60000,
,,,00.000034440000,   1.00000,
,,,00.000034480000,   1.00000,
,,,00.000034520000,   1.40000,
,,,00.000034560000,   1.60000,
,,,00.000034600000,   2.20000,
,,,00.000034640000,   2.40000,
,,,00.000034680000,   2.40000,
,,,00.000034720000,   2.40000,
,,,00.000034760000,   2.80000,
,,,00.000034800000,   2.40000,
,,,00.000034840000,   2.40000,
,,,00.000034880000,   2.40000,
,,,00.000034920000,   2.00000,
,,,00.000034960000,   1.80000,
,,,00.000035000000,   2.00000,
,,,00.000035040000,   1.80000,
,,,00.000035080000,   1.60000,
,,,00.000035120000,   1.80000,
,,,00.000035160000,   2.20000,
,,,00.000035200000,   2.40000,
,,,00.000035240000,   2.40000,
,,,00.000035280000,   2.60000,
,,,00.000035320000,   2.80000,
,,,00.000035360000,   2.60000,
,,,00.000035400000,   3.00000,
,,,00.000035440000,   3.20000,
,,,00.000035480000,   3.00000,
,,,00.000035520000,   3.20000,
,,,00.000035560000,   3.00000,
,,,00.000035600000,   3.00000,
,,,00.000035640000,   3.20000,
,,,00.000035680000,   3.40000,
,,,00.000035720000,   3.80000,
,,,00.000035760000,   3.60000,
,,,00.000035800000,   4.00000,
,,,00.000035840000,   4.00000,
,,,00.000035880000,   4.60000,
,,,00.000035920000,   4.60000,
,,,00.000035960000,   4.60000,
,,,00.000036000000,   4.60000,
,,,00.000036040000,   4.40000,
,,,00.000036080000,   4.40000,
,,,00.000036120000,   4.20000,
,,,00.000036160000,   4.20000,
,,,00.000036200000,   4.20000,
,,,00.000036240000,   3.80000,
,,,00.000036280000,   4.00000,
,,,00.000036320000,   4.40000,
,,,00.000036360000,   4.20000,
,,,00.000036400000,   4.60000,
,,,00.000036440000,   5.00000,
,,,00.000036480000,   5.20000,
,,,00.000036520000,   5.60000,
,,,00.000036560000,   5.60000,
,,,00.000036600000,   5.80000,
,,,00.000036640000,   6.20000,
,,,00.000036680000,   5.80000,
,,,00.000036720000,   5.80000,
,,,00.000036760000,   5.80000,
,,,00.000036800000,   5.40000,
,,,00.000036840000,   5.20000,
,,,00.000036880000,   5.40000,
,,,00.000036920000,   5.60000,
,,,00.000036960000,   5.40000,
,,,00.000037000000,   6.00000,
,,,00.000037040000,   5.60000,
,,,00.000037080000,   6.20000,
,,,00.000037120000,   6.40000,
,,,00.000037160000,   7.00000,
,,,00.000037200000,   6.80000,
,,,00.000037240000,   6.80000,
,,,00.000037280000,   6.60000,
,,,00.000037320000,   7.00000,
,,,00.000037360000,   6.80000,
,,,00.000037400000,   6.60000,
,,,00.000037440000,   6.80000,
,,,00.000037480000,   6.80000,
,,,00.000037520000,   7.00000,
,,,00.000037560000,   6.60000,
,,,00.000037600000,   7.00000,
,,,00.000037640000,   7.20000,
,,,00.000037680000,   7.40000,
,,,00.000037720000,   7.60000,
,,,00.000037760000,   8.00000,
,,,00.000037800000,   8.20000,
,,,00.000037840000,   8.40000,
,,,00.000037880000,   8.40000,
,,,00.000037920000,   8.60000,
,,,00.000037960000,   8.40000,
,,,00.000038000000,   8.40000,
,,,00.000038040000,   8.00000,
,,,00.000038080000,   8.00000,
,,,00.000038120000,   8.00000,
,,,00.000038160000,   7.80000,
,,,00.000038200000,   7.80000,
,,,00.000038240000,   7.40000,
,,,00.000038280000,   8.20000,
,,,00.000038320000,   8.40000,
,,,00.000038360000,   8.40000,
,,,00.000038400000,   8.20000,
,,,00.000038440000,   8.80000,
,,,00.000038480000,   8.60000,
,,,00.000038520000,   8.80000,
,,,00.000038560000,   9.20000,
,,,00.000038600000,   8.80000,
,,,00.000038640000,   8.40000,
,,,00.000038680000,   8.80000,
,,,00.000038720000,   9.00000,
,,,00.000038760000,   9.00000,
,,,00.000038800000,   9.20000,
,,,00.000038840000,   9.40000,
,,,00.000038880000,   9.60000,
,,,00.000038920000,  10.00000,
,,,00.000038960000,   9.80000,
,,,00.000039000000,  10.40000,
,,,00.000039040000,  10.40000,
,,,00.000039080000,  10.40000,
,,,00.000039120000,  10.20000,
,,,00.000039160000,  10.20000,
,,,00.000039200000,  10.20000,
,,,00.000039240000,   9.80000,
,,,00.000039280000,  10.00000,
,,,00.000039320000,  10.00000,
,,,00.000039360000,   9.80000,
,,,00.000039400000,  10.40000,
,,,00.000039440000,  10.40000,
,,,00.000039480000,  10.60000,
,,,00.000039520000,  10.80000,
,,,00.000039560000,  10.80000,
,,,00.000039600000,  11.20000,
,,,00.000039640000,  11.60000,
,,,00.000039680000,  11.80000,
,,,00.000039720000,  11.80000,
,,,00.000039760000,  12.00000,
,,,00.000039800000,  12.20000,
,,,00.000039840000,  11.80000,
,,,00.000039880000,  11.80000,
,,,00.000039920000,  11.40000,
,,,00.000039960000,  11.20000,
,,,00.000040000000,  11.40000,
,,,00.000040040000,  11.40000,
,,,00.000040080000,  11.00000,
,,,00.000040120000,  11.40000,
,,,00.000040160000,  11.80000,
,,,00.000040200000,  12.00000,
,,,00.000040240000,  12.20000,
,,,00.000040280000,  12.40000,
,,,00.000040320000,  12.60000,
,,,00.000040360000,  12.40000,
,,,00.000040400000,  12.40000,
,,,00.000040440000,  13.00000,
,,,00.000040480000,  12.60000,
,,,00.000040520000,  12.60000,
,,,00.000040560000,  12.60000,
,,,00.000040600000,  12.60000,
,,,00.000040640000,  12.20000,
,,,00.000040680000,  12.60000,
,,,00.000040720000,  12.80000,
,,,00.000040760000,  13.20000,
,,,00.000040800000,  13.20000,
,,,00.000040840000,  13.20000,
,,,00.000040880000,  13.80000,
,,,00.000040920000,  14.00000,
,,,00.000040960000,  14.20000,
,,,00.000041000000,  14.20000,
,,,00.000041040000,  14.20000,
,,,00.000041080000,  14.00000,
,,,00.000041120000,  14.00000,
,,,00.000041160000,  13.60000,
,,,00.000041200000,  14.00000,
,,,00.000041240000,  13.40000,
,,,00.000041280000,  13.60000,
,,,00.000041320000,  13.60000,
,,,00.000041360000,  13.60000,
,,,00.000041400000,  13.60000,
,,,00.000041440000,  14.20000,
,,,00.000041480000,  14.60000,
,,,00.000041520000,  14.60000,
,,,00.000041560000,  14.80000,
,,,00.000041600000,  14.80000,
,,,00.000041640000,  14.40000,
,,,00.000041680000,  14.20000,
,,,00.000041720000,  14.80000,
,,,00.000041760000,  14.80000,
,,,00.000041800000,  14.40000,
,,,00.000041840000,  14.20000,
,,,00.000041880000,  14.80000,
,,,00.000041920000,  14.60000,
,,,00.000041960000,  14.60000,
,,,00.000042000000,  14.80000,
,,,00.000042040000,  14.80000,
,,,00.000042080000,  14.80000,
,,,00.000042120000,  15.00000,
,,,00.000042160000,  15.00000,
,,,00.000042200000,  15.00000,
,,,00.000042240000,  15.00000,
,,,00.000042280000,  15.00000,
,,,00.000042320000,  15.20000,
,,,00.000042360000,  14.80000,
,,,00.000042400000,  14.80000,
,,,00.000042440000,  14.80000,
,,,00.000042480000,  14.80000,
,,,00.000042520000,  14.80000,
,,,00.000042560000,  14.60000,
,,,00.000042600000,  14.40000,
,,,00.000042640000,  14.60000,
,,,00.000042680000,  14.40000,
,,,00.000042720000,  14.40000,
,,,00.000042760000,  14.60000,
,,,00.000042800000,  14.80000,
,,,00.000042840000,  14.40000,
,,,00.000042880000,  14.80000,
,,,00.000042920000,  14.60000,
,,,00.000042960000,  15.00000,
,,,00.000043000000,  14.40000,
,,,00.000043040000,  14.60000,
,,,00.000043080000,  14.40000,
,,,00.000043120000,  14.20000,
,,,00.000043160000,  14.20000,
,,,00.000043200000,  14.20000,
,,,00.000043240000,  13.80000,
,,,00.000043280000,  13.80000,
,,,00.000043320000,  13.20000,
,,,00.000043360000,  13.40000,
,,,00.000043400000,  13.20000,
,,,00.000043440000,  13.20000,
,,,00.000043480000,  13.20000,
,,,00.000043520000,  13.20000,
,,,00.000043560000,  13.60000,
,,,00.000043600000,  13.00000,
,,,00.000043640000,  12.80000,
,,,00.000043680000,  12.80000,
,,,00.000043720000,  12.60000,
,,,00.000043760000,  12.80000,
,,,00.000043800000,  12.20000,
,,,00.000043840000,  12.40000,
,,,00.000043880000,  12.20000,
,,,00.000043920000,  11.80000,
,,,00.000043960000,  11.60000,
,,,00.000044000000,  12.00000,
,,,00.000044040000,  11.40000,
,,,00.000044080000,  11.40000,
,,,00.000044120000,  11.60000,
,,,00.000044160000,  11.40000,
,,,00.000044200000,  11.80000,
,,,00.000044240000,  11.80000,
,,,00.000044280000,  12.00000,
,,,00.000044320000,  12.20000,
,,,00.000044360000,  12.40000,
,,,00.000044400000,  12.40000,
,,,00.000044440000,  12.40000,
,,,00.000044480000,  12.00000,
,,,00.000044520000,  12.00000,
,,,00.000044560000,  11.60000,
,,,00.000044600000,  11.00000,
,,,00.000044640000,  11.00000,
,,,00.000044680000,  10.80000,
,,,00.000044720000,  10.40000,
,,,00.000044760000,  10.40000,
,,,00.000044800000,  10.80000,
,,,00.000044840000,  10.80000,
,,,00.000044880000,  10.80000,
,,,00.000044920000,  11.20000,
,,,00.000044960000,  10.80000,
,,,00.000045000000,  10.80000,
,,,00.000045040000,  10.60000,
,,,00.000045080000,  10.60000,
,,,00.000045120000,  10.60000,
,,,00.000045160000,  10.20000,
,,,00.000045200000,  10.00000,
,,,00.000045240000,   9.80000,
,,,00.000045280000,   9.60000,
,,,00.000045320000,   9.20000,
,,,00.000045360000,   9.20000,
,,,00.000045400000,   9.40000,
,,,00.000045440000,   9.60000,
,,,00.000045480000,   9.60000,
,,,00.000045520000,   9.40000,
,,,00.000045560000,  10.00000,
,,,00.000045600000,   9.40000,
,,,00.000045640000,   9.40000,
,,,00.000045680000,  10.00000,
,,,00.000045720000,   9.60000,
,,,00.000045760000,   9.20000,
,,,00.000045800000,   8.80000,
,,,00.000045840000,   8.60000,
,,,00.000045880000,   8.60000,
,,,00.000045920000,   7.80000,
,,,00.000045960000,   7.40000,
,,,00.000046000000,   7.60000,
,,,00.000046040000,   7.80000,
,,,00.000046080000,   7.60000,
,,,00.000046120000,   8.00000,
,,,00.000046160000,   8.00000,
,,,00.000046200000,   8.60000,
,,,00.000046240000,   8.40000,
,,,00.000046280000,   8.80000,
,,,00.000046320000,   8.60000,
,,,00.000046360000,   8.60000,
,,,00.000046400000,   8.40000,
,,,00.000046440000,   8.00000,
,,,00.000046480000,   7.80000,
,,,00.000046520000,   7.60000,
,,,00.000046560000,   7.20000,
,,,00.000046600000,   7.20000,
,,,00.000046640000,   7.40000,
,,,00.000046680000,   7.00000,
,,,00.000046720000,   7.00000,
,,,00.000046760000,   7.00000,
,,,00.000046800000,   6.80000,
,,,00.000046840000,   7.00000,
,,,00.000046880000,   7.20000,
,,,00.000046920000,   7.20000,
,,,00.000046960000,   6.60000,
,,,00.000047000000,   6.80000,
,,,00.000047040000,   6.40000,
,,,00.000047080000,   6.20000,
,,,00.000047120000,   6.20000,
,,,00.000047160000,   5.80000,
,,,00.000047200000,   6.00000,
,,,00.000047240000,   5.60000,
,,,00.000047280000,   5.60000,
,,,00.000047320000,   6.00000,
,,,00.000047360000,   5.80000,
,,,00.000047400000,   6.00000,
,,,00.000047440000,   6.20000,
,,,00.000047480000,   6.20000,
,,,00.000047520000,   6.20000,
,,,00.000047560000,   6.40000,
,,,00.000047600000,   6.60000,
,,,00.000047640000,   6.40000,
,,,00.000047680000,   5.80000,
,,,00.000047720000,   6.00000,
,,,00.000047760000,   5.80000,
,,,00.000047800000,   5.80000,
,,,00.000047840000,   5.80000,
,,,00.000047880000,   5.80000,
,,,00.000047920000,   5.40000,
,,,00.000047960000,   5.60000,
,,,00.000048000000,   5.20000,
,,,00.000048040000,   5.00000,
,,,00.000048080000,   5.20000,
,,,00.000048120000,   4.60000,
,,,00.000048160000,   4.20000,
,,,00.000048200000,   4.20000,
,,,00.000048240000,   4.00000,
,,,00.000048280000,   3.60000,
,,,00.000048320000,   3.60000,
,,,00.000048360000,   3.40000,
,,,00.000048400000,   3.20000,
,,,00.000048440000,   3.20000,
,,,00.000048480000,   3.00000,
,,,00.000048520000,   3.60000,
,,,00.000048560000,   3.20000,
,,,00.000048600000,   3.80000,
,,,00.000048640000,   4.00000,
,,,00.000048680000,   4.00000,
,,,00.000048720000,   4.20000,
,,,00.000048760000,   4.00000,
,,,00.000048800000,   4.20000,
,,,00.000048840000,   4.20000,
,,,00.000048880000,   3.80000,
,,,00.000048920000,   3.40000,
,,,00.000048960000,   3.00000,
,,,00.000049000000,   2.80000,
,,,00.000049040000,   2.20000,
,,,00.000049080000,   2.20000,
,,,00.000049120000,   2.00000,
,,,00.000049160000,   2.00000,
,,,00.000049200000,   2.00000,
,,,00.000049240000,   2.20000,
,,,00.000049280000,   2.00000,
,,,00.000049320000,   2.20000,
,,,00.000049360000,   2.40000,
,,,00.000049400000,   2.60000,
,,,00.000049440000,   2.60000,
,,,00.000049480000,   2.40000,
,,,00.000049520000,   2.20000,
,,,00.000049560000,   2.20000,
,,,00.000049600000,   1.60000,
,,,00.000049640000,   1.60000,
,,,00.000049680000,   1.40000,
,,,00.000049720000,   1.40000,
,,,00.000049760000,   1.20000,
,,,00.000049800000,   1.20000,
,,,00.000049840000,   1.40000,
,,,00.000049880000,   1.20000,
,,,00.000049920000,   1.40000,
,,,00.000049960000,   1.00000,
