Record Length,2.500000e+03,,  -0.000000700000,   0.08000,
Sample Interval,1.000000e-08,,  -0.000000690000,   0.00000,
Trigger Point,7.000000000000e+01,,  -0.000000680000,   0.00000,
,,,  -0.000000670000,  -0.08000,
,,,  -0.000000660000,  -0.16000,
,,,  -0.000000650000,  -0.08000,
Source,CH1,,  -0.000000640000,  -0.08000,
Vertical Units,V,,  -0.000000630000,   0.00000,
Vertical Scale,2.000000e+00,,  -0.000000620000,  -0.08000,
Vertical Offset,-4.000000e+00,,  -0.000000610000,   0.00000,
Horizontal Units,s,,  -0.000000600000,  -0.08000,
Horizontal Scale,2.500000e-06,,  -0.000000590000,  -0.08000,
Pt Fmt,Y,,  -0.000000580000,   0.00000,
Yzero,0.000000e+00,,  -0.000000570000,   0.00000,
Probe Atten,1.000000e+01,,  -0.000000560000,   0.00000,
Model Number,TDS1002B,,  -0.000000550000,  -0.08000,
Serial Number,C050789,,  -0.000000540000,   0.00000,
Firmware Version,FV:v22.01,,  -0.000000530000,   0.00000,
,,,-00.000000520000,   0.00000,
,,,-00.000000510000,   0.00000,
,,,-00.000000500000,   0.00000,
,,,-00.000000490000,   0.08000,
,,,-00.000000480000,   0.00000,
,,,-00.000000470000,   0.00000,
,,,-00.000000460000,   0.08000,
,,,-00.000000450000,   0.08000,
,,,-00.000000440000,   0.00000,
,,,-00.000000430000,  -0.16000,
,,,-00.000000420000,  -0.08000,
,,,-00.000000410000,  -0.24000,
,,,-00.000000400000,  -0.24000,
,,,-00.000000390000,  -0.24000,
,,,-00.000000380000,  -0.24000,
,,,-00.000000370000,  -0.32000,
,,,-00.000000360000,  -0.40000,
,,,-00.000000350000,  -0.32000,
,,,-00.000000340000,  -0.40000,
,,,-00.000000330000,  -0.48000,
,,,-00.000000320000,  -0.40000,
,,,-00.000000310000,  -0.48000,
,,,-00.000000300000,  -0.48000,
,,,-00.000000290000,  -0.48000,
,,,-00.000000280000,  -0.48000,
,,,-00.000000270000,  -0.48000,
,,,-00.000000260000,  -0.40000,
,,,-00.000000250000,  -0.32000,
,,,-00.000000240000,  -0.32000,
,,,-00.000000230000,  -0.40000,
,,,-00.000000220000,  -0.24000,
,,,-00.000000210000,  -0.40000,
,,,-00.000000200000,  -0.08000,
,,,-00.000000190000,  -0.16000,
,,,-00.000000180000,  -0.16000,
,,,-00.000000170000,  -0.08000,
,,,-00.000000160000,  -0.08000,
,,,-00.000000150000,   0.16000,
,,,-00.000000140000,   0.16000,
,,,-00.000000130000,   0.32000,
,,,-00.000000120000,   0.32000,
,,,-00.000000110000,   0.40000,
,,,-00.000000100000,   0.48000,
,,,-00.000000090000,   0.48000,
,,,-00.000000080000,   0.72000,
,,,-00.000000070000,   0.72000,
,,,-00.000000060000,   0.88000,
,,,-00.000000050000,   0.96000,
,,,-00.000000040000,   1.04000,
,,,-00.000000030000,   1.20000,
,,,-00.000000020000,   1.28000,
,,,-00.000000010000,   1.36000,
,,,-00.000000000000,   1.44000,
,,,00.000000010000,   1.52000,
,,,00.000000020000,   1.52000,
,,,00.000000030000,   1.76000,
,,,00.000000040000,   1.84000,
,,,00.000000050000,   2.00000,
,,,00.000000060000,   2.00000,
,,,00.000000070000,   2.16000,
,,,00.000000080000,   2.16000,
,,,00.000000090000,   2.24000,
,,,00.000000100000,   2.40000,
,,,00.000000110000,   2.40000,
,,,00.000000120000,   2.56000,
,,,00.000000130000,   2.64000,
,,,00.000000140000,   2.72000,
,,,00.000000150000,   2.96000,
,,,00.000000160000,   3.04000,
,,,00.000000170000,   3.04000,
,,,00.000000180000,   3.28000,
,,,00.000000190000,   3.28000,
,,,00.000000200000,   3.44000,
,,,00.000000210000,   3.52000,
,,,00.000000220000,   3.68000,
,,,00.000000230000,   3.68000,
,,,00.000000240000,   3.92000,
,,,00.000000250000,   3.92000,
,,,00.000000260000,   4.00000,
,,,00.000000270000,   4.08000,
,,,00.000000280000,   4.32000,
,,,00.000000290000,   4.32000,
,,,00.000000300000,   4.32000,
,,,00.000000310000,   4.56000,
,,,00.000000320000,   4.56000,
,,,00.000000330000,   4.72000,
,,,00.000000340000,   4.96000,
,,,00.000000350000,   4.88000,
,,,00.000000360000,   5.04000,
,,,00.000000370000,   5.20000,
,,,00.000000380000,   5.20000,
,,,00.000000390000,   5.36000,
,,,00.000000400000,   5.44000,
,,,00.000000410000,   5.60000,
,,,00.000000420000,   5.68000,
,,,00.000000430000,   5.84000,
,,,00.000000440000,   5.84000,
,,,00.000000450000,   5.92000,
,,,00.000000460000,   6.08000,
,,,00.000000470000,   6.08000,
,,,00.000000480000,   6.32000,
,,,00.000000490000,   6.40000,
,,,00.000000500000,   6.40000,
,,,00.000000510000,   6.56000,
,,,00.000000520000,   6.48000,
,,,00.000000530000,   6.72000,
,,,00.000000540000,   6.80000,
,,,00.000000550000,   6.96000,
,,,00.000000560000,   7.04000,
,,,00.000000570000,   7.12000,
,,,00.000000580000,   7.20000,
,,,00.000000590000,   7.20000,
,,,00.000000600000,   7.36000,
,,,00.000000610000,   7.36000,
,,,00.000000620000,   7.60000,
,,,00.000000630000,   7.60000,
,,,00.000000640000,   7.68000,
,,,00.000000650000,   7.76000,
,,,00.000000660000,   7.76000,
,,,00.000000670000,   7.92000,
,,,00.000000680000,   8.00000,
,,,00.000000690000,   8.08000,
,,,00.000000700000,   8.08000,
,,,00.000000710000,   8.08000,
,,,00.000000720000,   8.24000,
,,,00.000000730000,   8.24000,
,,,00.000000740000,   8.32000,
,,,00.000000750000,   8.24000,
,,,00.000000760000,   8.32000,
,,,00.000000770000,   8.40000,
,,,00.000000780000,   8.24000,
,,,00.000000790000,   8.40000,
,,,00.000000800000,   8.32000,
,,,00.000000810000,   8.40000,
,,,00.000000820000,   8.32000,
,,,00.000000830000,   8.32000,
,,,00.000000840000,   8.24000,
,,,00.000000850000,   8.24000,
,,,00.000000860000,   8.24000,
,,,00.000000870000,   8.24000,
,,,00.000000880000,   8.08000,
,,,00.000000890000,   8.00000,
,,,00.000000900000,   7.92000,
,,,00.000000910000,   7.92000,
,,,00.000000920000,   7.84000,
,,,00.000000930000,   7.84000,
,,,00.000000940000,   7.52000,
,,,00.000000950000,   7.60000,
,,,00.000000960000,   7.52000,
,,,00.000000970000,   7.60000,
,,,00.000000980000,   7.44000,
,,,00.000000990000,   7.36000,
,,,00.000001000000,   7.28000,
,,,00.000001010000,   7.20000,
,,,00.000001020000,   7.04000,
,,,00.000001030000,   6.96000,
,,,00.000001040000,   6.96000,
,,,00.000001050000,   6.80000,
,,,00.000001060000,   6.72000,
,,,00.000001070000,   6.72000,
,,,00.000001080000,   6.64000,
,,,00.000001090000,   6.56000,
,,,00.000001100000,   6.48000,
,,,00.000001110000,   6.48000,
,,,00.000001120000,   6.48000,
,,,00.000001130000,   6.32000,
,,,00.000001140000,   6.16000,
,,,00.000001150000,   6.32000,
,,,00.000001160000,   6.08000,
,,,00.000001170000,   6.00000,
,,,00.000001180000,   6.08000,
,,,00.000001190000,   6.00000,
,,,00.000001200000,   6.00000,
,,,00.000001210000,   6.08000,
,,,00.000001220000,   5.92000,
,,,00.000001230000,   5.92000,
,,,00.000001240000,   6.00000,
,,,00.000001250000,   5.92000,
,,,00.000001260000,   5.92000,
,,,00.000001270000,   5.84000,
,,,00.000001280000,   6.00000,
,,,00.000001290000,   5.92000,
,,,00.000001300000,   6.00000,
,,,00.000001310000,   5.92000,
,,,00.000001320000,   6.00000,
,,,00.000001330000,   6.08000,
,,,00.000001340000,   6.00000,
,,,00.000001350000,   6.08000,
,,,00.000001360000,   6.08000,
,,,00.000001370000,   6.16000,
,,,00.000001380000,   6.08000,
,,,00.000001390000,   6.16000,
,,,00.000001400000,   6.08000,
,,,00.000001410000,   6.24000,
,,,00.000001420000,   6.24000,
,,,00.000001430000,   6.32000,
,,,00.000001440000,   6.32000,
,,,00.000001450000,   6.40000,
,,,00.000001460000,   6.40000,
,,,00.000001470000,   6.48000,
,,,00.000001480000,   6.48000,
,,,00.000001490000,   6.48000,
,,,00.000001500000,   6.48000,
,,,00.000001510000,   6.48000,
,,,00.000001520000,   6.48000,
,,,00.000001530000,   6.56000,
,,,00.000001540000,   6.64000,
,,,00.000001550000,   6.64000,
,,,00.000001560000,   6.56000,
,,,00.000001570000,   6.56000,
,,,00.000001580000,   6.64000,
,,,00.000001590000,   6.56000,
,,,00.000001600000,   6.64000,
,,,00.000001610000,   6.64000,
,,,00.000001620000,   6.64000,
,,,00.000001630000,   6.64000,
,,,00.000001640000,   6.56000,
,,,00.000001650000,   6.64000,
,,,00.000001660000,   6.56000,
,,,00.000001670000,   6.56000,
,,,00.000001680000,   6.56000,
,,,00.000001690000,   6.48000,
,,,00.000001700000,   6.48000,
,,,00.000001710000,   6.40000,
,,,00.000001720000,   6.48000,
,,,00.000001730000,   6.40000,
,,,00.000001740000,   6.40000,
,,,00.000001750000,   6.40000,
,,,00.000001760000,   6.40000,
,,,00.000001770000,   6.32000,
,,,00.000001780000,   6.24000,
,,,00.000001790000,   6.24000,
,,,00.000001800000,   6.24000,
,,,00.000001810000,   6.16000,
,,,00.000001820000,   6.08000,
,,,00.000001830000,   6.16000,
,,,00.000001840000,   6.08000,
,,,00.000001850000,   6.00000,
,,,00.000001860000,   6.00000,
,,,00.000001870000,   5.92000,
,,,00.000001880000,   5.92000,
,,,00.000001890000,   5.84000,
,,,00.000001900000,   5.84000,
,,,00.000001910000,   5.76000,
,,,00.000001920000,   5.76000,
,,,00.000001930000,   5.76000,
,,,00.000001940000,   5.68000,
,,,00.000001950000,   5.68000,
,,,00.000001960000,   5.60000,
,,,00.000001970000,   5.60000,
,,,00.000001980000,   5.60000,
,,,00.000001990000,   5.60000,
,,,00.000002000000,   5.52000,
,,,00.000002010000,   5.52000,
,,,00.000002020000,   5.44000,
,,,00.000002030000,   5.36000,
,,,00.000002040000,   5.44000,
,,,00.000002050000,   5.36000,
,,,00.000002060000,   5.36000,
,,,00.000002070000,   5.44000,
,,,00.000002080000,   5.36000,
,,,00.000002090000,   5.36000,
,,,00.000002100000,   5.44000,
,,,00.000002110000,   5.44000,
,,,00.000002120000,   5.36000,
,,,00.000002130000,   5.28000,
,,,00.000002140000,   5.36000,
,,,00.000002150000,   5.36000,
,,,00.000002160000,   5.36000,
,,,00.000002170000,   5.36000,
,,,00.000002180000,   5.36000,
,,,00.000002190000,   5.44000,
,,,00.000002200000,   5.36000,
,,,00.000002210000,   5.36000,
,,,00.000002220000,   5.36000,
,,,00.000002230000,   5.44000,
,,,00.000002240000,   5.44000,
,,,00.000002250000,   5.44000,
,,,00.000002260000,   5.36000,
,,,00.000002270000,   5.52000,
,,,00.000002280000,   5.36000,
,,,00.000002290000,   5.52000,
,,,00.000002300000,   5.52000,
,,,00.000002310000,   5.52000,
,,,00.000002320000,   5.52000,
,,,00.000002330000,   5.44000,
,,,00.000002340000,   5.44000,
,,,00.000002350000,   5.44000,
,,,00.000002360000,   5.44000,
,,,00.000002370000,   5.52000,
,,,00.000002380000,   5.52000,
,,,00.000002390000,   5.52000,
,,,00.000002400000,   5.52000,
,,,00.000002410000,   5.52000,
,,,00.000002420000,   5.44000,
,,,00.000002430000,   5.52000,
,,,00.000002440000,   5.52000,
,,,00.000002450000,   5.52000,
,,,00.000002460000,   5.52000,
,,,00.000002470000,   5.60000,
,,,00.000002480000,   5.36000,
,,,00.000002490000,   5.44000,
,,,00.000002500000,   5.52000,
,,,00.000002510000,   5.44000,
,,,00.000002520000,   5.44000,
,,,00.000002530000,   5.44000,
,,,00.000002540000,   5.36000,
,,,00.000002550000,   5.36000,
,,,00.000002560000,   5.36000,
,,,00.000002570000,   5.28000,
,,,00.000002580000,   5.20000,
,,,00.000002590000,   5.36000,
,,,00.000002600000,   5.28000,
,,,00.000002610000,   5.20000,
,,,00.000002620000,   5.20000,
,,,00.000002630000,   5.20000,
,,,00.000002640000,   5.12000,
,,,00.000002650000,   5.20000,
,,,00.000002660000,   5.12000,
,,,00.000002670000,   5.12000,
,,,00.000002680000,   5.12000,
,,,00.000002690000,   5.04000,
,,,00.000002700000,   5.04000,
,,,00.000002710000,   5.04000,
,,,00.000002720000,   5.04000,
,,,00.000002730000,   4.96000,
,,,00.000002740000,   4.96000,
,,,00.000002750000,   4.96000,
,,,00.000002760000,   4.96000,
,,,00.000002770000,   4.88000,
,,,00.000002780000,   4.88000,
,,,00.000002790000,   4.88000,
,,,00.000002800000,   4.88000,
,,,00.000002810000,   4.88000,
,,,00.000002820000,   4.80000,
,,,00.000002830000,   4.72000,
,,,00.000002840000,   4.72000,
,,,00.000002850000,   4.72000,
,,,00.000002860000,   4.80000,
,,,00.000002870000,   4.72000,
,,,00.000002880000,   4.80000,
,,,00.000002890000,   4.72000,
,,,00.000002900000,   4.72000,
,,,00.000002910000,   4.72000,
,,,00.000002920000,   4.72000,
,,,00.000002930000,   4.80000,
,,,00.000002940000,   4.72000,
,,,00.000002950000,   4.72000,
,,,00.000002960000,   4.72000,
,,,00.000002970000,   4.64000,
,,,00.000002980000,   4.72000,
,,,00.000002990000,   4.64000,
,,,00.000003000000,   4.64000,
,,,00.000003010000,   4.72000,
,,,00.000003020000,   4.64000,
,,,00.000003030000,   4.64000,
,,,00.000003040000,   4.72000,
,,,00.000003050000,   4.80000,
,,,00.000003060000,   4.72000,
,,,00.000003070000,   4.64000,
,,,00.000003080000,   4.64000,
,,,00.000003090000,   4.64000,
,,,00.000003100000,   4.72000,
,,,00.000003110000,   4.72000,
,,,00.000003120000,   4.64000,
,,,00.000003130000,   4.80000,
,,,00.000003140000,   4.72000,
,,,00.000003150000,   4.72000,
,,,00.000003160000,   4.80000,
,,,00.000003170000,   4.64000,
,,,00.000003180000,   4.72000,
,,,00.000003190000,   4.72000,
,,,00.000003200000,   4.64000,
,,,00.000003210000,   4.72000,
,,,00.000003220000,   4.56000,
,,,00.000003230000,   4.64000,
,,,00.000003240000,   4.64000,
,,,00.000003250000,   4.64000,
,,,00.000003260000,   4.64000,
,,,00.000003270000,   4.56000,
,,,00.000003280000,   4.64000,
,,,00.000003290000,   4.56000,
,,,00.000003300000,   4.56000,
,,,00.000003310000,   4.64000,
,,,00.000003320000,   4.56000,
,,,00.000003330000,   4.56000,
,,,00.000003340000,   4.64000,
,,,00.000003350000,   4.56000,
,,,00.000003360000,   4.56000,
,,,00.000003370000,   4.56000,
,,,00.000003380000,   4.56000,
,,,00.000003390000,   4.48000,
,,,00.000003400000,   4.40000,
,,,00.000003410000,   4.48000,
,,,00.000003420000,   4.48000,
,,,00.000003430000,   4.48000,
,,,00.000003440000,   4.40000,
,,,00.000003450000,   4.40000,
,,,00.000003460000,   4.32000,
,,,00.000003470000,   4.40000,
,,,00.000003480000,   4.32000,
,,,00.000003490000,   4.40000,
,,,00.000003500000,   4.32000,
,,,00.000003510000,   4.32000,
,,,00.000003520000,   4.32000,
,,,00.000003530000,   4.32000,
,,,00.000003540000,   4.24000,
,,,00.000003550000,   4.32000,
,,,00.000003560000,   4.32000,
,,,00.000003570000,   4.24000,
,,,00.000003580000,   4.16000,
,,,00.000003590000,   4.32000,
,,,00.000003600000,   4.24000,
,,,00.000003610000,   4.16000,
,,,00.000003620000,   4.16000,
,,,00.000003630000,   4.16000,
,,,00.000003640000,   4.16000,
,,,00.000003650000,   4.24000,
,,,00.000003660000,   4.08000,
,,,00.000003670000,   4.08000,
,,,00.000003680000,   4.08000,
,,,00.000003690000,   4.08000,
,,,00.000003700000,   4.08000,
,,,00.000003710000,   4.08000,
,,,00.000003720000,   4.08000,
,,,00.000003730000,   4.08000,
,,,00.000003740000,   4.08000,
,,,00.000003750000,   4.08000,
,,,00.000003760000,   4.08000,
,,,00.000003770000,   4.08000,
,,,00.000003780000,   4.00000,
,,,00.000003790000,   4.08000,
,,,00.000003800000,   4.00000,
,,,00.000003810000,   4.16000,
,,,00.000003820000,   4.08000,
,,,00.000003830000,   4.00000,
,,,00.000003840000,   4.08000,
,,,00.000003850000,   4.08000,
,,,00.000003860000,   4.00000,
,,,00.000003870000,   4.16000,
,,,00.000003880000,   4.08000,
,,,00.000003890000,   4.00000,
,,,00.000003900000,   4.00000,
,,,00.000003910000,   4.00000,
,,,00.000003920000,   4.08000,
,,,00.000003930000,   4.08000,
,,,00.000003940000,   4.00000,
,,,00.000003950000,   4.00000,
,,,00.000003960000,   3.92000,
,,,00.000003970000,   4.08000,
,,,00.000003980000,   4.08000,
,,,00.000003990000,   4.00000,
,,,00.000004000000,   4.00000,
,,,00.000004010000,   3.92000,
,,,00.000004020000,   3.92000,
,,,00.000004030000,   3.92000,
,,,00.000004040000,   3.92000,
,,,00.000004050000,   3.92000,
,,,00.000004060000,   3.92000,
,,,00.000004070000,   3.92000,
,,,00.000004080000,   3.92000,
,,,00.000004090000,   3.92000,
,,,00.000004100000,   3.92000,
,,,00.000004110000,   3.92000,
,,,00.000004120000,   3.92000,
,,,00.000004130000,   3.84000,
,,,00.000004140000,   3.84000,
,,,00.000004150000,   4.00000,
,,,00.000004160000,   3.84000,
,,,00.000004170000,   3.84000,
,,,00.000004180000,   3.92000,
,,,00.000004190000,   3.84000,
,,,00.000004200000,   3.84000,
,,,00.000004210000,   3.92000,
,,,00.000004220000,   3.84000,
,,,00.000004230000,   3.76000,
,,,00.000004240000,   3.84000,
,,,00.000004250000,   3.76000,
,,,00.000004260000,   3.76000,
,,,00.000004270000,   3.76000,
,,,00.000004280000,   3.76000,
,,,00.000004290000,   3.68000,
,,,00.000004300000,   3.76000,
,,,00.000004310000,   3.68000,
,,,00.000004320000,   3.76000,
,,,00.000004330000,   3.68000,
,,,00.000004340000,   3.76000,
,,,00.000004350000,   3.68000,
,,,00.000004360000,   3.76000,
,,,00.000004370000,   3.76000,
,,,00.000004380000,   3.68000,
,,,00.000004390000,   3.60000,
,,,00.000004400000,   3.68000,
,,,00.000004410000,   3.60000,
,,,00.000004420000,   3.60000,
,,,00.000004430000,   3.60000,
,,,00.000004440000,   3.60000,
,,,00.000004450000,   3.68000,
,,,00.000004460000,   3.60000,
,,,00.000004470000,   3.68000,
,,,00.000004480000,   3.60000,
,,,00.000004490000,   3.60000,
,,,00.000004500000,   3.68000,
,,,00.000004510000,   3.60000,
,,,00.000004520000,   3.60000,
,,,00.000004530000,   3.52000,
,,,00.000004540000,   3.60000,
,,,00.000004550000,   3.52000,
,,,00.000004560000,   3.52000,
,,,00.000004570000,   3.52000,
,,,00.000004580000,   3.44000,
,,,00.000004590000,   3.52000,
,,,00.000004600000,   3.52000,
,,,00.000004610000,   3.44000,
,,,00.000004620000,   3.52000,
,,,00.000004630000,   3.52000,
,,,00.000004640000,   3.44000,
,,,00.000004650000,   3.52000,
,,,00.000004660000,   3.44000,
,,,00.000004670000,   3.44000,
,,,00.000004680000,   3.52000,
,,,00.000004690000,   3.44000,
,,,00.000004700000,   3.52000,
,,,00.000004710000,   3.52000,
,,,00.000004720000,   3.44000,
,,,00.000004730000,   3.44000,
,,,00.000004740000,   3.36000,
,,,00.000004750000,   3.44000,
,,,00.000004760000,   3.36000,
,,,00.000004770000,   3.44000,
,,,00.000004780000,   3.44000,
,,,00.000004790000,   3.36000,
,,,00.000004800000,   3.44000,
,,,00.000004810000,   3.36000,
,,,00.000004820000,   3.28000,
,,,00.000004830000,   3.36000,
,,,00.000004840000,   3.44000,
,,,00.000004850000,   3.36000,
,,,00.000004860000,   3.44000,
,,,00.000004870000,   3.44000,
,,,00.000004880000,   3.44000,
,,,00.000004890000,   3.28000,
,,,00.000004900000,   3.28000,
,,,00.000004910000,   3.36000,
,,,00.000004920000,   3.36000,
,,,00.000004930000,   3.28000,
,,,00.000004940000,   3.36000,
,,,00.000004950000,   3.28000,
,,,00.000004960000,   3.28000,
,,,00.000004970000,   3.36000,
,,,00.000004980000,   3.36000,
,,,00.000004990000,   3.28000,
,,,00.000005000000,   3.28000,
,,,00.000005010000,   3.28000,
,,,00.000005020000,   3.20000,
,,,00.000005030000,   3.12000,
,,,00.000005040000,   3.28000,
,,,00.000005050000,   3.28000,
,,,00.000005060000,   3.20000,
,,,00.000005070000,   3.20000,
,,,00.000005080000,   3.12000,
,,,00.000005090000,   3.12000,
,,,00.000005100000,   3.20000,
,,,00.000005110000,   3.20000,
,,,00.000005120000,   3.12000,
,,,00.000005130000,   3.20000,
,,,00.000005140000,   3.20000,
,,,00.000005150000,   3.12000,
,,,00.000005160000,   3.12000,
,,,00.000005170000,   3.20000,
,,,00.000005180000,   3.20000,
,,,00.000005190000,   3.12000,
,,,00.000005200000,   3.20000,
,,,00.000005210000,   3.12000,
,,,00.000005220000,   3.12000,
,,,00.000005230000,   3.12000,
,,,00.000005240000,   3.12000,
,,,00.000005250000,   3.12000,
,,,00.000005260000,   3.20000,
,,,00.000005270000,   3.04000,
,,,00.000005280000,   2.96000,
,,,00.000005290000,   3.12000,
,,,00.000005300000,   3.12000,
,,,00.000005310000,   3.04000,
,,,00.000005320000,   3.04000,
,,,00.000005330000,   2.96000,
,,,00.000005340000,   3.04000,
,,,00.000005350000,   3.12000,
,,,00.000005360000,   3.04000,
,,,00.000005370000,   3.12000,
,,,00.000005380000,   3.04000,
,,,00.000005390000,   2.88000,
,,,00.000005400000,   3.04000,
,,,00.000005410000,   2.96000,
,,,00.000005420000,   2.96000,
,,,00.000005430000,   3.04000,
,,,00.000005440000,   2.96000,
,,,00.000005450000,   3.04000,
,,,00.000005460000,   2.96000,
,,,00.000005470000,   2.96000,
,,,00.000005480000,   2.96000,
,,,00.000005490000,   3.12000,
,,,00.000005500000,   3.04000,
,,,00.000005510000,   2.88000,
,,,00.000005520000,   2.96000,
,,,00.000005530000,   2.96000,
,,,00.000005540000,   2.96000,
,,,00.000005550000,   2.88000,
,,,00.000005560000,   2.96000,
,,,00.000005570000,   2.96000,
,,,00.000005580000,   2.88000,
,,,00.000005590000,   2.96000,
,,,00.000005600000,   2.96000,
,,,00.000005610000,   2.96000,
,,,00.000005620000,   2.96000,
,,,00.000005630000,   2.88000,
,,,00.000005640000,   2.96000,
,,,00.000005650000,   2.80000,
,,,00.000005660000,   2.88000,
,,,00.000005670000,   2.88000,
,,,00.000005680000,   2.88000,
,,,00.000005690000,   2.96000,
,,,00.000005700000,   2.88000,
,,,00.000005710000,   2.88000,
,,,00.000005720000,   2.80000,
,,,00.000005730000,   2.80000,
,,,00.000005740000,   2.88000,
,,,00.000005750000,   2.88000,
,,,00.000005760000,   2.80000,
,,,00.000005770000,   2.80000,
,,,00.000005780000,   2.80000,
,,,00.000005790000,   2.88000,
,,,00.000005800000,   2.80000,
,,,00.000005810000,   2.80000,
,,,00.000005820000,   2.80000,
,,,00.000005830000,   2.80000,
,,,00.000005840000,   2.72000,
,,,00.000005850000,   2.80000,
,,,00.000005860000,   2.72000,
,,,00.000005870000,   2.80000,
,,,00.000005880000,   2.72000,
,,,00.000005890000,   2.72000,
,,,00.000005900000,   2.80000,
,,,00.000005910000,   2.80000,
,,,00.000005920000,   2.72000,
,,,00.000005930000,   2.72000,
,,,00.000005940000,   2.64000,
,,,00.000005950000,   2.72000,
,,,00.000005960000,   2.64000,
,,,00.000005970000,   2.64000,
,,,00.000005980000,   2.64000,
,,,00.000005990000,   2.72000,
,,,00.000006000000,   2.64000,
,,,00.000006010000,   2.80000,
,,,00.000006020000,   2.56000,
,,,00.000006030000,   2.56000,
,,,00.000006040000,   2.72000,
,,,00.000006050000,   2.56000,
,,,00.000006060000,   2.56000,
,,,00.000006070000,   2.56000,
,,,00.000006080000,   2.48000,
,,,00.000006090000,   2.64000,
,,,00.000006100000,   2.56000,
,,,00.000006110000,   2.56000,
,,,00.000006120000,   2.56000,
,,,00.000006130000,   2.56000,
,,,00.000006140000,   2.56000,
,,,00.000006150000,   2.48000,
,,,00.000006160000,   2.56000,
,,,00.000006170000,   2.64000,
,,,00.000006180000,   2.56000,
,,,00.000006190000,   2.64000,
,,,00.000006200000,   2.48000,
,,,00.000006210000,   2.48000,
,,,00.000006220000,   2.56000,
,,,00.000006230000,   2.48000,
,,,00.000006240000,   2.48000,
,,,00.000006250000,   2.56000,
,,,00.000006260000,   2.48000,
,,,00.000006270000,   2.56000,
,,,00.000006280000,   2.48000,
,,,00.000006290000,   2.56000,
,,,00.000006300000,   2.56000,
,,,00.000006310000,   2.64000,
,,,00.000006320000,   2.56000,
,,,00.000006330000,   2.48000,
,,,00.000006340000,   2.56000,
,,,00.000006350000,   2.56000,
,,,00.000006360000,   2.56000,
,,,00.000006370000,   2.56000,
,,,00.000006380000,   2.48000,
,,,00.000006390000,   2.56000,
,,,00.000006400000,   2.40000,
,,,00.000006410000,   2.48000,
,,,00.000006420000,   2.56000,
,,,00.000006430000,   2.56000,
,,,00.000006440000,   2.56000,
,,,00.000006450000,   2.56000,
,,,00.000006460000,   2.40000,
,,,00.000006470000,   2.56000,
,,,00.000006480000,   2.56000,
,,,00.000006490000,   2.48000,
,,,00.000006500000,   2.48000,
,,,00.000006510000,   2.48000,
,,,00.000006520000,   2.40000,
,,,00.000006530000,   2.48000,
,,,00.000006540000,   2.40000,
,,,00.000006550000,   2.48000,
,,,00.000006560000,   2.56000,
,,,00.000006570000,   2.40000,
,,,00.000006580000,   2.56000,
,,,00.000006590000,   2.48000,
,,,00.000006600000,   2.48000,
,,,00.000006610000,   2.40000,
,,,00.000006620000,   2.48000,
,,,00.000006630000,   2.40000,
,,,00.000006640000,   2.40000,
,,,00.000006650000,   2.32000,
,,,00.000006660000,   2.40000,
,,,00.000006670000,   2.40000,
,,,00.000006680000,   2.48000,
,,,00.000006690000,   2.40000,
,,,00.000006700000,   2.40000,
,,,00.000006710000,   2.40000,
,,,00.000006720000,   2.32000,
,,,00.000006730000,   2.48000,
,,,00.000006740000,   2.32000,
,,,00.000006750000,   2.40000,
,,,00.000006760000,   2.40000,
,,,00.000006770000,   2.32000,
,,,00.000006780000,   2.40000,
,,,00.000006790000,   2.24000,
,,,00.000006800000,   2.32000,
,,,00.000006810000,   2.40000,
,,,00.000006820000,   2.32000,
,,,00.000006830000,   2.24000,
,,,00.000006840000,   2.32000,
,,,00.000006850000,   2.24000,
,,,00.000006860000,   2.24000,
,,,00.000006870000,   2.32000,
,,,00.000006880000,   2.24000,
,,,00.000006890000,   2.32000,
,,,00.000006900000,   2.32000,
,,,00.000006910000,   2.24000,
,,,00.000006920000,   2.24000,
,,,00.000006930000,   2.24000,
,,,00.000006940000,   2.32000,
,,,00.000006950000,   2.24000,
,,,00.000006960000,   2.24000,
,,,00.000006970000,   2.08000,
,,,00.000006980000,   2.24000,
,,,00.000006990000,   2.24000,
,,,00.000007000000,   2.24000,
,,,00.000007010000,   2.24000,
,,,00.000007020000,   2.24000,
,,,00.000007030000,   2.24000,
,,,00.000007040000,   2.24000,
,,,00.000007050000,   2.32000,
,,,00.000007060000,   2.40000,
,,,00.000007070000,   2.32000,
,,,00.000007080000,   2.48000,
,,,00.000007090000,   2.40000,
,,,00.000007100000,   2.40000,
,,,00.000007110000,   2.48000,
,,,00.000007120000,   2.56000,
,,,00.000007130000,   2.40000,
,,,00.000007140000,   2.48000,
,,,00.000007150000,   2.48000,
,,,00.000007160000,   2.48000,
,,,00.000007170000,   2.56000,
,,,00.000007180000,   2.64000,
,,,00.000007190000,   2.56000,
,,,00.000007200000,   2.56000,
,,,00.000007210000,   2.64000,
,,,00.000007220000,   2.72000,
,,,00.000007230000,   2.64000,
,,,00.000007240000,   2.80000,
,,,00.000007250000,   2.72000,
,,,00.000007260000,   2.64000,
,,,00.000007270000,   2.72000,
,,,00.000007280000,   2.72000,
,,,00.000007290000,   2.64000,
,,,00.000007300000,   2.72000,
,,,00.000007310000,   2.64000,
,,,00.000007320000,   2.56000,
,,,00.000007330000,   2.56000,
,,,00.000007340000,   2.64000,
,,,00.000007350000,   2.64000,
,,,00.000007360000,   2.48000,
,,,00.000007370000,   2.48000,
,,,00.000007380000,   2.48000,
,,,00.000007390000,   2.40000,
,,,00.000007400000,   2.40000,
,,,00.000007410000,   2.32000,
,,,00.000007420000,   2.32000,
,,,00.000007430000,   2.32000,
,,,00.000007440000,   2.24000,
,,,00.000007450000,   2.16000,
,,,00.000007460000,   2.16000,
,,,00.000007470000,   2.16000,
,,,00.000007480000,   2.08000,
,,,00.000007490000,   2.16000,
,,,00.000007500000,   2.00000,
,,,00.000007510000,   2.00000,
,,,00.000007520000,   2.00000,
,,,00.000007530000,   1.92000,
,,,00.000007540000,   1.76000,
,,,00.000007550000,   1.84000,
,,,00.000007560000,   1.84000,
,,,00.000007570000,   1.84000,
,,,00.000007580000,   1.68000,
,,,00.000007590000,   1.76000,
,,,00.000007600000,   1.60000,
,,,00.000007610000,   1.68000,
,,,00.000007620000,   1.68000,
,,,00.000007630000,   1.60000,
,,,00.000007640000,   1.60000,
,,,00.000007650000,   1.60000,
,,,00.000007660000,   1.52000,
,,,00.000007670000,   1.68000,
,,,00.000007680000,   1.60000,
,,,00.000007690000,   1.60000,
,,,00.000007700000,   1.60000,
,,,00.000007710000,   1.52000,
,,,00.000007720000,   1.60000,
,,,00.000007730000,   1.60000,
,,,00.000007740000,   1.60000,
,,,00.000007750000,   1.60000,
,,,00.000007760000,   1.60000,
,,,00.000007770000,   1.60000,
,,,00.000007780000,   1.60000,
,,,00.000007790000,   1.68000,
,,,00.000007800000,   1.68000,
,,,00.000007810000,   1.68000,
,,,00.000007820000,   1.68000,
,,,00.000007830000,   1.76000,
,,,00.000007840000,   1.76000,
,,,00.000007850000,   1.76000,
,,,00.000007860000,   1.76000,
,,,00.000007870000,   1.76000,
,,,00.000007880000,   1.84000,
,,,00.000007890000,   1.84000,
,,,00.000007900000,   1.92000,
,,,00.000007910000,   1.92000,
,,,00.000007920000,   1.84000,
,,,00.000007930000,   1.92000,
,,,00.000007940000,   1.92000,
,,,00.000007950000,   2.00000,
,,,00.000007960000,   2.00000,
,,,00.000007970000,   2.08000,
,,,00.000007980000,   2.00000,
,,,00.000007990000,   2.08000,
,,,00.000008000000,   2.00000,
,,,00.000008010000,   2.00000,
,,,00.000008020000,   2.00000,
,,,00.000008030000,   2.08000,
,,,00.000008040000,   2.08000,
,,,00.000008050000,   2.16000,
,,,00.000008060000,   2.08000,
,,,00.000008070000,   2.08000,
,,,00.000008080000,   2.08000,
,,,00.000008090000,   2.00000,
,,,00.000008100000,   2.08000,
,,,00.000008110000,   2.08000,
,,,00.000008120000,   2.08000,
,,,00.000008130000,   2.08000,
,,,00.000008140000,   2.08000,
,,,00.000008150000,   2.16000,
,,,00.000008160000,   1.92000,
,,,00.000008170000,   1.92000,
,,,00.000008180000,   2.00000,
,,,00.000008190000,   2.00000,
,,,00.000008200000,   2.00000,
,,,00.000008210000,   1.92000,
,,,00.000008220000,   1.92000,
,,,00.000008230000,   1.92000,
,,,00.000008240000,   1.84000,
,,,00.000008250000,   1.84000,
,,,00.000008260000,   1.92000,
,,,00.000008270000,   1.92000,
,,,00.000008280000,   1.84000,
,,,00.000008290000,   1.76000,
,,,00.000008300000,   1.68000,
,,,00.000008310000,   1.76000,
,,,00.000008320000,   1.76000,
,,,00.000008330000,   1.76000,
,,,00.000008340000,   1.68000,
,,,00.000008350000,   1.76000,
,,,00.000008360000,   1.60000,
,,,00.000008370000,   1.60000,
,,,00.000008380000,   1.60000,
,,,00.000008390000,   1.60000,
,,,00.000008400000,   1.52000,
,,,00.000008410000,   1.60000,
,,,00.000008420000,   1.60000,
,,,00.000008430000,   1.60000,
,,,00.000008440000,   1.52000,
,,,00.000008450000,   1.52000,
,,,00.000008460000,   1.60000,
,,,00.000008470000,   1.60000,
,,,00.000008480000,   1.44000,
,,,00.000008490000,   1.52000,
,,,00.000008500000,   1.44000,
,,,00.000008510000,   1.52000,
,,,00.000008520000,   1.60000,
,,,00.000008530000,   1.44000,
,,,00.000008540000,   1.52000,
,,,00.000008550000,   1.52000,
,,,00.000008560000,   1.60000,
,,,00.000008570000,   1.52000,
,,,00.000008580000,   1.52000,
,,,00.000008590000,   1.44000,
,,,00.000008600000,   1.52000,
,,,00.000008610000,   1.52000,
,,,00.000008620000,   1.52000,
,,,00.000008630000,   1.60000,
,,,00.000008640000,   1.52000,
,,,00.000008650000,   1.52000,
,,,00.000008660000,   1.52000,
,,,00.000008670000,   1.60000,
,,,00.000008680000,   1.68000,
,,,00.000008690000,   1.60000,
,,,00.000008700000,   1.60000,
,,,00.000008710000,   1.60000,
,,,00.000008720000,   1.60000,
,,,00.000008730000,   1.52000,
,,,00.000008740000,   1.60000,
,,,00.000008750000,   1.68000,
,,,00.000008760000,   1.68000,
,,,00.000008770000,   1.52000,
,,,00.000008780000,   1.60000,
,,,00.000008790000,   1.68000,
,,,00.000008800000,   1.76000,
,,,00.000008810000,   1.68000,
,,,00.000008820000,   1.68000,
,,,00.000008830000,   1.60000,
,,,00.000008840000,   1.68000,
,,,00.000008850000,   1.60000,
,,,00.000008860000,   1.68000,
,,,00.000008870000,   1.84000,
,,,00.000008880000,   1.76000,
,,,00.000008890000,   1.76000,
,,,00.000008900000,   1.60000,
,,,00.000008910000,   1.60000,
,,,00.000008920000,   1.68000,
,,,00.000008930000,   1.76000,
,,,00.000008940000,   1.68000,
,,,00.000008950000,   1.60000,
,,,00.000008960000,   1.60000,
,,,00.000008970000,   1.68000,
,,,00.000008980000,   1.60000,
,,,00.000008990000,   1.60000,
,,,00.000009000000,   1.68000,
,,,00.000009010000,   1.68000,
,,,00.000009020000,   1.60000,
,,,00.000009030000,   1.60000,
,,,00.000009040000,   1.60000,
,,,00.000009050000,   1.60000,
,,,00.000009060000,   1.60000,
,,,00.000009070000,   1.60000,
,,,00.000009080000,   1.52000,
,,,00.000009090000,   1.52000,
,,,00.000009100000,   1.52000,
,,,00.000009110000,   1.60000,
,,,00.000009120000,   1.60000,
,,,00.000009130000,   1.52000,
,,,00.000009140000,   1.52000,
,,,00.000009150000,   1.44000,
,,,00.000009160000,   1.52000,
,,,00.000009170000,   1.52000,
,,,00.000009180000,   1.44000,
,,,00.000009190000,   1.52000,
,,,00.000009200000,   1.44000,
,,,00.000009210000,   1.44000,
,,,00.000009220000,   1.44000,
,,,00.000009230000,   1.44000,
,,,00.000009240000,   1.36000,
,,,00.000009250000,   1.36000,
,,,00.000009260000,   1.44000,
,,,00.000009270000,   1.36000,
,,,00.000009280000,   1.36000,
,,,00.000009290000,   1.44000,
,,,00.000009300000,   1.36000,
,,,00.000009310000,   1.36000,
,,,00.000009320000,   1.36000,
,,,00.000009330000,   1.28000,
,,,00.000009340000,   1.36000,
,,,00.000009350000,   1.28000,
,,,00.000009360000,   1.36000,
,,,00.000009370000,   1.36000,
,,,00.000009380000,   1.28000,
,,,00.000009390000,   1.28000,
,,,00.000009400000,   1.36000,
,,,00.000009410000,   1.44000,
,,,00.000009420000,   1.44000,
,,,00.000009430000,   1.44000,
,,,00.000009440000,   1.44000,
,,,00.000009450000,   1.44000,
,,,00.000009460000,   1.28000,
,,,00.000009470000,   1.20000,
,,,00.000009480000,   1.28000,
,,,00.000009490000,   1.36000,
,,,00.000009500000,   1.28000,
,,,00.000009510000,   1.36000,
,,,00.000009520000,   1.44000,
,,,00.000009530000,   1.28000,
,,,00.000009540000,   1.36000,
,,,00.000009550000,   1.36000,
,,,00.000009560000,   1.36000,
,,,00.000009570000,   1.44000,
,,,00.000009580000,   1.36000,
,,,00.000009590000,   1.44000,
,,,00.000009600000,   1.28000,
,,,00.000009610000,   1.44000,
,,,00.000009620000,   1.44000,
,,,00.000009630000,   1.28000,
,,,00.000009640000,   1.28000,
,,,00.000009650000,   1.44000,
,,,00.000009660000,   1.36000,
,,,00.000009670000,   1.44000,
,,,00.000009680000,   1.44000,
,,,00.000009690000,   1.44000,
,,,00.000009700000,   1.36000,
,,,00.000009710000,   1.44000,
,,,00.000009720000,   1.44000,
,,,00.000009730000,   1.36000,
,,,00.000009740000,   1.36000,
,,,00.000009750000,   1.36000,
,,,00.000009760000,   1.36000,
,,,00.000009770000,   1.44000,
,,,00.000009780000,   1.36000,
,,,00.000009790000,   1.36000,
,,,00.000009800000,   1.44000,
,,,00.000009810000,   1.44000,
,,,00.000009820000,   1.28000,
,,,00.000009830000,   1.28000,
,,,00.000009840000,   1.44000,
,,,00.000009850000,   1.36000,
,,,00.000009860000,   1.36000,
,,,00.000009870000,   1.36000,
,,,00.000009880000,   1.36000,
,,,00.000009890000,   1.36000,
,,,00.000009900000,   1.28000,
,,,00.000009910000,   1.28000,
,,,00.000009920000,   1.28000,
,,,00.000009930000,   1.28000,
,,,00.000009940000,   1.28000,
,,,00.000009950000,   1.36000,
,,,00.000009960000,   1.28000,
,,,00.000009970000,   1.36000,
,,,00.000009980000,   1.20000,
,,,00.000009990000,   1.28000,
,,,00.000010000000,   1.28000,
,,,00.000010010000,   1.20000,
,,,00.000010020000,   1.20000,
,,,00.000010030000,   1.28000,
,,,00.000010040000,   1.20000,
,,,00.000010050000,   1.20000,
,,,00.000010060000,   1.20000,
,,,00.000010070000,   1.28000,
,,,00.000010080000,   1.20000,
,,,00.000010090000,   1.20000,
,,,00.000010100000,   1.20000,
,,,00.000010110000,   1.20000,
,,,00.000010120000,   1.20000,
,,,00.000010130000,   1.20000,
,,,00.000010140000,   1.20000,
,,,00.000010150000,   1.28000,
,,,00.000010160000,   1.20000,
,,,00.000010170000,   1.20000,
,,,00.000010180000,   1.28000,
,,,00.000010190000,   1.20000,
,,,00.000010200000,   1.12000,
,,,00.000010210000,   1.20000,
,,,00.000010220000,   1.12000,
,,,00.000010230000,   1.12000,
,,,00.000010240000,   1.12000,
,,,00.000010250000,   1.20000,
,,,00.000010260000,   1.20000,
,,,00.000010270000,   1.20000,
,,,00.000010280000,   1.20000,
,,,00.000010290000,   1.20000,
,,,00.000010300000,   1.20000,
,,,00.000010310000,   1.20000,
,,,00.000010320000,   1.20000,
,,,00.000010330000,   1.12000,
,,,00.000010340000,   1.12000,
,,,00.000010350000,   1.20000,
,,,00.000010360000,   1.20000,
,,,00.000010370000,   1.20000,
,,,00.000010380000,   1.12000,
,,,00.000010390000,   1.20000,
,,,00.000010400000,   1.28000,
,,,00.000010410000,   1.20000,
,,,00.000010420000,   1.20000,
,,,00.000010430000,   1.12000,
,,,00.000010440000,   1.20000,
,,,00.000010450000,   1.20000,
,,,00.000010460000,   1.12000,
,,,00.000010470000,   1.12000,
,,,00.000010480000,   1.12000,
,,,00.000010490000,   1.28000,
,,,00.000010500000,   1.20000,
,,,00.000010510000,   1.20000,
,,,00.000010520000,   1.20000,
,,,00.000010530000,   1.12000,
,,,00.000010540000,   1.20000,
,,,00.000010550000,   1.20000,
,,,00.000010560000,   1.20000,
,,,00.000010570000,   1.12000,
,,,00.000010580000,   1.12000,
,,,00.000010590000,   1.20000,
,,,00.000010600000,   1.12000,
,,,00.000010610000,   1.20000,
,,,00.000010620000,   1.12000,
,,,00.000010630000,   1.12000,
,,,00.000010640000,   1.12000,
,,,00.000010650000,   1.12000,
,,,00.000010660000,   1.12000,
,,,00.000010670000,   1.12000,
,,,00.000010680000,   1.12000,
,,,00.000010690000,   1.12000,
,,,00.000010700000,   1.20000,
,,,00.000010710000,   1.12000,
,,,00.000010720000,   1.04000,
,,,00.000010730000,   1.04000,
,,,00.000010740000,   1.20000,
,,,00.000010750000,   1.12000,
,,,00.000010760000,   1.12000,
,,,00.000010770000,   1.04000,
,,,00.000010780000,   1.20000,
,,,00.000010790000,   1.04000,
,,,00.000010800000,   1.12000,
,,,00.000010810000,   1.12000,
,,,00.000010820000,   1.12000,
,,,00.000010830000,   0.96000,
,,,00.000010840000,   1.12000,
,,,00.000010850000,   1.12000,
,,,00.000010860000,   1.20000,
,,,00.000010870000,   1.04000,
,,,00.000010880000,   1.04000,
,,,00.000010890000,   1.04000,
,,,00.000010900000,   1.04000,
,,,00.000010910000,   1.04000,
,,,00.000010920000,   1.12000,
,,,00.000010930000,   1.04000,
,,,00.000010940000,   1.12000,
,,,00.000010950000,   1.04000,
,,,00.000010960000,   1.12000,
,,,00.000010970000,   1.04000,
,,,00.000010980000,   1.04000,
,,,00.000010990000,   1.12000,
,,,00.000011000000,   1.04000,
,,,00.000011010000,   0.96000,
,,,00.000011020000,   1.04000,
,,,00.000011030000,   1.04000,
,,,00.000011040000,   1.12000,
,,,00.000011050000,   0.96000,
,,,00.000011060000,   1.12000,
,,,00.000011070000,   1.04000,
,,,00.000011080000,   0.96000,
,,,00.000011090000,   1.12000,
,,,00.000011100000,   1.12000,
,,,00.000011110000,   1.12000,
,,,00.000011120000,   1.20000,
,,,00.000011130000,   1.04000,
,,,00.000011140000,   1.04000,
,,,00.000011150000,   0.96000,
,,,00.000011160000,   1.04000,
,,,00.000011170000,   1.04000,
,,,00.000011180000,   1.04000,
,,,00.000011190000,   1.04000,
,,,00.000011200000,   1.04000,
,,,00.000011210000,   0.96000,
,,,00.000011220000,   1.04000,
,,,00.000011230000,   1.04000,
,,,00.000011240000,   1.04000,
,,,00.000011250000,   1.04000,
,,,00.000011260000,   1.04000,
,,,00.000011270000,   1.04000,
,,,00.000011280000,   0.96000,
,,,00.000011290000,   1.04000,
,,,00.000011300000,   0.96000,
,,,00.000011310000,   1.04000,
,,,00.000011320000,   0.96000,
,,,00.000011330000,   0.88000,
,,,00.000011340000,   1.04000,
,,,00.000011350000,   0.96000,
,,,00.000011360000,   0.96000,
,,,00.000011370000,   1.04000,
,,,00.000011380000,   1.04000,
,,,00.000011390000,   1.04000,
,,,00.000011400000,   1.04000,
,,,00.000011410000,   1.04000,
,,,00.000011420000,   0.96000,
,,,00.000011430000,   1.04000,
,,,00.000011440000,   1.12000,
,,,00.000011450000,   0.96000,
,,,00.000011460000,   1.04000,
,,,00.000011470000,   0.96000,
,,,00.000011480000,   1.04000,
,,,00.000011490000,   0.96000,
,,,00.000011500000,   0.96000,
,,,00.000011510000,   0.80000,
,,,00.000011520000,   0.96000,
,,,00.000011530000,   1.04000,
,,,00.000011540000,   0.96000,
,,,00.000011550000,   0.96000,
,,,00.000011560000,   0.88000,
,,,00.000011570000,   0.96000,
,,,00.000011580000,   0.96000,
,,,00.000011590000,   0.88000,
,,,00.000011600000,   0.88000,
,,,00.000011610000,   0.88000,
,,,00.000011620000,   0.80000,
,,,00.000011630000,   1.04000,
,,,00.000011640000,   0.96000,
,,,00.000011650000,   0.88000,
,,,00.000011660000,   0.88000,
,,,00.000011670000,   0.96000,
,,,00.000011680000,   0.96000,
,,,00.000011690000,   0.96000,
,,,00.000011700000,   0.88000,
,,,00.000011710000,   0.88000,
,,,00.000011720000,   0.96000,
,,,00.000011730000,   0.96000,
,,,00.000011740000,   0.88000,
,,,00.000011750000,   0.96000,
,,,00.000011760000,   0.88000,
,,,00.000011770000,   0.96000,
,,,00.000011780000,   0.88000,
,,,00.000011790000,   0.88000,
,,,00.000011800000,   0.96000,
,,,00.000011810000,   0.88000,
,,,00.000011820000,   0.88000,
,,,00.000011830000,   0.80000,
,,,00.000011840000,   0.96000,
,,,00.000011850000,   0.96000,
,,,00.000011860000,   0.88000,
,,,00.000011870000,   0.88000,
,,,00.000011880000,   0.88000,
,,,00.000011890000,   0.88000,
,,,00.000011900000,   0.88000,
,,,00.000011910000,   0.88000,
,,,00.000011920000,   0.80000,
,,,00.000011930000,   0.96000,
,,,00.000011940000,   0.88000,
,,,00.000011950000,   0.96000,
,,,00.000011960000,   0.80000,
,,,00.000011970000,   0.96000,
,,,00.000011980000,   0.88000,
,,,00.000011990000,   0.80000,
,,,00.000012000000,   0.88000,
,,,00.000012010000,   0.88000,
,,,00.000012020000,   0.80000,
,,,00.000012030000,   0.96000,
,,,00.000012040000,   0.80000,
,,,00.000012050000,   0.88000,
,,,00.000012060000,   0.96000,
,,,00.000012070000,   0.80000,
,,,00.000012080000,   0.96000,
,,,00.000012090000,   0.88000,
,,,00.000012100000,   0.88000,
,,,00.000012110000,   0.88000,
,,,00.000012120000,   0.88000,
,,,00.000012130000,   0.88000,
,,,00.000012140000,   0.80000,
,,,00.000012150000,   0.80000,
,,,00.000012160000,   0.88000,
,,,00.000012170000,   0.72000,
,,,00.000012180000,   0.88000,
,,,00.000012190000,   0.88000,
,,,00.000012200000,   0.80000,
,,,00.000012210000,   0.80000,
,,,00.000012220000,   0.80000,
,,,00.000012230000,   0.88000,
,,,00.000012240000,   0.96000,
,,,00.000012250000,   0.80000,
,,,00.000012260000,   0.80000,
,,,00.000012270000,   0.80000,
,,,00.000012280000,   0.88000,
,,,00.000012290000,   0.80000,
,,,00.000012300000,   0.96000,
,,,00.000012310000,   0.88000,
,,,00.000012320000,   0.80000,
,,,00.000012330000,   0.88000,
,,,00.000012340000,   0.88000,
,,,00.000012350000,   0.80000,
,,,00.000012360000,   0.72000,
,,,00.000012370000,   0.80000,
,,,00.000012380000,   0.88000,
,,,00.000012390000,   0.80000,
,,,00.000012400000,   0.80000,
,,,00.000012410000,   0.88000,
,,,00.000012420000,   0.88000,
,,,00.000012430000,   0.88000,
,,,00.000012440000,   0.72000,
,,,00.000012450000,   0.88000,
,,,00.000012460000,   0.80000,
,,,00.000012470000,   0.80000,
,,,00.000012480000,   0.80000,
,,,00.000012490000,   0.88000,
,,,00.000012500000,   0.80000,
,,,00.000012510000,   0.80000,
,,,00.000012520000,   0.88000,
,,,00.000012530000,   0.80000,
,,,00.000012540000,   0.72000,
,,,00.000012550000,   0.80000,
,,,00.000012560000,   0.80000,
,,,00.000012570000,   0.88000,
,,,00.000012580000,   0.88000,
,,,00.000012590000,   0.80000,
,,,00.000012600000,   0.72000,
,,,00.000012610000,   0.72000,
,,,00.000012620000,   0.80000,
,,,00.000012630000,   0.80000,
,,,00.000012640000,   0.72000,
,,,00.000012650000,   0.72000,
,,,00.000012660000,   0.80000,
,,,00.000012670000,   0.88000,
,,,00.000012680000,   0.80000,
,,,00.000012690000,   0.72000,
,,,00.000012700000,   0.64000,
,,,00.000012710000,   0.72000,
,,,00.000012720000,   0.72000,
,,,00.000012730000,   0.72000,
,,,00.000012740000,   0.80000,
,,,00.000012750000,   0.80000,
,,,00.000012760000,   0.80000,
,,,00.000012770000,   0.72000,
,,,00.000012780000,   0.72000,
,,,00.000012790000,   0.80000,
,,,00.000012800000,   0.72000,
,,,00.000012810000,   0.72000,
,,,00.000012820000,   0.72000,
,,,00.000012830000,   0.72000,
,,,00.000012840000,   0.72000,
,,,00.000012850000,   0.72000,
,,,00.000012860000,   0.80000,
,,,00.000012870000,   0.80000,
,,,00.000012880000,   0.72000,
,,,00.000012890000,   0.72000,
,,,00.000012900000,   0.88000,
,,,00.000012910000,   0.80000,
,,,00.000012920000,   0.80000,
,,,00.000012930000,   0.72000,
,,,00.000012940000,   0.80000,
,,,00.000012950000,   0.80000,
,,,00.000012960000,   0.72000,
,,,00.000012970000,   0.72000,
,,,00.000012980000,   0.64000,
,,,00.000012990000,   0.72000,
,,,00.000013000000,   0.72000,
,,,00.000013010000,   0.72000,
,,,00.000013020000,   0.80000,
,,,00.000013030000,   0.72000,
,,,00.000013040000,   0.80000,
,,,00.000013050000,   0.80000,
,,,00.000013060000,   0.72000,
,,,00.000013070000,   0.80000,
,,,00.000013080000,   0.72000,
,,,00.000013090000,   0.80000,
,,,00.000013100000,   0.72000,
,,,00.000013110000,   0.64000,
,,,00.000013120000,   0.80000,
,,,00.000013130000,   0.72000,
,,,00.000013140000,   0.64000,
,,,00.000013150000,   0.72000,
,,,00.000013160000,   0.64000,
,,,00.000013170000,   0.72000,
,,,00.000013180000,   0.88000,
,,,00.000013190000,   0.72000,
,,,00.000013200000,   0.56000,
,,,00.000013210000,   0.72000,
,,,00.000013220000,   0.72000,
,,,00.000013230000,   0.72000,
,,,00.000013240000,   0.64000,
,,,00.000013250000,   0.72000,
,,,00.000013260000,   0.72000,
,,,00.000013270000,   0.72000,
,,,00.000013280000,   0.64000,
,,,00.000013290000,   0.64000,
,,,00.000013300000,   0.72000,
,,,00.000013310000,   0.64000,
,,,00.000013320000,   0.56000,
,,,00.000013330000,   0.72000,
,,,00.000013340000,   0.64000,
,,,00.000013350000,   0.64000,
,,,00.000013360000,   0.64000,
,,,00.000013370000,   0.72000,
,,,00.000013380000,   0.64000,
,,,00.000013390000,   0.72000,
,,,00.000013400000,   0.72000,
,,,00.000013410000,   0.72000,
,,,00.000013420000,   0.64000,
,,,00.000013430000,   0.64000,
,,,00.000013440000,   0.64000,
,,,00.000013450000,   0.64000,
,,,00.000013460000,   0.64000,
,,,00.000013470000,   0.72000,
,,,00.000013480000,   0.64000,
,,,00.000013490000,   0.72000,
,,,00.000013500000,   0.64000,
,,,00.000013510000,   0.64000,
,,,00.000013520000,   0.72000,
,,,00.000013530000,   0.56000,
,,,00.000013540000,   0.64000,
,,,00.000013550000,   0.64000,
,,,00.000013560000,   0.72000,
,,,00.000013570000,   0.56000,
,,,00.000013580000,   0.56000,
,,,00.000013590000,   0.64000,
,,,00.000013600000,   0.56000,
,,,00.000013610000,   0.80000,
,,,00.000013620000,   0.64000,
,,,00.000013630000,   0.72000,
,,,00.000013640000,   0.64000,
,,,00.000013650000,   0.56000,
,,,00.000013660000,   0.72000,
,,,00.000013670000,   0.56000,
,,,00.000013680000,   0.56000,
,,,00.000013690000,   0.64000,
,,,00.000013700000,   0.64000,
,,,00.000013710000,   0.56000,
,,,00.000013720000,   0.64000,
,,,00.000013730000,   0.56000,
,,,00.000013740000,   0.64000,
,,,00.000013750000,   0.72000,
,,,00.000013760000,   0.56000,
,,,00.000013770000,   0.64000,
,,,00.000013780000,   0.64000,
,,,00.000013790000,   0.64000,
,,,00.000013800000,   0.72000,
,,,00.000013810000,   0.64000,
,,,00.000013820000,   0.64000,
,,,00.000013830000,   0.64000,
,,,00.000013840000,   0.72000,
,,,00.000013850000,   0.56000,
,,,00.000013860000,   0.56000,
,,,00.000013870000,   0.64000,
,,,00.000013880000,   0.64000,
,,,00.000013890000,   0.64000,
,,,00.000013900000,   0.56000,
,,,00.000013910000,   0.64000,
,,,00.000013920000,   0.64000,
,,,00.000013930000,   0.72000,
,,,00.000013940000,   0.64000,
,,,00.000013950000,   0.48000,
,,,00.000013960000,   0.56000,
,,,00.000013970000,   0.64000,
,,,00.000013980000,   0.56000,
,,,00.000013990000,   0.56000,
,,,00.000014000000,   0.64000,
,,,00.000014010000,   0.64000,
,,,00.000014020000,   0.56000,
,,,00.000014030000,   0.64000,
,,,00.000014040000,   0.56000,
,,,00.000014050000,   0.56000,
,,,00.000014060000,   0.64000,
,,,00.000014070000,   0.64000,
,,,00.000014080000,   0.64000,
,,,00.000014090000,   0.56000,
,,,00.000014100000,   0.48000,
,,,00.000014110000,   0.64000,
,,,00.000014120000,   0.56000,
,,,00.000014130000,   0.56000,
,,,00.000014140000,   0.64000,
,,,00.000014150000,   0.56000,
,,,00.000014160000,   0.56000,
,,,00.000014170000,   0.56000,
,,,00.000014180000,   0.64000,
,,,00.000014190000,   0.48000,
,,,00.000014200000,   0.48000,
,,,00.000014210000,   0.64000,
,,,00.000014220000,   0.64000,
,,,00.000014230000,   0.48000,
,,,00.000014240000,   0.56000,
,,,00.000014250000,   0.48000,
,,,00.000014260000,   0.56000,
,,,00.000014270000,   0.64000,
,,,00.000014280000,   0.56000,
,,,00.000014290000,   0.56000,
,,,00.000014300000,   0.48000,
,,,00.000014310000,   0.56000,
,,,00.000014320000,   0.56000,
,,,00.000014330000,   0.56000,
,,,00.000014340000,   0.56000,
,,,00.000014350000,   0.56000,
,,,00.000014360000,   0.56000,
,,,00.000014370000,   0.64000,
,,,00.000014380000,   0.48000,
,,,00.000014390000,   0.56000,
,,,00.000014400000,   0.64000,
,,,00.000014410000,   0.48000,
,,,00.000014420000,   0.48000,
,,,00.000014430000,   0.56000,
,,,00.000014440000,   0.56000,
,,,00.000014450000,   0.56000,
,,,00.000014460000,   0.64000,
,,,00.000014470000,   0.56000,
,,,00.000014480000,   0.56000,
,,,00.000014490000,   0.56000,
,,,00.000014500000,   0.56000,
,,,00.000014510000,   0.64000,
,,,00.000014520000,   0.56000,
,,,00.000014530000,   0.48000,
,,,00.000014540000,   0.56000,
,,,00.000014550000,   0.64000,
,,,00.000014560000,   0.64000,
,,,00.000014570000,   0.48000,
,,,00.000014580000,   0.48000,
,,,00.000014590000,   0.48000,
,,,00.000014600000,   0.64000,
,,,00.000014610000,   0.56000,
,,,00.000014620000,   0.64000,
,,,00.000014630000,   0.56000,
,,,00.000014640000,   0.48000,
,,,00.000014650000,   0.56000,
,,,00.000014660000,   0.48000,
,,,00.000014670000,   0.48000,
,,,00.000014680000,   0.56000,
,,,00.000014690000,   0.48000,
,,,00.000014700000,   0.48000,
,,,00.000014710000,   0.40000,
,,,00.000014720000,   0.48000,
,,,00.000014730000,   0.56000,
,,,00.000014740000,   0.56000,
,,,00.000014750000,   0.48000,
,,,00.000014760000,   0.56000,
,,,00.000014770000,   0.56000,
,,,00.000014780000,   0.56000,
,,,00.000014790000,   0.48000,
,,,00.000014800000,   0.56000,
,,,00.000014810000,   0.56000,
,,,00.000014820000,   0.56000,
,,,00.000014830000,   0.48000,
,,,00.000014840000,   0.40000,
,,,00.000014850000,   0.56000,
,,,00.000014860000,   0.56000,
,,,00.000014870000,   0.64000,
,,,00.000014880000,   0.56000,
,,,00.000014890000,   0.48000,
,,,00.000014900000,   0.56000,
,,,00.000014910000,   0.48000,
,,,00.000014920000,   0.64000,
,,,00.000014930000,   0.48000,
,,,00.000014940000,   0.48000,
,,,00.000014950000,   0.48000,
,,,00.000014960000,   0.48000,
,,,00.000014970000,   0.40000,
,,,00.000014980000,   0.48000,
,,,00.000014990000,   0.48000,
,,,00.000015000000,   0.56000,
,,,00.000015010000,   0.40000,
,,,00.000015020000,   0.48000,
,,,00.000015030000,   0.48000,
,,,00.000015040000,   0.40000,
,,,00.000015050000,   0.56000,
,,,00.000015060000,   0.48000,
,,,00.000015070000,   0.48000,
,,,00.000015080000,   0.56000,
,,,00.000015090000,   0.40000,
,,,00.000015100000,   0.56000,
,,,00.000015110000,   0.48000,
,,,00.000015120000,   0.48000,
,,,00.000015130000,   0.56000,
,,,00.000015140000,   0.40000,
,,,00.000015150000,   0.48000,
,,,00.000015160000,   0.56000,
,,,00.000015170000,   0.48000,
,,,00.000015180000,   0.40000,
,,,00.000015190000,   0.40000,
,,,00.000015200000,   0.48000,
,,,00.000015210000,   0.48000,
,,,00.000015220000,   0.32000,
,,,00.000015230000,   0.48000,
,,,00.000015240000,   0.48000,
,,,00.000015250000,   0.48000,
,,,00.000015260000,   0.56000,
,,,00.000015270000,   0.48000,
,,,00.000015280000,   0.40000,
,,,00.000015290000,   0.48000,
,,,00.000015300000,   0.56000,
,,,00.000015310000,   0.48000,
,,,00.000015320000,   0.48000,
,,,00.000015330000,   0.40000,
,,,00.000015340000,   0.48000,
,,,00.000015350000,   0.48000,
,,,00.000015360000,   0.40000,
,,,00.000015370000,   0.48000,
,,,00.000015380000,   0.48000,
,,,00.000015390000,   0.56000,
,,,00.000015400000,   0.48000,
,,,00.000015410000,   0.48000,
,,,00.000015420000,   0.40000,
,,,00.000015430000,   0.48000,
,,,00.000015440000,   0.48000,
,,,00.000015450000,   0.48000,
,,,00.000015460000,   0.48000,
,,,00.000015470000,   0.48000,
,,,00.000015480000,   0.48000,
,,,00.000015490000,   0.48000,
,,,00.000015500000,   0.48000,
,,,00.000015510000,   0.40000,
,,,00.000015520000,   0.40000,
,,,00.000015530000,   0.48000,
,,,00.000015540000,   0.48000,
,,,00.000015550000,   0.48000,
,,,00.000015560000,   0.40000,
,,,00.000015570000,   0.40000,
,,,00.000015580000,   0.40000,
,,,00.000015590000,   0.56000,
,,,00.000015600000,   0.48000,
,,,00.000015610000,   0.40000,
,,,00.000015620000,   0.48000,
,,,00.000015630000,   0.32000,
,,,00.000015640000,   0.48000,
,,,00.000015650000,   0.48000,
,,,00.000015660000,   0.40000,
,,,00.000015670000,   0.40000,
,,,00.000015680000,   0.40000,
,,,00.000015690000,   0.48000,
,,,00.000015700000,   0.48000,
,,,00.000015710000,   0.40000,
,,,00.000015720000,   0.32000,
,,,00.000015730000,   0.40000,
,,,00.000015740000,   0.40000,
,,,00.000015750000,   0.48000,
,,,00.000015760000,   0.48000,
,,,00.000015770000,   0.40000,
,,,00.000015780000,   0.40000,
,,,00.000015790000,   0.40000,
,,,00.000015800000,   0.48000,
,,,00.000015810000,   0.48000,
,,,00.000015820000,   0.48000,
,,,00.000015830000,   0.24000,
,,,00.000015840000,   0.40000,
,,,00.000015850000,   0.40000,
,,,00.000015860000,   0.48000,
,,,00.000015870000,   0.48000,
,,,00.000015880000,   0.32000,
,,,00.000015890000,   0.40000,
,,,00.000015900000,   0.48000,
,,,00.000015910000,   0.40000,
,,,00.000015920000,   0.32000,
,,,00.000015930000,   0.40000,
,,,00.000015940000,   0.48000,
,,,00.000015950000,   0.40000,
,,,00.000015960000,   0.40000,
,,,00.000015970000,   0.40000,
,,,00.000015980000,   0.40000,
,,,00.000015990000,   0.48000,
,,,00.000016000000,   0.40000,
,,,00.000016010000,   0.40000,
,,,00.000016020000,   0.48000,
,,,00.000016030000,   0.32000,
,,,00.000016040000,   0.48000,
,,,00.000016050000,   0.40000,
,,,00.000016060000,   0.48000,
,,,00.000016070000,   0.32000,
,,,00.000016080000,   0.32000,
,,,00.000016090000,   0.48000,
,,,00.000016100000,   0.32000,
,,,00.000016110000,   0.40000,
,,,00.000016120000,   0.40000,
,,,00.000016130000,   0.40000,
,,,00.000016140000,   0.40000,
,,,00.000016150000,   0.48000,
,,,00.000016160000,   0.40000,
,,,00.000016170000,   0.40000,
,,,00.000016180000,   0.48000,
,,,00.000016190000,   0.48000,
,,,00.000016200000,   0.48000,
,,,00.000016210000,   0.40000,
,,,00.000016220000,   0.40000,
,,,00.000016230000,   0.24000,
,,,00.000016240000,   0.32000,
,,,00.000016250000,   0.40000,
,,,00.000016260000,   0.40000,
,,,00.000016270000,   0.32000,
,,,00.000016280000,   0.40000,
,,,00.000016290000,   0.48000,
,,,00.000016300000,   0.40000,
,,,00.000016310000,   0.48000,
,,,00.000016320000,   0.40000,
,,,00.000016330000,   0.32000,
,,,00.000016340000,   0.40000,
,,,00.000016350000,   0.48000,
,,,00.000016360000,   0.48000,
,,,00.000016370000,   0.40000,
,,,00.000016380000,   0.40000,
,,,00.000016390000,   0.32000,
,,,00.000016400000,   0.24000,
,,,00.000016410000,   0.40000,
,,,00.000016420000,   0.40000,
,,,00.000016430000,   0.40000,
,,,00.000016440000,   0.40000,
,,,00.000016450000,   0.48000,
,,,00.000016460000,   0.40000,
,,,00.000016470000,   0.32000,
,,,00.000016480000,   0.40000,
,,,00.000016490000,   0.48000,
,,,00.000016500000,   0.40000,
,,,00.000016510000,   0.40000,
,,,00.000016520000,   0.24000,
,,,00.000016530000,   0.32000,
,,,00.000016540000,   0.32000,
,,,00.000016550000,   0.40000,
,,,00.000016560000,   0.40000,
,,,00.000016570000,   0.32000,
,,,00.000016580000,   0.48000,
,,,00.000016590000,   0.40000,
,,,00.000016600000,   0.40000,
,,,00.000016610000,   0.40000,
,,,00.000016620000,   0.32000,
,,,00.000016630000,   0.40000,
,,,00.000016640000,   0.40000,
,,,00.000016650000,   0.40000,
,,,00.000016660000,   0.40000,
,,,00.000016670000,   0.32000,
,,,00.000016680000,   0.48000,
,,,00.000016690000,   0.40000,
,,,00.000016700000,   0.32000,
,,,00.000016710000,   0.24000,
,,,00.000016720000,   0.40000,
,,,00.000016730000,   0.32000,
,,,00.000016740000,   0.40000,
,,,00.000016750000,   0.32000,
,,,00.000016760000,   0.32000,
,,,00.000016770000,   0.32000,
,,,00.000016780000,   0.24000,
,,,00.000016790000,   0.40000,
,,,00.000016800000,   0.40000,
,,,00.000016810000,   0.40000,
,,,00.000016820000,   0.32000,
,,,00.000016830000,   0.40000,
,,,00.000016840000,   0.32000,
,,,00.000016850000,   0.32000,
,,,00.000016860000,   0.48000,
,,,00.000016870000,   0.40000,
,,,00.000016880000,   0.40000,
,,,00.000016890000,   0.32000,
,,,00.000016900000,   0.40000,
,,,00.000016910000,   0.32000,
,,,00.000016920000,   0.24000,
,,,00.000016930000,   0.40000,
,,,00.000016940000,   0.32000,
,,,00.000016950000,   0.32000,
,,,00.000016960000,   0.40000,
,,,00.000016970000,   0.32000,
,,,00.000016980000,   0.40000,
,,,00.000016990000,   0.32000,
,,,00.000017000000,   0.32000,
,,,00.000017010000,   0.40000,
,,,00.000017020000,   0.32000,
,,,00.000017030000,   0.32000,
,,,00.000017040000,   0.32000,
,,,00.000017050000,   0.40000,
,,,00.000017060000,   0.32000,
,,,00.000017070000,   0.32000,
,,,00.000017080000,   0.40000,
,,,00.000017090000,   0.32000,
,,,00.000017100000,   0.40000,
,,,00.000017110000,   0.32000,
,,,00.000017120000,   0.32000,
,,,00.000017130000,   0.32000,
,,,00.000017140000,   0.40000,
,,,00.000017150000,   0.24000,
,,,00.000017160000,   0.32000,
,,,00.000017170000,   0.24000,
,,,00.000017180000,   0.40000,
,,,00.000017190000,   0.32000,
,,,00.000017200000,   0.32000,
,,,00.000017210000,   0.32000,
,,,00.000017220000,   0.24000,
,,,00.000017230000,   0.24000,
,,,00.000017240000,   0.24000,
,,,00.000017250000,   0.32000,
,,,00.000017260000,   0.32000,
,,,00.000017270000,   0.24000,
,,,00.000017280000,   0.32000,
,,,00.000017290000,   0.24000,
,,,00.000017300000,   0.40000,
,,,00.000017310000,   0.24000,
,,,00.000017320000,   0.32000,
,,,00.000017330000,   0.40000,
,,,00.000017340000,   0.32000,
,,,00.000017350000,   0.32000,
,,,00.000017360000,   0.32000,
,,,00.000017370000,   0.32000,
,,,00.000017380000,   0.32000,
,,,00.000017390000,   0.24000,
,,,00.000017400000,   0.32000,
,,,00.000017410000,   0.32000,
,,,00.000017420000,   0.32000,
,,,00.000017430000,   0.40000,
,,,00.000017440000,   0.40000,
,,,00.000017450000,   0.32000,
,,,00.000017460000,   0.32000,
,,,00.000017470000,   0.32000,
,,,00.000017480000,   0.40000,
,,,00.000017490000,   0.32000,
,,,00.000017500000,   0.32000,
,,,00.000017510000,   0.24000,
,,,00.000017520000,   0.40000,
,,,00.000017530000,   0.32000,
,,,00.000017540000,   0.40000,
,,,00.000017550000,   0.32000,
,,,00.000017560000,   0.32000,
,,,00.000017570000,   0.40000,
,,,00.000017580000,   0.32000,
,,,00.000017590000,   0.32000,
,,,00.000017600000,   0.32000,
,,,00.000017610000,   0.32000,
,,,00.000017620000,   0.32000,
,,,00.000017630000,   0.32000,
,,,00.000017640000,   0.32000,
,,,00.000017650000,   0.32000,
,,,00.000017660000,   0.40000,
,,,00.000017670000,   0.40000,
,,,00.000017680000,   0.24000,
,,,00.000017690000,   0.32000,
,,,00.000017700000,   0.24000,
,,,00.000017710000,   0.32000,
,,,00.000017720000,   0.24000,
,,,00.000017730000,   0.32000,
,,,00.000017740000,   0.32000,
,,,00.000017750000,   0.32000,
,,,00.000017760000,   0.32000,
,,,00.000017770000,   0.32000,
,,,00.000017780000,   0.32000,
,,,00.000017790000,   0.32000,
,,,00.000017800000,   0.32000,
,,,00.000017810000,   0.24000,
,,,00.000017820000,   0.24000,
,,,00.000017830000,   0.24000,
,,,00.000017840000,   0.24000,
,,,00.000017850000,   0.24000,
,,,00.000017860000,   0.32000,
,,,00.000017870000,   0.32000,
,,,00.000017880000,   0.32000,
,,,00.000017890000,   0.32000,
,,,00.000017900000,   0.16000,
,,,00.000017910000,   0.24000,
,,,00.000017920000,   0.32000,
,,,00.000017930000,   0.24000,
,,,00.000017940000,   0.32000,
,,,00.000017950000,   0.24000,
,,,00.000017960000,   0.24000,
,,,00.000017970000,   0.32000,
,,,00.000017980000,   0.32000,
,,,00.000017990000,   0.24000,
,,,00.000018000000,   0.32000,
,,,00.000018010000,   0.24000,
,,,00.000018020000,   0.32000,
,,,00.000018030000,   0.32000,
,,,00.000018040000,   0.32000,
,,,00.000018050000,   0.32000,
,,,00.000018060000,   0.32000,
,,,00.000018070000,   0.24000,
,,,00.000018080000,   0.24000,
,,,00.000018090000,   0.24000,
,,,00.000018100000,   0.32000,
,,,00.000018110000,   0.24000,
,,,00.000018120000,   0.32000,
,,,00.000018130000,   0.32000,
,,,00.000018140000,   0.24000,
,,,00.000018150000,   0.16000,
,,,00.000018160000,   0.24000,
,,,00.000018170000,   0.32000,
,,,00.000018180000,   0.32000,
,,,00.000018190000,   0.24000,
,,,00.000018200000,   0.32000,
,,,00.000018210000,   0.24000,
,,,00.000018220000,   0.24000,
,,,00.000018230000,   0.24000,
,,,00.000018240000,   0.32000,
,,,00.000018250000,   0.32000,
,,,00.000018260000,   0.24000,
,,,00.000018270000,   0.32000,
,,,00.000018280000,   0.32000,
,,,00.000018290000,   0.24000,
,,,00.000018300000,   0.32000,
,,,00.000018310000,   0.24000,
,,,00.000018320000,   0.24000,
,,,00.000018330000,   0.32000,
,,,00.000018340000,   0.32000,
,,,00.000018350000,   0.24000,
,,,00.000018360000,   0.24000,
,,,00.000018370000,   0.24000,
,,,00.000018380000,   0.24000,
,,,00.000018390000,   0.24000,
,,,00.000018400000,   0.32000,
,,,00.000018410000,   0.32000,
,,,00.000018420000,   0.40000,
,,,00.000018430000,   0.24000,
,,,00.000018440000,   0.32000,
,,,00.000018450000,   0.24000,
,,,00.000018460000,   0.40000,
,,,00.000018470000,   0.40000,
,,,00.000018480000,   0.24000,
,,,00.000018490000,   0.24000,
,,,00.000018500000,   0.32000,
,,,00.000018510000,   0.24000,
,,,00.000018520000,   0.24000,
,,,00.000018530000,   0.24000,
,,,00.000018540000,   0.24000,
,,,00.000018550000,   0.24000,
,,,00.000018560000,   0.32000,
,,,00.000018570000,   0.24000,
,,,00.000018580000,   0.24000,
,,,00.000018590000,   0.32000,
,,,00.000018600000,   0.24000,
,,,00.000018610000,   0.24000,
,,,00.000018620000,   0.24000,
,,,00.000018630000,   0.24000,
,,,00.000018640000,   0.16000,
,,,00.000018650000,   0.24000,
,,,00.000018660000,   0.24000,
,,,00.000018670000,   0.16000,
,,,00.000018680000,   0.24000,
,,,00.000018690000,   0.24000,
,,,00.000018700000,   0.32000,
,,,00.000018710000,   0.24000,
,,,00.000018720000,   0.24000,
,,,00.000018730000,   0.24000,
,,,00.000018740000,   0.16000,
,,,00.000018750000,   0.24000,
,,,00.000018760000,   0.24000,
,,,00.000018770000,   0.24000,
,,,00.000018780000,   0.24000,
,,,00.000018790000,   0.24000,
,,,00.000018800000,   0.16000,
,,,00.000018810000,   0.24000,
,,,00.000018820000,   0.24000,
,,,00.000018830000,   0.24000,
,,,00.000018840000,   0.24000,
,,,00.000018850000,   0.32000,
,,,00.000018860000,   0.24000,
,,,00.000018870000,   0.24000,
,,,00.000018880000,   0.32000,
,,,00.000018890000,   0.24000,
,,,00.000018900000,   0.24000,
,,,00.000018910000,   0.32000,
,,,00.000018920000,   0.24000,
,,,00.000018930000,   0.32000,
,,,00.000018940000,   0.16000,
,,,00.000018950000,   0.16000,
,,,00.000018960000,   0.32000,
,,,00.000018970000,   0.16000,
,,,00.000018980000,   0.32000,
,,,00.000018990000,   0.16000,
,,,00.000019000000,   0.24000,
,,,00.000019010000,   0.24000,
,,,00.000019020000,   0.24000,
,,,00.000019030000,   0.24000,
,,,00.000019040000,   0.24000,
,,,00.000019050000,   0.24000,
,,,00.000019060000,   0.24000,
,,,00.000019070000,   0.24000,
,,,00.000019080000,   0.16000,
,,,00.000019090000,   0.24000,
,,,00.000019100000,   0.16000,
,,,00.000019110000,   0.16000,
,,,00.000019120000,   0.24000,
,,,00.000019130000,   0.24000,
,,,00.000019140000,   0.24000,
,,,00.000019150000,   0.24000,
,,,00.000019160000,   0.32000,
,,,00.000019170000,   0.32000,
,,,00.000019180000,   0.24000,
,,,00.000019190000,   0.32000,
,,,00.000019200000,   0.16000,
,,,00.000019210000,   0.24000,
,,,00.000019220000,   0.24000,
,,,00.000019230000,   0.16000,
,,,00.000019240000,   0.24000,
,,,00.000019250000,   0.24000,
,,,00.000019260000,   0.24000,
,,,00.000019270000,   0.24000,
,,,00.000019280000,   0.24000,
,,,00.000019290000,   0.16000,
,,,00.000019300000,   0.24000,
,,,00.000019310000,   0.32000,
,,,00.000019320000,   0.24000,
,,,00.000019330000,   0.16000,
,,,00.000019340000,   0.24000,
,,,00.000019350000,   0.24000,
,,,00.000019360000,   0.24000,
,,,00.000019370000,   0.24000,
,,,00.000019380000,   0.16000,
,,,00.000019390000,   0.24000,
,,,00.000019400000,   0.24000,
,,,00.000019410000,   0.32000,
,,,00.000019420000,   0.24000,
,,,00.000019430000,   0.16000,
,,,00.000019440000,   0.16000,
,,,00.000019450000,   0.24000,
,,,00.000019460000,   0.24000,
,,,00.000019470000,   0.24000,
,,,00.000019480000,   0.16000,
,,,00.000019490000,   0.24000,
,,,00.000019500000,   0.32000,
,,,00.000019510000,   0.24000,
,,,00.000019520000,   0.24000,
,,,00.000019530000,   0.16000,
,,,00.000019540000,   0.16000,
,,,00.000019550000,   0.32000,
,,,00.000019560000,   0.24000,
,,,00.000019570000,   0.24000,
,,,00.000019580000,   0.16000,
,,,00.000019590000,   0.16000,
,,,00.000019600000,   0.24000,
,,,00.000019610000,   0.16000,
,,,00.000019620000,   0.24000,
,,,00.000019630000,   0.16000,
,,,00.000019640000,   0.08000,
,,,00.000019650000,   0.24000,
,,,00.000019660000,   0.16000,
,,,00.000019670000,   0.24000,
,,,00.000019680000,   0.16000,
,,,00.000019690000,   0.24000,
,,,00.000019700000,   0.24000,
,,,00.000019710000,   0.24000,
,,,00.000019720000,   0.24000,
,,,00.000019730000,   0.08000,
,,,00.000019740000,   0.16000,
,,,00.000019750000,   0.24000,
,,,00.000019760000,   0.16000,
,,,00.000019770000,   0.24000,
,,,00.000019780000,   0.24000,
,,,00.000019790000,   0.08000,
,,,00.000019800000,   0.24000,
,,,00.000019810000,   0.24000,
,,,00.000019820000,   0.16000,
,,,00.000019830000,   0.24000,
,,,00.000019840000,   0.32000,
,,,00.000019850000,   0.16000,
,,,00.000019860000,   0.16000,
,,,00.000019870000,   0.24000,
,,,00.000019880000,   0.24000,
,,,00.000019890000,   0.08000,
,,,00.000019900000,   0.24000,
,,,00.000019910000,   0.24000,
,,,00.000019920000,   0.16000,
,,,00.000019930000,   0.24000,
,,,00.000019940000,   0.08000,
,,,00.000019950000,   0.16000,
,,,00.000019960000,   0.16000,
,,,00.000019970000,   0.24000,
,,,00.000019980000,   0.16000,
,,,00.000019990000,   0.16000,
,,,00.000020000000,   0.24000,
,,,00.000020010000,   0.16000,
,,,00.000020020000,   0.24000,
,,,00.000020030000,   0.24000,
,,,00.000020040000,   0.16000,
,,,00.000020050000,   0.24000,
,,,00.000020060000,   0.16000,
,,,00.000020070000,   0.24000,
,,,00.000020080000,   0.24000,
,,,00.000020090000,   0.16000,
,,,00.000020100000,   0.16000,
,,,00.000020110000,   0.16000,
,,,00.000020120000,   0.16000,
,,,00.000020130000,   0.08000,
,,,00.000020140000,   0.08000,
,,,00.000020150000,   0.16000,
,,,00.000020160000,   0.16000,
,,,00.000020170000,   0.08000,
,,,00.000020180000,   0.24000,
,,,00.000020190000,   0.16000,
,,,00.000020200000,   0.16000,
,,,00.000020210000,   0.16000,
,,,00.000020220000,   0.16000,
,,,00.000020230000,   0.08000,
,,,00.000020240000,   0.08000,
,,,00.000020250000,   0.32000,
,,,00.000020260000,   0.16000,
,,,00.000020270000,   0.24000,
,,,00.000020280000,   0.16000,
,,,00.000020290000,   0.08000,
,,,00.000020300000,   0.16000,
,,,00.000020310000,   0.24000,
,,,00.000020320000,   0.24000,
,,,00.000020330000,   0.16000,
,,,00.000020340000,   0.08000,
,,,00.000020350000,   0.16000,
,,,00.000020360000,   0.16000,
,,,00.000020370000,   0.24000,
,,,00.000020380000,   0.16000,
,,,00.000020390000,   0.24000,
,,,00.000020400000,   0.24000,
,,,00.000020410000,   0.32000,
,,,00.000020420000,   0.16000,
,,,00.000020430000,   0.16000,
,,,00.000020440000,   0.24000,
,,,00.000020450000,   0.24000,
,,,00.000020460000,   0.16000,
,,,00.000020470000,   0.16000,
,,,00.000020480000,   0.16000,
,,,00.000020490000,   0.16000,
,,,00.000020500000,   0.16000,
,,,00.000020510000,   0.24000,
,,,00.000020520000,   0.16000,
,,,00.000020530000,   0.08000,
,,,00.000020540000,   0.32000,
,,,00.000020550000,   0.24000,
,,,00.000020560000,   0.08000,
,,,00.000020570000,   0.24000,
,,,00.000020580000,   0.16000,
,,,00.000020590000,   0.24000,
,,,00.000020600000,   0.16000,
,,,00.000020610000,   0.24000,
,,,00.000020620000,   0.24000,
,,,00.000020630000,   0.08000,
,,,00.000020640000,   0.24000,
,,,00.000020650000,   0.08000,
,,,00.000020660000,   0.16000,
,,,00.000020670000,   0.08000,
,,,00.000020680000,   0.16000,
,,,00.000020690000,   0.16000,
,,,00.000020700000,   0.24000,
,,,00.000020710000,   0.24000,
,,,00.000020720000,   0.08000,
,,,00.000020730000,   0.08000,
,,,00.000020740000,   0.16000,
,,,00.000020750000,   0.16000,
,,,00.000020760000,   0.24000,
,,,00.000020770000,   0.24000,
,,,00.000020780000,   0.08000,
,,,00.000020790000,   0.16000,
,,,00.000020800000,   0.16000,
,,,00.000020810000,   0.24000,
,,,00.000020820000,   0.16000,
,,,00.000020830000,   0.24000,
,,,00.000020840000,   0.16000,
,,,00.000020850000,   0.24000,
,,,00.000020860000,   0.24000,
,,,00.000020870000,   0.16000,
,,,00.000020880000,   0.16000,
,,,00.000020890000,   0.16000,
,,,00.000020900000,   0.08000,
,,,00.000020910000,   0.08000,
,,,00.000020920000,   0.16000,
,,,00.000020930000,   0.16000,
,,,00.000020940000,   0.24000,
,,,00.000020950000,   0.16000,
,,,00.000020960000,   0.24000,
,,,00.000020970000,   0.08000,
,,,00.000020980000,   0.08000,
,,,00.000020990000,   0.16000,
,,,00.000021000000,   0.24000,
,,,00.000021010000,   0.16000,
,,,00.000021020000,   0.16000,
,,,00.000021030000,   0.16000,
,,,00.000021040000,   0.24000,
,,,00.000021050000,   0.16000,
,,,00.000021060000,   0.16000,
,,,00.000021070000,   0.16000,
,,,00.000021080000,   0.16000,
,,,00.000021090000,   0.24000,
,,,00.000021100000,   0.24000,
,,,00.000021110000,   0.16000,
,,,00.000021120000,   0.16000,
,,,00.000021130000,   0.08000,
,,,00.000021140000,   0.16000,
,,,00.000021150000,   0.24000,
,,,00.000021160000,   0.08000,
,,,00.000021170000,   0.16000,
,,,00.000021180000,   0.08000,
,,,00.000021190000,   0.24000,
,,,00.000021200000,   0.16000,
,,,00.000021210000,   0.08000,
,,,00.000021220000,   0.08000,
,,,00.000021230000,   0.08000,
,,,00.000021240000,   0.24000,
,,,00.000021250000,   0.16000,
,,,00.000021260000,   0.16000,
,,,00.000021270000,   0.16000,
,,,00.000021280000,   0.16000,
,,,00.000021290000,   0.16000,
,,,00.000021300000,   0.24000,
,,,00.000021310000,   0.08000,
,,,00.000021320000,   0.08000,
,,,00.000021330000,   0.16000,
,,,00.000021340000,   0.16000,
,,,00.000021350000,   0.16000,
,,,00.000021360000,   0.24000,
,,,00.000021370000,   0.16000,
,,,00.000021380000,   0.16000,
,,,00.000021390000,   0.24000,
,,,00.000021400000,   0.24000,
,,,00.000021410000,   0.16000,
,,,00.000021420000,   0.08000,
,,,00.000021430000,   0.24000,
,,,00.000021440000,   0.16000,
,,,00.000021450000,   0.16000,
,,,00.000021460000,   0.16000,
,,,00.000021470000,   0.16000,
,,,00.000021480000,   0.16000,
,,,00.000021490000,   0.16000,
,,,00.000021500000,   0.16000,
,,,00.000021510000,   0.16000,
,,,00.000021520000,   0.08000,
,,,00.000021530000,   0.24000,
,,,00.000021540000,   0.08000,
,,,00.000021550000,   0.16000,
,,,00.000021560000,   0.24000,
,,,00.000021570000,   0.16000,
,,,00.000021580000,   0.16000,
,,,00.000021590000,   0.08000,
,,,00.000021600000,   0.16000,
,,,00.000021610000,   0.08000,
,,,00.000021620000,   0.16000,
,,,00.000021630000,   0.24000,
,,,00.000021640000,   0.08000,
,,,00.000021650000,   0.16000,
,,,00.000021660000,   0.16000,
,,,00.000021670000,   0.24000,
,,,00.000021680000,   0.16000,
,,,00.000021690000,   0.16000,
,,,00.000021700000,   0.16000,
,,,00.000021710000,   0.08000,
,,,00.000021720000,   0.08000,
,,,00.000021730000,   0.08000,
,,,00.000021740000,   0.16000,
,,,00.000021750000,   0.24000,
,,,00.000021760000,   0.08000,
,,,00.000021770000,   0.08000,
,,,00.000021780000,   0.08000,
,,,00.000021790000,   0.08000,
,,,00.000021800000,   0.08000,
,,,00.000021810000,   0.32000,
,,,00.000021820000,   0.16000,
,,,00.000021830000,   0.16000,
,,,00.000021840000,   0.16000,
,,,00.000021850000,   0.08000,
,,,00.000021860000,   0.16000,
,,,00.000021870000,   0.08000,
,,,00.000021880000,   0.24000,
,,,00.000021890000,   0.08000,
,,,00.000021900000,   0.16000,
,,,00.000021910000,   0.08000,
,,,00.000021920000,   0.08000,
,,,00.000021930000,   0.08000,
,,,00.000021940000,   0.08000,
,,,00.000021950000,   0.24000,
,,,00.000021960000,   0.08000,
,,,00.000021970000,   0.08000,
,,,00.000021980000,   0.16000,
,,,00.000021990000,   0.16000,
,,,00.000022000000,   0.24000,
,,,00.000022010000,   0.16000,
,,,00.000022020000,   0.16000,
,,,00.000022030000,   0.16000,
,,,00.000022040000,   0.16000,
,,,00.000022050000,   0.08000,
,,,00.000022060000,   0.16000,
,,,00.000022070000,   0.16000,
,,,00.000022080000,   0.08000,
,,,00.000022090000,   0.16000,
,,,00.000022100000,   0.08000,
,,,00.000022110000,   0.08000,
,,,00.000022120000,   0.08000,
,,,00.000022130000,   0.08000,
,,,00.000022140000,   0.16000,
,,,00.000022150000,   0.08000,
,,,00.000022160000,   0.16000,
,,,00.000022170000,   0.08000,
,,,00.000022180000,   0.16000,
,,,00.000022190000,   0.16000,
,,,00.000022200000,   0.16000,
,,,00.000022210000,   0.00000,
,,,00.000022220000,   0.08000,
,,,00.000022230000,   0.16000,
,,,00.000022240000,   0.24000,
,,,00.000022250000,   0.16000,
,,,00.000022260000,   0.08000,
,,,00.000022270000,   0.16000,
,,,00.000022280000,   0.16000,
,,,00.000022290000,   0.16000,
,,,00.000022300000,   0.24000,
,,,00.000022310000,   0.16000,
,,,00.000022320000,   0.24000,
,,,00.000022330000,   0.16000,
,,,00.000022340000,   0.08000,
,,,00.000022350000,   0.08000,
,,,00.000022360000,   0.16000,
,,,00.000022370000,   0.16000,
,,,00.000022380000,   0.16000,
,,,00.000022390000,   0.08000,
,,,00.000022400000,   0.08000,
,,,00.000022410000,   0.16000,
,,,00.000022420000,   0.24000,
,,,00.000022430000,   0.16000,
,,,00.000022440000,   0.24000,
,,,00.000022450000,   0.08000,
,,,00.000022460000,   0.16000,
,,,00.000022470000,   0.16000,
,,,00.000022480000,   0.16000,
,,,00.000022490000,   0.16000,
,,,00.000022500000,   0.16000,
,,,00.000022510000,   0.16000,
,,,00.000022520000,   0.16000,
,,,00.000022530000,   0.16000,
,,,00.000022540000,   0.08000,
,,,00.000022550000,   0.24000,
,,,00.000022560000,   0.16000,
,,,00.000022570000,   0.08000,
,,,00.000022580000,   0.16000,
,,,00.000022590000,   0.08000,
,,,00.000022600000,   0.00000,
,,,00.000022610000,   0.00000,
,,,00.000022620000,   0.16000,
,,,00.000022630000,   0.08000,
,,,00.000022640000,   0.16000,
,,,00.000022650000,   0.08000,
,,,00.000022660000,   0.16000,
,,,00.000022670000,   0.16000,
,,,00.000022680000,   0.08000,
,,,00.000022690000,   0.16000,
,,,00.000022700000,   0.00000,
,,,00.000022710000,   0.00000,
,,,00.000022720000,   0.08000,
,,,00.000022730000,   0.16000,
,,,00.000022740000,   0.16000,
,,,00.000022750000,   0.08000,
,,,00.000022760000,   0.08000,
,,,00.000022770000,   0.16000,
,,,00.000022780000,   0.16000,
,,,00.000022790000,   0.08000,
,,,00.000022800000,   0.24000,
,,,00.000022810000,   0.24000,
,,,00.000022820000,   0.16000,
,,,00.000022830000,   0.16000,
,,,00.000022840000,   0.16000,
,,,00.000022850000,   0.16000,
,,,00.000022860000,   0.00000,
,,,00.000022870000,   0.16000,
,,,00.000022880000,   0.08000,
,,,00.000022890000,   0.08000,
,,,00.000022900000,   0.08000,
,,,00.000022910000,   0.08000,
,,,00.000022920000,   0.16000,
,,,00.000022930000,   0.08000,
,,,00.000022940000,   0.16000,
,,,00.000022950000,   0.16000,
,,,00.000022960000,   0.16000,
,,,00.000022970000,   0.16000,
,,,00.000022980000,   0.16000,
,,,00.000022990000,   0.16000,
,,,00.000023000000,   0.16000,
,,,00.000023010000,   0.00000,
,,,00.000023020000,   0.16000,
,,,00.000023030000,   0.08000,
,,,00.000023040000,   0.08000,
,,,00.000023050000,   0.16000,
,,,00.000023060000,   0.16000,
,,,00.000023070000,   0.16000,
,,,00.000023080000,   0.16000,
,,,00.000023090000,   0.16000,
,,,00.000023100000,   0.08000,
,,,00.000023110000,   0.08000,
,,,00.000023120000,   0.08000,
,,,00.000023130000,   0.08000,
,,,00.000023140000,   0.00000,
,,,00.000023150000,   0.16000,
,,,00.000023160000,   0.00000,
,,,00.000023170000,   0.08000,
,,,00.000023180000,   0.16000,
,,,00.000023190000,   0.16000,
,,,00.000023200000,   0.00000,
,,,00.000023210000,   0.00000,
,,,00.000023220000,   0.16000,
,,,00.000023230000,   0.08000,
,,,00.000023240000,   0.08000,
,,,00.000023250000,   0.08000,
,,,00.000023260000,   0.00000,
,,,00.000023270000,   0.08000,
,,,00.000023280000,   0.08000,
,,,00.000023290000,   0.16000,
,,,00.000023300000,   0.08000,
,,,00.000023310000,   0.08000,
,,,00.000023320000,   0.16000,
,,,00.000023330000,   0.00000,
,,,00.000023340000,   0.08000,
,,,00.000023350000,   0.08000,
,,,00.000023360000,   0.16000,
,,,00.000023370000,   0.24000,
,,,00.000023380000,   0.24000,
,,,00.000023390000,   0.08000,
,,,00.000023400000,   0.08000,
,,,00.000023410000,   0.24000,
,,,00.000023420000,   0.08000,
,,,00.000023430000,   0.16000,
,,,00.000023440000,   0.08000,
,,,00.000023450000,   0.08000,
,,,00.000023460000,   0.08000,
,,,00.000023470000,   0.08000,
,,,00.000023480000,   0.08000,
,,,00.000023490000,   0.24000,
,,,00.000023500000,   0.08000,
,,,00.000023510000,   0.24000,
,,,00.000023520000,   0.24000,
,,,00.000023530000,   0.08000,
,,,00.000023540000,   0.08000,
,,,00.000023550000,   0.08000,
,,,00.000023560000,   0.16000,
,,,00.000023570000,   0.24000,
,,,00.000023580000,   0.00000,
,,,00.000023590000,   0.00000,
,,,00.000023600000,   0.08000,
,,,00.000023610000,   0.16000,
,,,00.000023620000,   0.08000,
,,,00.000023630000,   0.16000,
,,,00.000023640000,   0.16000,
,,,00.000023650000,   0.16000,
,,,00.000023660000,   0.16000,
,,,00.000023670000,   0.08000,
,,,00.000023680000,   0.08000,
,,,00.000023690000,   0.08000,
,,,00.000023700000,   0.00000,
,,,00.000023710000,   0.00000,
,,,00.000023720000,   0.08000,
,,,00.000023730000,   0.08000,
,,,00.000023740000,   0.16000,
,,,00.000023750000,   0.08000,
,,,00.000023760000,   0.08000,
,,,00.000023770000,   0.16000,
,,,00.000023780000,   0.08000,
,,,00.000023790000,   0.16000,
,,,00.000023800000,   0.16000,
,,,00.000023810000,   0.16000,
,,,00.000023820000,   0.08000,
,,,00.000023830000,   0.08000,
,,,00.000023840000,   0.08000,
,,,00.000023850000,   0.00000,
,,,00.000023860000,   0.08000,
,,,00.000023870000,   0.00000,
,,,00.000023880000,   0.08000,
,,,00.000023890000,   0.08000,
,,,00.000023900000,   0.08000,
,,,00.000023910000,   0.16000,
,,,00.000023920000,   0.08000,
,,,00.000023930000,   0.16000,
,,,00.000023940000,   0.16000,
,,,00.000023950000,   0.08000,
,,,00.000023960000,   0.16000,
,,,00.000023970000,   0.16000,
,,,00.000023980000,   0.16000,
,,,00.000023990000,   0.16000,
,,,00.000024000000,   0.16000,
,,,00.000024010000,   0.08000,
,,,00.000024020000,   0.08000,
,,,00.000024030000,   0.08000,
,,,00.000024040000,   0.00000,
,,,00.000024050000,   0.08000,
,,,00.000024060000,   0.00000,
,,,00.000024070000,   0.16000,
,,,00.000024080000,   0.08000,
,,,00.000024090000,   0.08000,
,,,00.000024100000,   0.08000,
,,,00.000024110000,   0.08000,
,,,00.000024120000,   0.16000,
,,,00.000024130000,   0.08000,
,,,00.000024140000,   0.08000,
,,,00.000024150000,   0.08000,
,,,00.000024160000,   0.16000,
,,,00.000024170000,   0.08000,
,,,00.000024180000,   0.08000,
,,,00.000024190000,   0.16000,
,,,00.000024200000,   0.00000,
,,,00.000024210000,   0.16000,
,,,00.000024220000,   0.08000,
,,,00.000024230000,   0.08000,
,,,00.000024240000,   0.08000,
,,,00.000024250000,   0.08000,
,,,00.000024260000,   0.08000,
,,,00.000024270000,   0.08000,
,,,00.000024280000,   0.08000,
,,,00.000024290000,   0.08000,
