Record Length,2.500000e+03,,  -0.000023200000,   0.04000,
Sample Interval,4.000000e-08,,  -0.000023160000,   0.12000,
Trigger Point,5.800000000000e+02,,  -0.000023120000,   0.04000,
,,,  -0.000023080000,   0.04000,
,,,  -0.000023040000,   0.04000,
,,,  -0.000023000000,   0.04000,
Source,CH1,,  -0.000022960000,  -0.08000,
Vertical Units,V,,  -0.000022920000,   0.04000,
Vertical Scale,1.000000e+00,,  -0.000022880000,   0.00000,
Vertical Offset,-2.000000e+00,,  -0.000022840000,   0.08000,
Horizontal Units,s,,  -0.000022800000,  -0.04000,
Horizontal Scale,1.000000e-05,,  -0.000022760000,   0.00000,
Pt Fmt,Y,,  -0.000022720000,   0.04000,
Yzero,0.000000e+00,,  -0.000022680000,   0.08000,
Probe Atten,1.000000e+00,,  -0.000022640000,   0.04000,
Model Number,TDS1002B,,  -0.000022600000,   0.04000,
Serial Number,C050789,,  -0.000022560000,   0.00000,
Firmware Version,FV:v22.01,,  -0.000022520000,  -0.04000,
,,,-00.000022480000,  -0.04000,
,,,-00.000022440000,   0.04000,
,,,-00.000022400000,   0.08000,
,,,-00.000022360000,   0.04000,
,,,-00.000022320000,  -0.04000,
,,,-00.000022280000,   0.08000,
,,,-00.000022240000,   0.00000,
,,,-00.000022200000,   0.04000,
,,,-00.000022160000,  -0.04000,
,,,-00.000022120000,   0.04000,
,,,-00.000022080000,   0.04000,
,,,-00.000022040000,   0.00000,
,,,-00.000022000000,   0.00000,
,,,-00.000021960000,   0.00000,
,,,-00.000021920000,   0.00000,
,,,-00.000021880000,   0.04000,
,,,-00.000021840000,   0.04000,
,,,-00.000021800000,   0.04000,
,,,-00.000021760000,   0.00000,
,,,-00.000021720000,   0.00000,
,,,-00.000021680000,   0.08000,
,,,-00.000021640000,   0.00000,
,,,-00.000021600000,   0.00000,
,,,-00.000021560000,   0.04000,
,,,-00.000021520000,   0.04000,
,,,-00.000021480000,   0.04000,
,,,-00.000021440000,   0.00000,
,,,-00.000021400000,   0.04000,
,,,-00.000021360000,   0.04000,
,,,-00.000021320000,   0.04000,
,,,-00.000021280000,   0.00000,
,,,-00.000021240000,   0.04000,
,,,-00.000021200000,  -0.04000,
,,,-00.000021160000,   0.08000,
,,,-00.000021120000,   0.00000,
,,,-00.000021080000,   0.04000,
,,,-00.000021040000,   0.00000,
,,,-00.000021000000,   0.04000,
,,,-00.000020960000,   0.00000,
,,,-00.000020920000,   0.00000,
,,,-00.000020880000,   0.04000,
,,,-00.000020840000,   0.00000,
,,,-00.000020800000,   0.04000,
,,,-00.000020760000,   0.08000,
,,,-00.000020720000,   0.00000,
,,,-00.000020680000,   0.04000,
,,,-00.000020640000,   0.00000,
,,,-00.000020600000,   0.00000,
,,,-00.000020560000,   0.04000,
,,,-00.000020520000,   0.00000,
,,,-00.000020480000,   0.04000,
,,,-00.000020440000,   0.00000,
,,,-00.000020400000,   0.04000,
,,,-00.000020360000,   0.04000,
,,,-00.000020320000,   0.00000,
,,,-00.000020280000,   0.00000,
,,,-00.000020240000,   0.04000,
,,,-00.000020200000,   0.00000,
,,,-00.000020160000,   0.08000,
,,,-00.000020120000,   0.00000,
,,,-00.000020080000,   0.00000,
,,,-00.000020040000,   0.04000,
,,,-00.000020000000,   0.04000,
,,,-00.000019960000,   0.08000,
,,,-00.000019920000,   0.04000,
,,,-00.000019880000,   0.04000,
,,,-00.000019840000,   0.04000,
,,,-00.000019800000,   0.00000,
,,,-00.000019760000,   0.04000,
,,,-00.000019720000,   0.00000,
,,,-00.000019680000,   0.00000,
,,,-00.000019640000,   0.04000,
,,,-00.000019600000,   0.04000,
,,,-00.000019560000,   0.00000,
,,,-00.000019520000,   0.04000,
,,,-00.000019480000,  -0.04000,
,,,-00.000019440000,   0.00000,
,,,-00.000019400000,   0.08000,
,,,-00.000019360000,   0.00000,
,,,-00.000019320000,   0.08000,
,,,-00.000019280000,   0.00000,
,,,-00.000019240000,   0.04000,
,,,-00.000019200000,   0.00000,
,,,-00.000019160000,   0.04000,
,,,-00.000019120000,   0.04000,
,,,-00.000019080000,   0.04000,
,,,-00.000019040000,   0.08000,
,,,-00.000019000000,   0.04000,
,,,-00.000018960000,   0.00000,
,,,-00.000018920000,  -0.04000,
,,,-00.000018880000,   0.08000,
,,,-00.000018840000,   0.00000,
,,,-00.000018800000,   0.00000,
,,,-00.000018760000,   0.04000,
,,,-00.000018720000,   0.12000,
,,,-00.000018680000,   0.04000,
,,,-00.000018640000,   0.04000,
,,,-00.000018600000,   0.00000,
,,,-00.000018560000,  -0.04000,
,,,-00.000018520000,   0.00000,
,,,-00.000018480000,   0.00000,
,,,-00.000018440000,   0.04000,
,,,-00.000018400000,   0.04000,
,,,-00.000018360000,  -0.04000,
,,,-00.000018320000,   0.04000,
,,,-00.000018280000,   0.04000,
,,,-00.000018240000,   0.04000,
,,,-00.000018200000,  -0.04000,
,,,-00.000018160000,   0.08000,
,,,-00.000018120000,   0.04000,
,,,-00.000018080000,   0.00000,
,,,-00.000018040000,   0.04000,
,,,-00.000018000000,   0.00000,
,,,-00.000017960000,   0.00000,
,,,-00.000017920000,   0.00000,
,,,-00.000017880000,   0.00000,
,,,-00.000017840000,   0.08000,
,,,-00.000017800000,   0.00000,
,,,-00.000017760000,   0.00000,
,,,-00.000017720000,   0.08000,
,,,-00.000017680000,  -0.04000,
,,,-00.000017640000,   0.04000,
,,,-00.000017600000,   0.04000,
,,,-00.000017560000,   0.04000,
,,,-00.000017520000,   0.04000,
,,,-00.000017480000,   0.04000,
,,,-00.000017440000,   0.04000,
,,,-00.000017400000,   0.08000,
,,,-00.000017360000,   0.04000,
,,,-00.000017320000,   0.04000,
,,,-00.000017280000,   0.00000,
,,,-00.000017240000,   0.04000,
,,,-00.000017200000,   0.04000,
,,,-00.000017160000,   0.04000,
,,,-00.000017120000,   0.04000,
,,,-00.000017080000,   0.04000,
,,,-00.000017040000,   0.04000,
,,,-00.000017000000,   0.04000,
,,,-00.000016960000,   0.00000,
,,,-00.000016920000,   0.04000,
,,,-00.000016880000,   0.04000,
,,,-00.000016840000,  -0.04000,
,,,-00.000016800000,   0.04000,
,,,-00.000016760000,   0.00000,
,,,-00.000016720000,   0.08000,
,,,-00.000016680000,   0.04000,
,,,-00.000016640000,   0.00000,
,,,-00.000016600000,   0.04000,
,,,-00.000016560000,   0.00000,
,,,-00.000016520000,   0.04000,
,,,-00.000016480000,   0.04000,
,,,-00.000016440000,   0.04000,
,,,-00.000016400000,   0.04000,
,,,-00.000016360000,   0.00000,
,,,-00.000016320000,   0.00000,
,,,-00.000016280000,   0.04000,
,,,-00.000016240000,   0.04000,
,,,-00.000016200000,   0.04000,
,,,-00.000016160000,   0.04000,
,,,-00.000016120000,   0.04000,
,,,-00.000016080000,   0.00000,
,,,-00.000016040000,   0.08000,
,,,-00.000016000000,   0.04000,
,,,-00.000015960000,   0.04000,
,,,-00.000015920000,   0.04000,
,,,-00.000015880000,   0.04000,
,,,-00.000015840000,   0.08000,
,,,-00.000015800000,   0.00000,
,,,-00.000015760000,   0.04000,
,,,-00.000015720000,   0.04000,
,,,-00.000015680000,   0.00000,
,,,-00.000015640000,   0.04000,
,,,-00.000015600000,   0.00000,
,,,-00.000015560000,   0.04000,
,,,-00.000015520000,   0.00000,
,,,-00.000015480000,   0.00000,
,,,-00.000015440000,   0.00000,
,,,-00.000015400000,   0.04000,
,,,-00.000015360000,   0.08000,
,,,-00.000015320000,   0.04000,
,,,-00.000015280000,   0.00000,
,,,-00.000015240000,   0.00000,
,,,-00.000015200000,   0.04000,
,,,-00.000015160000,   0.04000,
,,,-00.000015120000,   0.04000,
,,,-00.000015080000,   0.04000,
,,,-00.000015040000,   0.00000,
,,,-00.000015000000,   0.00000,
,,,-00.000014960000,  -0.04000,
,,,-00.000014920000,   0.04000,
,,,-00.000014880000,   0.00000,
,,,-00.000014840000,   0.00000,
,,,-00.000014800000,   0.00000,
,,,-00.000014760000,   0.08000,
,,,-00.000014720000,   0.04000,
,,,-00.000014680000,   0.00000,
,,,-00.000014640000,   0.00000,
,,,-00.000014600000,   0.00000,
,,,-00.000014560000,   0.00000,
,,,-00.000014520000,   0.04000,
,,,-00.000014480000,   0.00000,
,,,-00.000014440000,   0.04000,
,,,-00.000014400000,  -0.04000,
,,,-00.000014360000,   0.08000,
,,,-00.000014320000,   0.04000,
,,,-00.000014280000,   0.00000,
,,,-00.000014240000,   0.00000,
,,,-00.000014200000,   0.04000,
,,,-00.000014160000,   0.08000,
,,,-00.000014120000,   0.00000,
,,,-00.000014080000,   0.04000,
,,,-00.000014040000,   0.08000,
,,,-00.000014000000,   0.04000,
,,,-00.000013960000,   0.00000,
,,,-00.000013920000,   0.00000,
,,,-00.000013880000,   0.04000,
,,,-00.000013840000,   0.00000,
,,,-00.000013800000,   0.04000,
,,,-00.000013760000,   0.04000,
,,,-00.000013720000,  -0.04000,
,,,-00.000013680000,   0.08000,
,,,-00.000013640000,   0.00000,
,,,-00.000013600000,   0.00000,
,,,-00.000013560000,   0.04000,
,,,-00.000013520000,   0.00000,
,,,-00.000013480000,   0.04000,
,,,-00.000013440000,   0.08000,
,,,-00.000013400000,   0.04000,
,,,-00.000013360000,   0.04000,
,,,-00.000013320000,   0.04000,
,,,-00.000013280000,   0.04000,
,,,-00.000013240000,   0.12000,
,,,-00.000013200000,   0.08000,
,,,-00.000013160000,   0.08000,
,,,-00.000013120000,   0.08000,
,,,-00.000013080000,   0.12000,
,,,-00.000013040000,   0.12000,
,,,-00.000013000000,   0.16000,
,,,-00.000012960000,   0.12000,
,,,-00.000012920000,   0.16000,
,,,-00.000012880000,   0.12000,
,,,-00.000012840000,   0.20000,
,,,-00.000012800000,   0.16000,
,,,-00.000012760000,   0.20000,
,,,-00.000012720000,   0.20000,
,,,-00.000012680000,   0.20000,
,,,-00.000012640000,   0.20000,
,,,-00.000012600000,   0.20000,
,,,-00.000012560000,   0.28000,
,,,-00.000012520000,   0.28000,
,,,-00.000012480000,   0.28000,
,,,-00.000012440000,   0.28000,
,,,-00.000012400000,   0.32000,
,,,-00.000012360000,   0.36000,
,,,-00.000012320000,   0.32000,
,,,-00.000012280000,   0.32000,
,,,-00.000012240000,   0.40000,
,,,-00.000012200000,   0.32000,
,,,-00.000012160000,   0.36000,
,,,-00.000012120000,   0.40000,
,,,-00.000012080000,   0.40000,
,,,-00.000012040000,   0.44000,
,,,-00.000012000000,   0.44000,
,,,-00.000011960000,   0.44000,
,,,-00.000011920000,   0.44000,
,,,-00.000011880000,   0.44000,
,,,-00.000011840000,   0.44000,
,,,-00.000011800000,   0.48000,
,,,-00.000011760000,   0.44000,
,,,-00.000011720000,   0.48000,
,,,-00.000011680000,   0.44000,
,,,-00.000011640000,   0.48000,
,,,-00.000011600000,   0.52000,
,,,-00.000011560000,   0.52000,
,,,-00.000011520000,   0.56000,
,,,-00.000011480000,   0.56000,
,,,-00.000011440000,   0.52000,
,,,-00.000011400000,   0.60000,
,,,-00.000011360000,   0.56000,
,,,-00.000011320000,   0.56000,
,,,-00.000011280000,   0.56000,
,,,-00.000011240000,   0.60000,
,,,-00.000011200000,   0.60000,
,,,-00.000011160000,   0.68000,
,,,-00.000011120000,   0.68000,
,,,-00.000011080000,   0.64000,
,,,-00.000011040000,   0.64000,
,,,-00.000011000000,   0.64000,
,,,-00.000010960000,   0.72000,
,,,-00.000010920000,   0.68000,
,,,-00.000010880000,   0.68000,
,,,-00.000010840000,   0.76000,
,,,-00.000010800000,   0.72000,
,,,-00.000010760000,   0.76000,
,,,-00.000010720000,   0.72000,
,,,-00.000010680000,   0.72000,
,,,-00.000010640000,   0.72000,
,,,-00.000010600000,   0.76000,
,,,-00.000010560000,   0.80000,
,,,-00.000010520000,   0.80000,
,,,-00.000010480000,   0.84000,
,,,-00.000010440000,   0.80000,
,,,-00.000010400000,   0.84000,
,,,-00.000010360000,   0.84000,
,,,-00.000010320000,   0.84000,
,,,-00.000010280000,   0.80000,
,,,-00.000010240000,   0.88000,
,,,-00.000010200000,   0.88000,
,,,-00.000010160000,   0.88000,
,,,-00.000010120000,   0.92000,
,,,-00.000010080000,   0.92000,
,,,-00.000010040000,   0.88000,
,,,-00.000010000000,   0.92000,
,,,-00.000009960000,   0.92000,
,,,-00.000009920000,   0.92000,
,,,-00.000009880000,   0.96000,
,,,-00.000009840000,   1.00000,
,,,-00.000009800000,   1.00000,
,,,-00.000009760000,   0.96000,
,,,-00.000009720000,   1.00000,
,,,-00.000009680000,   1.00000,
,,,-00.000009640000,   1.04000,
,,,-00.000009600000,   1.04000,
,,,-00.000009560000,   1.08000,
,,,-00.000009520000,   1.04000,
,,,-00.000009480000,   1.12000,
,,,-00.000009440000,   1.08000,
,,,-00.000009400000,   1.08000,
,,,-00.000009360000,   1.08000,
,,,-00.000009320000,   1.08000,
,,,-00.000009280000,   1.12000,
,,,-00.000009240000,   1.12000,
,,,-00.000009200000,   1.12000,
,,,-00.000009160000,   1.16000,
,,,-00.000009120000,   1.16000,
,,,-00.000009080000,   1.12000,
,,,-00.000009040000,   1.24000,
,,,-00.000009000000,   1.12000,
,,,-00.000008960000,   1.20000,
,,,-00.000008920000,   1.20000,
,,,-00.000008880000,   1.24000,
,,,-00.000008840000,   1.24000,
,,,-00.000008800000,   1.24000,
,,,-00.000008760000,   1.24000,
,,,-00.000008720000,   1.24000,
,,,-00.000008680000,   1.24000,
,,,-00.000008640000,   1.24000,
,,,-00.000008600000,   1.28000,
,,,-00.000008560000,   1.32000,
,,,-00.000008520000,   1.32000,
,,,-00.000008480000,   1.36000,
,,,-00.000008440000,   1.28000,
,,,-00.000008400000,   1.32000,
,,,-00.000008360000,   1.32000,
,,,-00.000008320000,   1.36000,
,,,-00.000008280000,   1.40000,
,,,-00.000008240000,   1.32000,
,,,-00.000008200000,   1.32000,
,,,-00.000008160000,   1.36000,
,,,-00.000008120000,   1.44000,
,,,-00.000008080000,   1.44000,
,,,-00.000008040000,   1.40000,
,,,-00.000008000000,   1.44000,
,,,-00.000007960000,   1.40000,
,,,-00.000007920000,   1.44000,
,,,-00.000007880000,   1.44000,
,,,-00.000007840000,   1.44000,
,,,-00.000007800000,   1.44000,
,,,-00.000007760000,   1.52000,
,,,-00.000007720000,   1.44000,
,,,-00.000007680000,   1.44000,
,,,-00.000007640000,   1.48000,
,,,-00.000007600000,   1.48000,
,,,-00.000007560000,   1.48000,
,,,-00.000007520000,   1.48000,
,,,-00.000007480000,   1.52000,
,,,-00.000007440000,   1.52000,
,,,-00.000007400000,   1.48000,
,,,-00.000007360000,   1.52000,
,,,-00.000007320000,   1.56000,
,,,-00.000007280000,   1.52000,
,,,-00.000007240000,   1.60000,
,,,-00.000007200000,   1.60000,
,,,-00.000007160000,   1.56000,
,,,-00.000007120000,   1.56000,
,,,-00.000007080000,   1.56000,
,,,-00.000007040000,   1.60000,
,,,-00.000007000000,   1.64000,
,,,-00.000006960000,   1.64000,
,,,-00.000006920000,   1.60000,
,,,-00.000006880000,   1.64000,
,,,-00.000006840000,   1.68000,
,,,-00.000006800000,   1.64000,
,,,-00.000006760000,   1.68000,
,,,-00.000006720000,   1.68000,
,,,-00.000006680000,   1.68000,
,,,-00.000006640000,   1.68000,
,,,-00.000006600000,   1.72000,
,,,-00.000006560000,   1.68000,
,,,-00.000006520000,   1.72000,
,,,-00.000006480000,   1.72000,
,,,-00.000006440000,   1.76000,
,,,-00.000006400000,   1.76000,
,,,-00.000006360000,   1.76000,
,,,-00.000006320000,   1.76000,
,,,-00.000006280000,   1.80000,
,,,-00.000006240000,   1.76000,
,,,-00.000006200000,   1.76000,
,,,-00.000006160000,   1.80000,
,,,-00.000006120000,   1.80000,
,,,-00.000006080000,   1.80000,
,,,-00.000006040000,   1.84000,
,,,-00.000006000000,   1.84000,
,,,-00.000005960000,   1.80000,
,,,-00.000005920000,   1.80000,
,,,-00.000005880000,   1.88000,
,,,-00.000005840000,   1.92000,
,,,-00.000005800000,   1.84000,
,,,-00.000005760000,   1.88000,
,,,-00.000005720000,   1.92000,
,,,-00.000005680000,   1.92000,
,,,-00.000005640000,   1.92000,
,,,-00.000005600000,   1.92000,
,,,-00.000005560000,   1.96000,
,,,-00.000005520000,   1.96000,
,,,-00.000005480000,   1.96000,
,,,-00.000005440000,   1.96000,
,,,-00.000005400000,   1.92000,
,,,-00.000005360000,   1.88000,
,,,-00.000005320000,   1.92000,
,,,-00.000005280000,   1.96000,
,,,-00.000005240000,   1.96000,
,,,-00.000005200000,   2.00000,
,,,-00.000005160000,   1.96000,
,,,-00.000005120000,   1.96000,
,,,-00.000005080000,   2.00000,
,,,-00.000005040000,   1.96000,
,,,-00.000005000000,   2.04000,
,,,-00.000004960000,   2.00000,
,,,-00.000004920000,   2.00000,
,,,-00.000004880000,   2.04000,
,,,-00.000004840000,   2.04000,
,,,-00.000004800000,   2.04000,
,,,-00.000004760000,   2.04000,
,,,-00.000004720000,   2.08000,
,,,-00.000004680000,   2.04000,
,,,-00.000004640000,   2.08000,
,,,-00.000004600000,   2.08000,
,,,-00.000004560000,   2.08000,
,,,-00.000004520000,   2.12000,
,,,-00.000004480000,   2.04000,
,,,-00.000004440000,   2.12000,
,,,-00.000004400000,   2.12000,
,,,-00.000004360000,   2.08000,
,,,-00.000004320000,   2.12000,
,,,-00.000004280000,   2.12000,
,,,-00.000004240000,   2.20000,
,,,-00.000004200000,   2.16000,
,,,-00.000004160000,   2.20000,
,,,-00.000004120000,   2.20000,
,,,-00.000004080000,   2.16000,
,,,-00.000004040000,   2.20000,
,,,-00.000004000000,   2.16000,
,,,-00.000003960000,   2.24000,
,,,-00.000003920000,   2.20000,
,,,-00.000003880000,   2.20000,
,,,-00.000003840000,   2.20000,
,,,-00.000003800000,   2.28000,
,,,-00.000003760000,   2.24000,
,,,-00.000003720000,   2.24000,
,,,-00.000003680000,   2.24000,
,,,-00.000003640000,   2.28000,
,,,-00.000003600000,   2.28000,
,,,-00.000003560000,   2.28000,
,,,-00.000003520000,   2.28000,
,,,-00.000003480000,   2.28000,
,,,-00.000003440000,   2.28000,
,,,-00.000003400000,   2.28000,
,,,-00.000003360000,   2.32000,
,,,-00.000003320000,   2.28000,
,,,-00.000003280000,   2.28000,
,,,-00.000003240000,   2.28000,
,,,-00.000003200000,   2.32000,
,,,-00.000003160000,   2.28000,
,,,-00.000003120000,   2.32000,
,,,-00.000003080000,   2.32000,
,,,-00.000003040000,   2.36000,
,,,-00.000003000000,   2.40000,
,,,-00.000002960000,   2.36000,
,,,-00.000002920000,   2.36000,
,,,-00.000002880000,   2.40000,
,,,-00.000002840000,   2.36000,
,,,-00.000002800000,   2.40000,
,,,-00.000002760000,   2.40000,
,,,-00.000002720000,   2.40000,
,,,-00.000002680000,   2.36000,
,,,-00.000002640000,   2.44000,
,,,-00.000002600000,   2.44000,
,,,-00.000002560000,   2.44000,
,,,-00.000002520000,   2.40000,
,,,-00.000002480000,   2.48000,
,,,-00.000002440000,   2.44000,
,,,-00.000002400000,   2.44000,
,,,-00.000002360000,   2.44000,
,,,-00.000002320000,   2.44000,
,,,-00.000002280000,   2.44000,
,,,-00.000002240000,   2.44000,
,,,-00.000002200000,   2.48000,
,,,-00.000002160000,   2.48000,
,,,-00.000002120000,   2.48000,
,,,-00.000002080000,   2.52000,
,,,-00.000002040000,   2.48000,
,,,-00.000002000000,   2.52000,
,,,-00.000001960000,   2.56000,
,,,-00.000001920000,   2.48000,
,,,-00.000001880000,   2.56000,
,,,-00.000001840000,   2.52000,
,,,-00.000001800000,   2.52000,
,,,-00.000001760000,   2.56000,
,,,-00.000001720000,   2.56000,
,,,-00.000001680000,   2.56000,
,,,-00.000001640000,   2.56000,
,,,-00.000001600000,   2.60000,
,,,-00.000001560000,   2.60000,
,,,-00.000001520000,   2.60000,
,,,-00.000001480000,   2.60000,
,,,-00.000001440000,   2.56000,
,,,-00.000001400000,   2.56000,
,,,-00.000001360000,   2.60000,
,,,-00.000001320000,   2.64000,
,,,-00.000001280000,   2.64000,
,,,-00.000001240000,   2.64000,
,,,-00.000001200000,   2.64000,
,,,-00.000001160000,   2.60000,
,,,-00.000001120000,   2.68000,
,,,-00.000001080000,   2.60000,
,,,-00.000001040000,   2.64000,
,,,-00.000001000000,   2.68000,
,,,-00.000000960000,   2.64000,
,,,-00.000000920000,   2.64000,
,,,-00.000000880000,   2.68000,
,,,-00.000000840000,   2.68000,
,,,-00.000000800000,   2.68000,
,,,-00.000000760000,   2.68000,
,,,-00.000000720000,   2.68000,
,,,-00.000000680000,   2.72000,
,,,-00.000000640000,   2.68000,
,,,-00.000000600000,   2.76000,
,,,-00.000000560000,   2.72000,
,,,-00.000000520000,   2.68000,
,,,-00.000000480000,   2.72000,
,,,-00.000000440000,   2.72000,
,,,-00.000000400000,   2.72000,
,,,-00.000000360000,   2.72000,
,,,-00.000000320000,   2.72000,
,,,-00.000000280000,   2.76000,
,,,-00.000000240000,   2.80000,
,,,-00.000000200000,   2.76000,
,,,-00.000000160000,   2.76000,
,,,-00.000000120000,   2.76000,
,,,-00.000000080000,   2.80000,
,,,-00.000000040000,   2.80000,
,,,-00.000000000000,   2.80000,
,,,00.000000040000,   2.76000,
,,,00.000000080000,   2.84000,
,,,00.000000120000,   2.80000,
,,,00.000000160000,   2.76000,
,,,00.000000200000,   2.80000,
,,,00.000000240000,   2.80000,
,,,00.000000280000,   2.80000,
,,,00.000000320000,   2.84000,
,,,00.000000360000,   2.84000,
,,,00.000000400000,   2.88000,
,,,00.000000440000,   2.84000,
,,,00.000000480000,   2.88000,
,,,00.000000520000,   2.84000,
,,,00.000000560000,   2.88000,
,,,00.000000600000,   2.84000,
,,,00.000000640000,   2.88000,
,,,00.000000680000,   2.88000,
,,,00.000000720000,   2.88000,
,,,00.000000760000,   2.88000,
,,,00.000000800000,   2.88000,
,,,00.000000840000,   2.88000,
,,,00.000000880000,   2.88000,
,,,00.000000920000,   2.92000,
,,,00.000000960000,   2.92000,
,,,00.000001000000,   2.92000,
,,,00.000001040000,   2.92000,
,,,00.000001080000,   2.96000,
,,,00.000001120000,   2.96000,
,,,00.000001160000,   2.96000,
,,,00.000001200000,   2.96000,
,,,00.000001240000,   2.88000,
,,,00.000001280000,   2.92000,
,,,00.000001320000,   2.96000,
,,,00.000001360000,   3.00000,
,,,00.000001400000,   3.00000,
,,,00.000001440000,   2.92000,
,,,00.000001480000,   3.04000,
,,,00.000001520000,   2.96000,
,,,00.000001560000,   3.00000,
,,,00.000001600000,   3.00000,
,,,00.000001640000,   3.04000,
,,,00.000001680000,   3.00000,
,,,00.000001720000,   3.08000,
,,,00.000001760000,   3.00000,
,,,00.000001800000,   3.08000,
,,,00.000001840000,   3.00000,
,,,00.000001880000,   3.04000,
,,,00.000001920000,   3.04000,
,,,00.000001960000,   3.04000,
,,,00.000002000000,   3.00000,
,,,00.000002040000,   3.04000,
,,,00.000002080000,   3.08000,
,,,00.000002120000,   3.04000,
,,,00.000002160000,   3.04000,
,,,00.000002200000,   3.08000,
,,,00.000002240000,   3.04000,
,,,00.000002280000,   3.08000,
,,,00.000002320000,   3.12000,
,,,00.000002360000,   3.08000,
,,,00.000002400000,   3.12000,
,,,00.000002440000,   3.12000,
,,,00.000002480000,   3.08000,
,,,00.000002520000,   3.04000,
,,,00.000002560000,   3.08000,
,,,00.000002600000,   3.08000,
,,,00.000002640000,   3.16000,
,,,00.000002680000,   3.16000,
,,,00.000002720000,   3.08000,
,,,00.000002760000,   3.16000,
,,,00.000002800000,   3.12000,
,,,00.000002840000,   3.20000,
,,,00.000002880000,   3.08000,
,,,00.000002920000,   3.20000,
,,,00.000002960000,   3.20000,
,,,00.000003000000,   3.20000,
,,,00.000003040000,   3.16000,
,,,00.000003080000,   3.16000,
,,,00.000003120000,   3.16000,
,,,00.000003160000,   3.20000,
,,,00.000003200000,   3.20000,
,,,00.000003240000,   3.20000,
,,,00.000003280000,   3.24000,
,,,00.000003320000,   3.20000,
,,,00.000003360000,   3.16000,
,,,00.000003400000,   3.28000,
,,,00.000003440000,   3.16000,
,,,00.000003480000,   3.24000,
,,,00.000003520000,   3.24000,
,,,00.000003560000,   3.20000,
,,,00.000003600000,   3.20000,
,,,00.000003640000,   3.20000,
,,,00.000003680000,   3.24000,
,,,00.000003720000,   3.24000,
,,,00.000003760000,   3.28000,
,,,00.000003800000,   3.28000,
,,,00.000003840000,   3.24000,
,,,00.000003880000,   3.24000,
,,,00.000003920000,   3.24000,
,,,00.000003960000,   3.28000,
,,,00.000004000000,   3.32000,
,,,00.000004040000,   3.28000,
,,,00.000004080000,   3.32000,
,,,00.000004120000,   3.24000,
,,,00.000004160000,   3.28000,
,,,00.000004200000,   3.20000,
,,,00.000004240000,   3.32000,
,,,00.000004280000,   3.32000,
,,,00.000004320000,   3.28000,
,,,00.000004360000,   3.32000,
,,,00.000004400000,   3.32000,
,,,00.000004440000,   3.32000,
,,,00.000004480000,   3.28000,
,,,00.000004520000,   3.36000,
,,,00.000004560000,   3.28000,
,,,00.000004600000,   3.36000,
,,,00.000004640000,   3.32000,
,,,00.000004680000,   3.36000,
,,,00.000004720000,   3.32000,
,,,00.000004760000,   3.32000,
,,,00.000004800000,   3.28000,
,,,00.000004840000,   3.36000,
,,,00.000004880000,   3.36000,
,,,00.000004920000,   3.40000,
,,,00.000004960000,   3.40000,
,,,00.000005000000,   3.36000,
,,,00.000005040000,   3.36000,
,,,00.000005080000,   3.36000,
,,,00.000005120000,   3.40000,
,,,00.000005160000,   3.40000,
,,,00.000005200000,   3.36000,
,,,00.000005240000,   3.36000,
,,,00.000005280000,   3.36000,
,,,00.000005320000,   3.36000,
,,,00.000005360000,   3.44000,
,,,00.000005400000,   3.40000,
,,,00.000005440000,   3.44000,
,,,00.000005480000,   3.40000,
,,,00.000005520000,   3.40000,
,,,00.000005560000,   3.44000,
,,,00.000005600000,   3.48000,
,,,00.000005640000,   3.40000,
,,,00.000005680000,   3.40000,
,,,00.000005720000,   3.44000,
,,,00.000005760000,   3.52000,
,,,00.000005800000,   3.44000,
,,,00.000005840000,   3.52000,
,,,00.000005880000,   3.48000,
,,,00.000005920000,   3.44000,
,,,00.000005960000,   3.48000,
,,,00.000006000000,   3.52000,
,,,00.000006040000,   3.48000,
,,,00.000006080000,   3.40000,
,,,00.000006120000,   3.44000,
,,,00.000006160000,   3.52000,
,,,00.000006200000,   3.52000,
,,,00.000006240000,   3.52000,
,,,00.000006280000,   3.52000,
,,,00.000006320000,   3.52000,
,,,00.000006360000,   3.52000,
,,,00.000006400000,   3.48000,
,,,00.000006440000,   3.52000,
,,,00.000006480000,   3.56000,
,,,00.000006520000,   3.44000,
,,,00.000006560000,   3.52000,
,,,00.000006600000,   3.52000,
,,,00.000006640000,   3.56000,
,,,00.000006680000,   3.56000,
,,,00.000006720000,   3.56000,
,,,00.000006760000,   3.52000,
,,,00.000006800000,   3.56000,
,,,00.000006840000,   3.52000,
,,,00.000006880000,   3.52000,
,,,00.000006920000,   3.60000,
,,,00.000006960000,   3.52000,
,,,00.000007000000,   3.64000,
,,,00.000007040000,   3.56000,
,,,00.000007080000,   3.60000,
,,,00.000007120000,   3.56000,
,,,00.000007160000,   3.56000,
,,,00.000007200000,   3.60000,
,,,00.000007240000,   3.60000,
,,,00.000007280000,   3.56000,
,,,00.000007320000,   3.64000,
,,,00.000007360000,   3.64000,
,,,00.000007400000,   3.56000,
,,,00.000007440000,   3.60000,
,,,00.000007480000,   3.64000,
,,,00.000007520000,   3.60000,
,,,00.000007560000,   3.60000,
,,,00.000007600000,   3.60000,
,,,00.000007640000,   3.60000,
,,,00.000007680000,   3.64000,
,,,00.000007720000,   3.60000,
,,,00.000007760000,   3.64000,
,,,00.000007800000,   3.60000,
,,,00.000007840000,   3.64000,
,,,00.000007880000,   3.68000,
,,,00.000007920000,   3.64000,
,,,00.000007960000,   3.68000,
,,,00.000008000000,   3.64000,
,,,00.000008040000,   3.68000,
,,,00.000008080000,   3.60000,
,,,00.000008120000,   3.64000,
,,,00.000008160000,   3.60000,
,,,00.000008200000,   3.72000,
,,,00.000008240000,   3.68000,
,,,00.000008280000,   3.68000,
,,,00.000008320000,   3.72000,
,,,00.000008360000,   3.68000,
,,,00.000008400000,   3.64000,
,,,00.000008440000,   3.64000,
,,,00.000008480000,   3.68000,
,,,00.000008520000,   3.72000,
,,,00.000008560000,   3.64000,
,,,00.000008600000,   3.72000,
,,,00.000008640000,   3.72000,
,,,00.000008680000,   3.72000,
,,,00.000008720000,   3.68000,
,,,00.000008760000,   3.68000,
,,,00.000008800000,   3.72000,
,,,00.000008840000,   3.72000,
,,,00.000008880000,   3.72000,
,,,00.000008920000,   3.68000,
,,,00.000008960000,   3.76000,
,,,00.000009000000,   3.72000,
,,,00.000009040000,   3.72000,
,,,00.000009080000,   3.76000,
,,,00.000009120000,   3.76000,
,,,00.000009160000,   3.72000,
,,,00.000009200000,   3.72000,
,,,00.000009240000,   3.76000,
,,,00.000009280000,   3.80000,
,,,00.000009320000,   3.72000,
,,,00.000009360000,   3.68000,
,,,00.000009400000,   3.72000,
,,,00.000009440000,   3.76000,
,,,00.000009480000,   3.84000,
,,,00.000009520000,   3.76000,
,,,00.000009560000,   3.76000,
,,,00.000009600000,   3.76000,
,,,00.000009640000,   3.80000,
,,,00.000009680000,   3.80000,
,,,00.000009720000,   3.76000,
,,,00.000009760000,   3.76000,
,,,00.000009800000,   3.84000,
,,,00.000009840000,   3.80000,
,,,00.000009880000,   3.80000,
,,,00.000009920000,   3.80000,
,,,00.000009960000,   3.76000,
,,,00.000010000000,   3.80000,
,,,00.000010040000,   3.76000,
,,,00.000010080000,   3.80000,
,,,00.000010120000,   3.84000,
,,,00.000010160000,   3.80000,
,,,00.000010200000,   3.88000,
,,,00.000010240000,   3.88000,
,,,00.000010280000,   3.80000,
,,,00.000010320000,   3.84000,
,,,00.000010360000,   3.84000,
,,,00.000010400000,   3.84000,
,,,00.000010440000,   3.84000,
,,,00.000010480000,   3.84000,
,,,00.000010520000,   3.84000,
,,,00.000010560000,   3.84000,
,,,00.000010600000,   3.88000,
,,,00.000010640000,   3.88000,
,,,00.000010680000,   3.84000,
,,,00.000010720000,   3.84000,
,,,00.000010760000,   3.88000,
,,,00.000010800000,   3.84000,
,,,00.000010840000,   3.88000,
,,,00.000010880000,   3.88000,
,,,00.000010920000,   3.84000,
,,,00.000010960000,   3.92000,
,,,00.000011000000,   3.88000,
,,,00.000011040000,   3.92000,
,,,00.000011080000,   3.88000,
,,,00.000011120000,   3.96000,
,,,00.000011160000,   3.88000,
,,,00.000011200000,   3.92000,
,,,00.000011240000,   3.92000,
,,,00.000011280000,   3.96000,
,,,00.000011320000,   3.96000,
,,,00.000011360000,   3.84000,
,,,00.000011400000,   3.92000,
,,,00.000011440000,   3.92000,
,,,00.000011480000,   3.84000,
,,,00.000011520000,   3.92000,
,,,00.000011560000,   3.88000,
,,,00.000011600000,   3.96000,
,,,00.000011640000,   3.92000,
,,,00.000011680000,   3.96000,
,,,00.000011720000,   3.96000,
,,,00.000011760000,   3.92000,
,,,00.000011800000,   3.96000,
,,,00.000011840000,   3.92000,
,,,00.000011880000,   3.96000,
,,,00.000011920000,   3.96000,
,,,00.000011960000,   3.92000,
,,,00.000012000000,   3.96000,
,,,00.000012040000,   4.00000,
,,,00.000012080000,   3.92000,
,,,00.000012120000,   3.88000,
,,,00.000012160000,   4.00000,
,,,00.000012200000,   4.00000,
,,,00.000012240000,   3.92000,
,,,00.000012280000,   3.92000,
,,,00.000012320000,   4.00000,
,,,00.000012360000,   3.92000,
,,,00.000012400000,   3.96000,
,,,00.000012440000,   4.00000,
,,,00.000012480000,   4.00000,
,,,00.000012520000,   4.00000,
,,,00.000012560000,   4.00000,
,,,00.000012600000,   4.00000,
,,,00.000012640000,   3.96000,
,,,00.000012680000,   3.96000,
,,,00.000012720000,   3.92000,
,,,00.000012760000,   4.00000,
,,,00.000012800000,   4.04000,
,,,00.000012840000,   4.04000,
,,,00.000012880000,   3.92000,
,,,00.000012920000,   4.00000,
,,,00.000012960000,   4.08000,
,,,00.000013000000,   4.04000,
,,,00.000013040000,   4.04000,
,,,00.000013080000,   4.00000,
,,,00.000013120000,   4.00000,
,,,00.000013160000,   4.04000,
,,,00.000013200000,   4.04000,
,,,00.000013240000,   4.08000,
,,,00.000013280000,   4.00000,
,,,00.000013320000,   3.96000,
,,,00.000013360000,   4.00000,
,,,00.000013400000,   4.00000,
,,,00.000013440000,   4.04000,
,,,00.000013480000,   4.00000,
,,,00.000013520000,   4.04000,
,,,00.000013560000,   4.04000,
,,,00.000013600000,   4.08000,
,,,00.000013640000,   4.04000,
,,,00.000013680000,   4.04000,
,,,00.000013720000,   4.00000,
,,,00.000013760000,   4.12000,
,,,00.000013800000,   4.04000,
,,,00.000013840000,   4.04000,
,,,00.000013880000,   4.08000,
,,,00.000013920000,   4.08000,
,,,00.000013960000,   4.08000,
,,,00.000014000000,   4.08000,
,,,00.000014040000,   4.04000,
,,,00.000014080000,   4.16000,
,,,00.000014120000,   4.04000,
,,,00.000014160000,   4.08000,
,,,00.000014200000,   4.12000,
,,,00.000014240000,   4.08000,
,,,00.000014280000,   4.12000,
,,,00.000014320000,   4.12000,
,,,00.000014360000,   4.08000,
,,,00.000014400000,   4.12000,
,,,00.000014440000,   4.04000,
,,,00.000014480000,   4.12000,
,,,00.000014520000,   4.08000,
,,,00.000014560000,   4.16000,
,,,00.000014600000,   4.12000,
,,,00.000014640000,   4.12000,
,,,00.000014680000,   4.08000,
,,,00.000014720000,   4.16000,
,,,00.000014760000,   4.04000,
,,,00.000014800000,   4.12000,
,,,00.000014840000,   4.12000,
,,,00.000014880000,   4.08000,
,,,00.000014920000,   4.16000,
,,,00.000014960000,   4.16000,
,,,00.000015000000,   4.16000,
,,,00.000015040000,   4.12000,
,,,00.000015080000,   4.16000,
,,,00.000015120000,   4.16000,
,,,00.000015160000,   4.16000,
,,,00.000015200000,   4.12000,
,,,00.000015240000,   4.16000,
,,,00.000015280000,   4.20000,
,,,00.000015320000,   4.12000,
,,,00.000015360000,   4.12000,
,,,00.000015400000,   4.16000,
,,,00.000015440000,   4.16000,
,,,00.000015480000,   4.16000,
,,,00.000015520000,   4.12000,
,,,00.000015560000,   4.20000,
,,,00.000015600000,   4.16000,
,,,00.000015640000,   4.20000,
,,,00.000015680000,   4.24000,
,,,00.000015720000,   4.20000,
,,,00.000015760000,   4.16000,
,,,00.000015800000,   4.12000,
,,,00.000015840000,   4.20000,
,,,00.000015880000,   4.20000,
,,,00.000015920000,   4.12000,
,,,00.000015960000,   4.16000,
,,,00.000016000000,   4.16000,
,,,00.000016040000,   4.16000,
,,,00.000016080000,   4.08000,
,,,00.000016120000,   4.24000,
,,,00.000016160000,   4.24000,
,,,00.000016200000,   4.24000,
,,,00.000016240000,   4.20000,
,,,00.000016280000,   4.20000,
,,,00.000016320000,   4.16000,
,,,00.000016360000,   4.20000,
,,,00.000016400000,   4.20000,
,,,00.000016440000,   4.28000,
,,,00.000016480000,   4.20000,
,,,00.000016520000,   4.20000,
,,,00.000016560000,   4.24000,
,,,00.000016600000,   4.24000,
,,,00.000016640000,   4.20000,
,,,00.000016680000,   4.20000,
,,,00.000016720000,   4.24000,
,,,00.000016760000,   4.24000,
,,,00.000016800000,   4.24000,
,,,00.000016840000,   4.24000,
,,,00.000016880000,   4.20000,
,,,00.000016920000,   4.20000,
,,,00.000016960000,   4.24000,
,,,00.000017000000,   4.24000,
,,,00.000017040000,   4.28000,
,,,00.000017080000,   4.24000,
,,,00.000017120000,   4.24000,
,,,00.000017160000,   4.24000,
,,,00.000017200000,   4.28000,
,,,00.000017240000,   4.24000,
,,,00.000017280000,   4.20000,
,,,00.000017320000,   4.24000,
,,,00.000017360000,   4.24000,
,,,00.000017400000,   4.24000,
,,,00.000017440000,   4.24000,
,,,00.000017480000,   4.24000,
,,,00.000017520000,   4.24000,
,,,00.000017560000,   4.24000,
,,,00.000017600000,   4.28000,
,,,00.000017640000,   4.28000,
,,,00.000017680000,   4.24000,
,,,00.000017720000,   4.28000,
,,,00.000017760000,   4.24000,
,,,00.000017800000,   4.28000,
,,,00.000017840000,   4.24000,
,,,00.000017880000,   4.24000,
,,,00.000017920000,   4.28000,
,,,00.000017960000,   4.28000,
,,,00.000018000000,   4.28000,
,,,00.000018040000,   4.36000,
,,,00.000018080000,   4.28000,
,,,00.000018120000,   4.32000,
,,,00.000018160000,   4.28000,
,,,00.000018200000,   4.28000,
,,,00.000018240000,   4.28000,
,,,00.000018280000,   4.32000,
,,,00.000018320000,   4.32000,
,,,00.000018360000,   4.28000,
,,,00.000018400000,   4.28000,
,,,00.000018440000,   4.28000,
,,,00.000018480000,   4.32000,
,,,00.000018520000,   4.32000,
,,,00.000018560000,   4.32000,
,,,00.000018600000,   4.32000,
,,,00.000018640000,   4.28000,
,,,00.000018680000,   4.36000,
,,,00.000018720000,   4.28000,
,,,00.000018760000,   4.28000,
,,,00.000018800000,   4.36000,
,,,00.000018840000,   4.32000,
,,,00.000018880000,   4.32000,
,,,00.000018920000,   4.28000,
,,,00.000018960000,   4.36000,
,,,00.000019000000,   4.32000,
,,,00.000019040000,   4.36000,
,,,00.000019080000,   4.36000,
,,,00.000019120000,   4.32000,
,,,00.000019160000,   4.32000,
,,,00.000019200000,   4.32000,
,,,00.000019240000,   4.36000,
,,,00.000019280000,   4.32000,
,,,00.000019320000,   4.32000,
,,,00.000019360000,   4.28000,
,,,00.000019400000,   4.28000,
,,,00.000019440000,   4.36000,
,,,00.000019480000,   4.28000,
,,,00.000019520000,   4.40000,
,,,00.000019560000,   4.36000,
,,,00.000019600000,   4.36000,
,,,00.000019640000,   4.36000,
,,,00.000019680000,   4.36000,
,,,00.000019720000,   4.40000,
,,,00.000019760000,   4.40000,
,,,00.000019800000,   4.40000,
,,,00.000019840000,   4.32000,
,,,00.000019880000,   4.32000,
,,,00.000019920000,   4.36000,
,,,00.000019960000,   4.36000,
,,,00.000020000000,   4.36000,
,,,00.000020040000,   4.28000,
,,,00.000020080000,   4.36000,
,,,00.000020120000,   4.40000,
,,,00.000020160000,   4.40000,
,,,00.000020200000,   4.40000,
,,,00.000020240000,   4.40000,
,,,00.000020280000,   4.32000,
,,,00.000020320000,   4.36000,
,,,00.000020360000,   4.40000,
,,,00.000020400000,   4.44000,
,,,00.000020440000,   4.40000,
,,,00.000020480000,   4.40000,
,,,00.000020520000,   4.44000,
,,,00.000020560000,   4.40000,
,,,00.000020600000,   4.44000,
,,,00.000020640000,   4.36000,
,,,00.000020680000,   4.36000,
,,,00.000020720000,   4.40000,
,,,00.000020760000,   4.44000,
,,,00.000020800000,   4.40000,
,,,00.000020840000,   4.36000,
,,,00.000020880000,   4.40000,
,,,00.000020920000,   4.44000,
,,,00.000020960000,   4.44000,
,,,00.000021000000,   4.40000,
,,,00.000021040000,   4.44000,
,,,00.000021080000,   4.40000,
,,,00.000021120000,   4.40000,
,,,00.000021160000,   4.44000,
,,,00.000021200000,   4.40000,
,,,00.000021240000,   4.36000,
,,,00.000021280000,   4.40000,
,,,00.000021320000,   4.40000,
,,,00.000021360000,   4.44000,
,,,00.000021400000,   4.44000,
,,,00.000021440000,   4.48000,
,,,00.000021480000,   4.44000,
,,,00.000021520000,   4.44000,
,,,00.000021560000,   4.40000,
,,,00.000021600000,   4.48000,
,,,00.000021640000,   4.44000,
,,,00.000021680000,   4.44000,
,,,00.000021720000,   4.40000,
,,,00.000021760000,   4.44000,
,,,00.000021800000,   4.44000,
,,,00.000021840000,   4.44000,
,,,00.000021880000,   4.44000,
,,,00.000021920000,   4.44000,
,,,00.000021960000,   4.44000,
,,,00.000022000000,   4.48000,
,,,00.000022040000,   4.44000,
,,,00.000022080000,   4.48000,
,,,00.000022120000,   4.44000,
,,,00.000022160000,   4.40000,
,,,00.000022200000,   4.48000,
,,,00.000022240000,   4.52000,
,,,00.000022280000,   4.48000,
,,,00.000022320000,   4.48000,
,,,00.000022360000,   4.44000,
,,,00.000022400000,   4.40000,
,,,00.000022440000,   4.40000,
,,,00.000022480000,   4.44000,
,,,00.000022520000,   4.48000,
,,,00.000022560000,   4.44000,
,,,00.000022600000,   4.44000,
,,,00.000022640000,   4.52000,
,,,00.000022680000,   4.44000,
,,,00.000022720000,   4.44000,
,,,00.000022760000,   4.48000,
,,,00.000022800000,   4.48000,
,,,00.000022840000,   4.52000,
,,,00.000022880000,   4.52000,
,,,00.000022920000,   4.48000,
,,,00.000022960000,   4.48000,
,,,00.000023000000,   4.48000,
,,,00.000023040000,   4.52000,
,,,00.000023080000,   4.52000,
,,,00.000023120000,   4.48000,
,,,00.000023160000,   4.48000,
,,,00.000023200000,   4.52000,
,,,00.000023240000,   4.48000,
,,,00.000023280000,   4.48000,
,,,00.000023320000,   4.48000,
,,,00.000023360000,   4.48000,
,,,00.000023400000,   4.48000,
,,,00.000023440000,   4.48000,
,,,00.000023480000,   4.52000,
,,,00.000023520000,   4.48000,
,,,00.000023560000,   4.52000,
,,,00.000023600000,   4.56000,
,,,00.000023640000,   4.52000,
,,,00.000023680000,   4.52000,
,,,00.000023720000,   4.52000,
,,,00.000023760000,   4.52000,
,,,00.000023800000,   4.56000,
,,,00.000023840000,   4.52000,
,,,00.000023880000,   4.52000,
,,,00.000023920000,   4.52000,
,,,00.000023960000,   4.52000,
,,,00.000024000000,   4.44000,
,,,00.000024040000,   4.56000,
,,,00.000024080000,   4.52000,
,,,00.000024120000,   4.52000,
,,,00.000024160000,   4.56000,
,,,00.000024200000,   4.56000,
,,,00.000024240000,   4.56000,
,,,00.000024280000,   4.52000,
,,,00.000024320000,   4.52000,
,,,00.000024360000,   4.56000,
,,,00.000024400000,   4.48000,
,,,00.000024440000,   4.52000,
,,,00.000024480000,   4.56000,
,,,00.000024520000,   4.52000,
,,,00.000024560000,   4.48000,
,,,00.000024600000,   4.48000,
,,,00.000024640000,   4.52000,
,,,00.000024680000,   4.52000,
,,,00.000024720000,   4.56000,
,,,00.000024760000,   4.56000,
,,,00.000024800000,   4.52000,
,,,00.000024840000,   4.56000,
,,,00.000024880000,   4.52000,
,,,00.000024920000,   4.56000,
,,,00.000024960000,   4.56000,
,,,00.000025000000,   4.56000,
,,,00.000025040000,   4.52000,
,,,00.000025080000,   4.52000,
,,,00.000025120000,   4.56000,
,,,00.000025160000,   4.56000,
,,,00.000025200000,   4.52000,
,,,00.000025240000,   4.56000,
,,,00.000025280000,   4.52000,
,,,00.000025320000,   4.52000,
,,,00.000025360000,   4.56000,
,,,00.000025400000,   4.56000,
,,,00.000025440000,   4.56000,
,,,00.000025480000,   4.60000,
,,,00.000025520000,   4.56000,
,,,00.000025560000,   4.56000,
,,,00.000025600000,   4.56000,
,,,00.000025640000,   4.56000,
,,,00.000025680000,   4.56000,
,,,00.000025720000,   4.56000,
,,,00.000025760000,   4.56000,
,,,00.000025800000,   4.52000,
,,,00.000025840000,   4.60000,
,,,00.000025880000,   4.56000,
,,,00.000025920000,   4.52000,
,,,00.000025960000,   4.64000,
,,,00.000026000000,   4.56000,
,,,00.000026040000,   4.56000,
,,,00.000026080000,   4.56000,
,,,00.000026120000,   4.56000,
,,,00.000026160000,   4.56000,
,,,00.000026200000,   4.60000,
,,,00.000026240000,   4.64000,
,,,00.000026280000,   4.60000,
,,,00.000026320000,   4.60000,
,,,00.000026360000,   4.60000,
,,,00.000026400000,   4.60000,
,,,00.000026440000,   4.60000,
,,,00.000026480000,   4.56000,
,,,00.000026520000,   4.56000,
,,,00.000026560000,   4.60000,
,,,00.000026600000,   4.56000,
,,,00.000026640000,   4.52000,
,,,00.000026680000,   4.56000,
,,,00.000026720000,   4.64000,
,,,00.000026760000,   4.60000,
,,,00.000026800000,   4.64000,
,,,00.000026840000,   4.60000,
,,,00.000026880000,   4.64000,
,,,00.000026920000,   4.60000,
,,,00.000026960000,   4.60000,
,,,00.000027000000,   4.64000,
,,,00.000027040000,   4.60000,
,,,00.000027080000,   4.60000,
,,,00.000027120000,   4.64000,
,,,00.000027160000,   4.64000,
,,,00.000027200000,   4.56000,
,,,00.000027240000,   4.64000,
,,,00.000027280000,   4.60000,
,,,00.000027320000,   4.64000,
,,,00.000027360000,   4.64000,
,,,00.000027400000,   4.56000,
,,,00.000027440000,   4.64000,
,,,00.000027480000,   4.68000,
,,,00.000027520000,   4.64000,
,,,00.000027560000,   4.68000,
,,,00.000027600000,   4.60000,
,,,00.000027640000,   4.60000,
,,,00.000027680000,   4.64000,
,,,00.000027720000,   4.64000,
,,,00.000027760000,   4.64000,
,,,00.000027800000,   4.60000,
,,,00.000027840000,   4.64000,
,,,00.000027880000,   4.64000,
,,,00.000027920000,   4.64000,
,,,00.000027960000,   4.56000,
,,,00.000028000000,   4.72000,
,,,00.000028040000,   4.68000,
,,,00.000028080000,   4.64000,
,,,00.000028120000,   4.64000,
,,,00.000028160000,   4.60000,
,,,00.000028200000,   4.60000,
,,,00.000028240000,   4.64000,
,,,00.000028280000,   4.64000,
,,,00.000028320000,   4.64000,
,,,00.000028360000,   4.68000,
,,,00.000028400000,   4.60000,
,,,00.000028440000,   4.68000,
,,,00.000028480000,   4.64000,
,,,00.000028520000,   4.64000,
,,,00.000028560000,   4.64000,
,,,00.000028600000,   4.64000,
,,,00.000028640000,   4.68000,
,,,00.000028680000,   4.72000,
,,,00.000028720000,   4.60000,
,,,00.000028760000,   4.64000,
,,,00.000028800000,   4.68000,
,,,00.000028840000,   4.64000,
,,,00.000028880000,   4.68000,
,,,00.000028920000,   4.68000,
,,,00.000028960000,   4.64000,
,,,00.000029000000,   4.64000,
,,,00.000029040000,   4.64000,
,,,00.000029080000,   4.68000,
,,,00.000029120000,   4.68000,
,,,00.000029160000,   4.68000,
,,,00.000029200000,   4.64000,
,,,00.000029240000,   4.64000,
,,,00.000029280000,   4.60000,
,,,00.000029320000,   4.64000,
,,,00.000029360000,   4.68000,
,,,00.000029400000,   4.60000,
,,,00.000029440000,   4.68000,
,,,00.000029480000,   4.64000,
,,,00.000029520000,   4.64000,
,,,00.000029560000,   4.64000,
,,,00.000029600000,   4.68000,
,,,00.000029640000,   4.68000,
,,,00.000029680000,   4.64000,
,,,00.000029720000,   4.68000,
,,,00.000029760000,   4.72000,
,,,00.000029800000,   4.68000,
,,,00.000029840000,   4.64000,
,,,00.000029880000,   4.64000,
,,,00.000029920000,   4.76000,
,,,00.000029960000,   4.68000,
,,,00.000030000000,   4.68000,
,,,00.000030040000,   4.68000,
,,,00.000030080000,   4.68000,
,,,00.000030120000,   4.72000,
,,,00.000030160000,   4.72000,
,,,00.000030200000,   4.68000,
,,,00.000030240000,   4.72000,
,,,00.000030280000,   4.68000,
,,,00.000030320000,   4.68000,
,,,00.000030360000,   4.68000,
,,,00.000030400000,   4.72000,
,,,00.000030440000,   4.64000,
,,,00.000030480000,   4.72000,
,,,00.000030520000,   4.68000,
,,,00.000030560000,   4.72000,
,,,00.000030600000,   4.64000,
,,,00.000030640000,   4.64000,
,,,00.000030680000,   4.68000,
,,,00.000030720000,   4.68000,
,,,00.000030760000,   4.68000,
,,,00.000030800000,   4.68000,
,,,00.000030840000,   4.72000,
,,,00.000030880000,   4.64000,
,,,00.000030920000,   4.68000,
,,,00.000030960000,   4.72000,
,,,00.000031000000,   4.72000,
,,,00.000031040000,   4.68000,
,,,00.000031080000,   4.72000,
,,,00.000031120000,   4.68000,
,,,00.000031160000,   4.64000,
,,,00.000031200000,   4.68000,
,,,00.000031240000,   4.72000,
,,,00.000031280000,   4.68000,
,,,00.000031320000,   4.68000,
,,,00.000031360000,   4.72000,
,,,00.000031400000,   4.72000,
,,,00.000031440000,   4.72000,
,,,00.000031480000,   4.72000,
,,,00.000031520000,   4.72000,
,,,00.000031560000,   4.72000,
,,,00.000031600000,   4.72000,
,,,00.000031640000,   4.68000,
,,,00.000031680000,   4.76000,
,,,00.000031720000,   4.76000,
,,,00.000031760000,   4.72000,
,,,00.000031800000,   4.72000,
,,,00.000031840000,   4.72000,
,,,00.000031880000,   4.76000,
,,,00.000031920000,   4.68000,
,,,00.000031960000,   4.76000,
,,,00.000032000000,   4.76000,
,,,00.000032040000,   4.68000,
,,,00.000032080000,   4.72000,
,,,00.000032120000,   4.72000,
,,,00.000032160000,   4.68000,
,,,00.000032200000,   4.68000,
,,,00.000032240000,   4.76000,
,,,00.000032280000,   4.76000,
,,,00.000032320000,   4.72000,
,,,00.000032360000,   4.72000,
,,,00.000032400000,   4.72000,
,,,00.000032440000,   4.76000,
,,,00.000032480000,   4.68000,
,,,00.000032520000,   4.68000,
,,,00.000032560000,   4.68000,
,,,00.000032600000,   4.76000,
,,,00.000032640000,   4.80000,
,,,00.000032680000,   4.72000,
,,,00.000032720000,   4.72000,
,,,00.000032760000,   4.72000,
,,,00.000032800000,   4.72000,
,,,00.000032840000,   4.76000,
,,,00.000032880000,   4.76000,
,,,00.000032920000,   4.72000,
,,,00.000032960000,   4.72000,
,,,00.000033000000,   4.76000,
,,,00.000033040000,   4.72000,
,,,00.000033080000,   4.72000,
,,,00.000033120000,   4.72000,
,,,00.000033160000,   4.76000,
,,,00.000033200000,   4.72000,
,,,00.000033240000,   4.72000,
,,,00.000033280000,   4.72000,
,,,00.000033320000,   4.72000,
,,,00.000033360000,   4.76000,
,,,00.000033400000,   4.80000,
,,,00.000033440000,   4.76000,
,,,00.000033480000,   4.80000,
,,,00.000033520000,   4.72000,
,,,00.000033560000,   4.76000,
,,,00.000033600000,   4.80000,
,,,00.000033640000,   4.72000,
,,,00.000033680000,   4.76000,
,,,00.000033720000,   4.76000,
,,,00.000033760000,   4.80000,
,,,00.000033800000,   4.76000,
,,,00.000033840000,   4.76000,
,,,00.000033880000,   4.80000,
,,,00.000033920000,   4.72000,
,,,00.000033960000,   4.80000,
,,,00.000034000000,   4.76000,
,,,00.000034040000,   4.80000,
,,,00.000034080000,   4.76000,
,,,00.000034120000,   4.80000,
,,,00.000034160000,   4.72000,
,,,00.000034200000,   4.80000,
,,,00.000034240000,   4.72000,
,,,00.000034280000,   4.76000,
,,,00.000034320000,   4.76000,
,,,00.000034360000,   4.80000,
,,,00.000034400000,   4.76000,
,,,00.000034440000,   4.76000,
,,,00.000034480000,   4.72000,
,,,00.000034520000,   4.80000,
,,,00.000034560000,   4.72000,
,,,00.000034600000,   4.80000,
,,,00.000034640000,   4.80000,
,,,00.000034680000,   4.72000,
,,,00.000034720000,   4.80000,
,,,00.000034760000,   4.76000,
,,,00.000034800000,   4.80000,
,,,00.000034840000,   4.76000,
,,,00.000034880000,   4.76000,
,,,00.000034920000,   4.84000,
,,,00.000034960000,   4.76000,
,,,00.000035000000,   4.80000,
,,,00.000035040000,   4.80000,
,,,00.000035080000,   4.76000,
,,,00.000035120000,   4.76000,
,,,00.000035160000,   4.76000,
,,,00.000035200000,   4.76000,
,,,00.000035240000,   4.76000,
,,,00.000035280000,   4.72000,
,,,00.000035320000,   4.76000,
,,,00.000035360000,   4.80000,
,,,00.000035400000,   4.76000,
,,,00.000035440000,   4.80000,
,,,00.000035480000,   4.84000,
,,,00.000035520000,   4.76000,
,,,00.000035560000,   4.80000,
,,,00.000035600000,   4.80000,
,,,00.000035640000,   4.76000,
,,,00.000035680000,   4.84000,
,,,00.000035720000,   4.76000,
,,,00.000035760000,   4.80000,
,,,00.000035800000,   4.76000,
,,,00.000035840000,   4.76000,
,,,00.000035880000,   4.72000,
,,,00.000035920000,   4.84000,
,,,00.000035960000,   4.80000,
,,,00.000036000000,   4.84000,
,,,00.000036040000,   4.80000,
,,,00.000036080000,   4.84000,
,,,00.000036120000,   4.76000,
,,,00.000036160000,   4.76000,
,,,00.000036200000,   4.84000,
,,,00.000036240000,   4.80000,
,,,00.000036280000,   4.80000,
,,,00.000036320000,   4.84000,
,,,00.000036360000,   4.84000,
,,,00.000036400000,   4.80000,
,,,00.000036440000,   4.80000,
,,,00.000036480000,   4.76000,
,,,00.000036520000,   4.76000,
,,,00.000036560000,   4.80000,
,,,00.000036600000,   4.84000,
,,,00.000036640000,   4.76000,
,,,00.000036680000,   4.76000,
,,,00.000036720000,   4.84000,
,,,00.000036760000,   4.80000,
,,,00.000036800000,   4.88000,
,,,00.000036840000,   4.84000,
,,,00.000036880000,   4.76000,
,,,00.000036920000,   4.76000,
,,,00.000036960000,   4.80000,
,,,00.000037000000,   4.84000,
,,,00.000037040000,   4.80000,
,,,00.000037080000,   4.80000,
,,,00.000037120000,   4.84000,
,,,00.000037160000,   4.84000,
,,,00.000037200000,   4.80000,
,,,00.000037240000,   4.80000,
,,,00.000037280000,   4.80000,
,,,00.000037320000,   4.80000,
,,,00.000037360000,   4.84000,
,,,00.000037400000,   4.80000,
,,,00.000037440000,   4.84000,
,,,00.000037480000,   4.80000,
,,,00.000037520000,   4.80000,
,,,00.000037560000,   4.84000,
,,,00.000037600000,   4.84000,
,,,00.000037640000,   4.84000,
,,,00.000037680000,   4.84000,
,,,00.000037720000,   4.84000,
,,,00.000037760000,   4.84000,
,,,00.000037800000,   4.80000,
,,,00.000037840000,   4.88000,
,,,00.000037880000,   4.84000,
,,,00.000037920000,   4.84000,
,,,00.000037960000,   4.80000,
,,,00.000038000000,   4.84000,
,,,00.000038040000,   4.84000,
,,,00.000038080000,   4.84000,
,,,00.000038120000,   4.84000,
,,,00.000038160000,   4.84000,
,,,00.000038200000,   4.80000,
,,,00.000038240000,   4.80000,
,,,00.000038280000,   4.80000,
,,,00.000038320000,   4.84000,
,,,00.000038360000,   4.84000,
,,,00.000038400000,   4.84000,
,,,00.000038440000,   4.76000,
,,,00.000038480000,   4.84000,
,,,00.000038520000,   4.76000,
,,,00.000038560000,   4.84000,
,,,00.000038600000,   4.88000,
,,,00.000038640000,   4.76000,
,,,00.000038680000,   4.84000,
,,,00.000038720000,   4.84000,
,,,00.000038760000,   4.84000,
,,,00.000038800000,   4.80000,
,,,00.000038840000,   4.80000,
,,,00.000038880000,   4.84000,
,,,00.000038920000,   4.88000,
,,,00.000038960000,   4.80000,
,,,00.000039000000,   4.84000,
,,,00.000039040000,   4.88000,
,,,00.000039080000,   4.80000,
,,,00.000039120000,   4.84000,
,,,00.000039160000,   4.84000,
,,,00.000039200000,   4.84000,
,,,00.000039240000,   4.80000,
,,,00.000039280000,   4.80000,
,,,00.000039320000,   4.88000,
,,,00.000039360000,   4.88000,
,,,00.000039400000,   4.88000,
,,,00.000039440000,   4.84000,
,,,00.000039480000,   4.80000,
,,,00.000039520000,   4.84000,
,,,00.000039560000,   4.80000,
,,,00.000039600000,   4.84000,
,,,00.000039640000,   4.84000,
,,,00.000039680000,   4.84000,
,,,00.000039720000,   4.84000,
,,,00.000039760000,   4.80000,
,,,00.000039800000,   4.84000,
,,,00.000039840000,   4.84000,
,,,00.000039880000,   4.88000,
,,,00.000039920000,   4.88000,
,,,00.000039960000,   4.84000,
,,,00.000040000000,   4.88000,
,,,00.000040040000,   4.88000,
,,,00.000040080000,   4.84000,
,,,00.000040120000,   4.88000,
,,,00.000040160000,   4.88000,
,,,00.000040200000,   4.88000,
,,,00.000040240000,   4.84000,
,,,00.000040280000,   4.84000,
,,,00.000040320000,   4.88000,
,,,00.000040360000,   4.88000,
,,,00.000040400000,   4.84000,
,,,00.000040440000,   4.84000,
,,,00.000040480000,   4.88000,
,,,00.000040520000,   4.88000,
,,,00.000040560000,   4.88000,
,,,00.000040600000,   4.88000,
,,,00.000040640000,   4.88000,
,,,00.000040680000,   4.92000,
,,,00.000040720000,   4.84000,
,,,00.000040760000,   4.92000,
,,,00.000040800000,   4.92000,
,,,00.000040840000,   4.84000,
,,,00.000040880000,   4.88000,
,,,00.000040920000,   4.84000,
,,,00.000040960000,   4.88000,
,,,00.000041000000,   4.88000,
,,,00.000041040000,   4.84000,
,,,00.000041080000,   4.84000,
,,,00.000041120000,   4.88000,
,,,00.000041160000,   4.84000,
,,,00.000041200000,   4.84000,
,,,00.000041240000,   4.88000,
,,,00.000041280000,   4.84000,
,,,00.000041320000,   4.88000,
,,,00.000041360000,   4.88000,
,,,00.000041400000,   4.92000,
,,,00.000041440000,   4.84000,
,,,00.000041480000,   4.92000,
,,,00.000041520000,   4.84000,
,,,00.000041560000,   4.80000,
,,,00.000041600000,   4.88000,
,,,00.000041640000,   4.80000,
,,,00.000041680000,   4.88000,
,,,00.000041720000,   4.88000,
,,,00.000041760000,   4.88000,
,,,00.000041800000,   4.92000,
,,,00.000041840000,   4.88000,
,,,00.000041880000,   4.92000,
,,,00.000041920000,   4.88000,
,,,00.000041960000,   4.88000,
,,,00.000042000000,   4.88000,
,,,00.000042040000,   4.88000,
,,,00.000042080000,   4.88000,
,,,00.000042120000,   4.88000,
,,,00.000042160000,   4.88000,
,,,00.000042200000,   4.84000,
,,,00.000042240000,   4.88000,
,,,00.000042280000,   4.92000,
,,,00.000042320000,   4.88000,
,,,00.000042360000,   4.88000,
,,,00.000042400000,   4.84000,
,,,00.000042440000,   4.88000,
,,,00.000042480000,   4.84000,
,,,00.000042520000,   4.88000,
,,,00.000042560000,   4.88000,
,,,00.000042600000,   4.88000,
,,,00.000042640000,   4.88000,
,,,00.000042680000,   4.88000,
,,,00.000042720000,   4.88000,
,,,00.000042760000,   4.84000,
,,,00.000042800000,   4.84000,
,,,00.000042840000,   4.92000,
,,,00.000042880000,   4.88000,
,,,00.000042920000,   4.88000,
,,,00.000042960000,   4.80000,
,,,00.000043000000,   4.92000,
,,,00.000043040000,   4.84000,
,,,00.000043080000,   4.92000,
,,,00.000043120000,   4.84000,
,,,00.000043160000,   4.88000,
,,,00.000043200000,   4.88000,
,,,00.000043240000,   4.84000,
,,,00.000043280000,   4.92000,
,,,00.000043320000,   4.92000,
,,,00.000043360000,   4.92000,
,,,00.000043400000,   4.88000,
,,,00.000043440000,   4.88000,
,,,00.000043480000,   4.92000,
,,,00.000043520000,   4.92000,
,,,00.000043560000,   4.88000,
,,,00.000043600000,   4.92000,
,,,00.000043640000,   4.88000,
,,,00.000043680000,   4.96000,
,,,00.000043720000,   4.88000,
,,,00.000043760000,   4.88000,
,,,00.000043800000,   4.84000,
,,,00.000043840000,   4.96000,
,,,00.000043880000,   4.88000,
,,,00.000043920000,   4.92000,
,,,00.000043960000,   4.92000,
,,,00.000044000000,   4.88000,
,,,00.000044040000,   4.88000,
,,,00.000044080000,   4.88000,
,,,00.000044120000,   4.92000,
,,,00.000044160000,   4.96000,
,,,00.000044200000,   4.88000,
,,,00.000044240000,   4.88000,
,,,00.000044280000,   4.88000,
,,,00.000044320000,   4.88000,
,,,00.000044360000,   4.92000,
,,,00.000044400000,   4.80000,
,,,00.000044440000,   4.88000,
,,,00.000044480000,   4.92000,
,,,00.000044520000,   4.96000,
,,,00.000044560000,   4.84000,
,,,00.000044600000,   4.92000,
,,,00.000044640000,   4.92000,
,,,00.000044680000,   4.92000,
,,,00.000044720000,   4.96000,
,,,00.000044760000,   4.92000,
,,,00.000044800000,   4.88000,
,,,00.000044840000,   4.84000,
,,,00.000044880000,   4.92000,
,,,00.000044920000,   4.88000,
,,,00.000044960000,   4.96000,
,,,00.000045000000,   4.88000,
,,,00.000045040000,   4.88000,
,,,00.000045080000,   4.88000,
,,,00.000045120000,   4.84000,
,,,00.000045160000,   4.92000,
,,,00.000045200000,   4.88000,
,,,00.000045240000,   4.88000,
,,,00.000045280000,   4.96000,
,,,00.000045320000,   4.92000,
,,,00.000045360000,   4.96000,
,,,00.000045400000,   4.88000,
,,,00.000045440000,   4.92000,
,,,00.000045480000,   4.92000,
,,,00.000045520000,   4.88000,
,,,00.000045560000,   4.88000,
,,,00.000045600000,   4.92000,
,,,00.000045640000,   4.96000,
,,,00.000045680000,   4.92000,
,,,00.000045720000,   4.88000,
,,,00.000045760000,   4.96000,
,,,00.000045800000,   4.88000,
,,,00.000045840000,   4.92000,
,,,00.000045880000,   4.96000,
,,,00.000045920000,   4.92000,
,,,00.000045960000,   4.88000,
,,,00.000046000000,   4.96000,
,,,00.000046040000,   4.88000,
,,,00.000046080000,   4.88000,
,,,00.000046120000,   4.88000,
,,,00.000046160000,   4.88000,
,,,00.000046200000,   4.88000,
,,,00.000046240000,   4.92000,
,,,00.000046280000,   4.92000,
,,,00.000046320000,   4.92000,
,,,00.000046360000,   4.88000,
,,,00.000046400000,   4.92000,
,,,00.000046440000,   4.84000,
,,,00.000046480000,   4.92000,
,,,00.000046520000,   4.92000,
,,,00.000046560000,   4.88000,
,,,00.000046600000,   4.92000,
,,,00.000046640000,   4.96000,
,,,00.000046680000,   4.92000,
,,,00.000046720000,   4.88000,
,,,00.000046760000,   4.92000,
,,,00.000046800000,   4.92000,
,,,00.000046840000,   4.92000,
,,,00.000046880000,   4.96000,
,,,00.000046920000,   4.88000,
,,,00.000046960000,   4.96000,
,,,00.000047000000,   4.88000,
,,,00.000047040000,   4.96000,
,,,00.000047080000,   4.84000,
,,,00.000047120000,   4.88000,
,,,00.000047160000,   4.96000,
,,,00.000047200000,   4.88000,
,,,00.000047240000,   4.96000,
,,,00.000047280000,   4.92000,
,,,00.000047320000,   4.92000,
,,,00.000047360000,   4.92000,
,,,00.000047400000,   4.92000,
,,,00.000047440000,   4.92000,
,,,00.000047480000,   5.00000,
,,,00.000047520000,   4.88000,
,,,00.000047560000,   5.00000,
,,,00.000047600000,   4.88000,
,,,00.000047640000,   4.92000,
,,,00.000047680000,   4.88000,
,,,00.000047720000,   4.92000,
,,,00.000047760000,   4.88000,
,,,00.000047800000,   4.92000,
,,,00.000047840000,   4.96000,
,,,00.000047880000,   4.96000,
,,,00.000047920000,   4.96000,
,,,00.000047960000,   4.92000,
,,,00.000048000000,   4.92000,
,,,00.000048040000,   4.92000,
,,,00.000048080000,   4.96000,
,,,00.000048120000,   4.96000,
,,,00.000048160000,   4.96000,
,,,00.000048200000,   4.96000,
,,,00.000048240000,   4.96000,
,,,00.000048280000,   4.96000,
,,,00.000048320000,   4.92000,
,,,00.000048360000,   4.92000,
,,,00.000048400000,   4.92000,
,,,00.000048440000,   4.96000,
,,,00.000048480000,   4.96000,
,,,00.000048520000,   4.92000,
,,,00.000048560000,   4.92000,
,,,00.000048600000,   4.96000,
,,,00.000048640000,   4.92000,
,,,00.000048680000,   5.00000,
,,,00.000048720000,   5.00000,
,,,00.000048760000,   4.96000,
,,,00.000048800000,   4.96000,
,,,00.000048840000,   4.92000,
,,,00.000048880000,   5.00000,
,,,00.000048920000,   4.96000,
,,,00.000048960000,   4.92000,
,,,00.000049000000,   4.96000,
,,,00.000049040000,   4.92000,
,,,00.000049080000,   4.92000,
,,,00.000049120000,   4.92000,
,,,00.000049160000,   4.96000,
,,,00.000049200000,   4.92000,
,,,00.000049240000,   4.96000,
,,,00.000049280000,   4.92000,
,,,00.000049320000,   4.96000,
,,,00.000049360000,   4.92000,
,,,00.000049400000,   4.96000,
,,,00.000049440000,   4.92000,
,,,00.000049480000,   4.96000,
,,,00.000049520000,   4.96000,
,,,00.000049560000,   4.92000,
,,,00.000049600000,   4.96000,
,,,00.000049640000,   4.92000,
,,,00.000049680000,   4.96000,
,,,00.000049720000,   4.96000,
,,,00.000049760000,   4.96000,
,,,00.000049800000,   4.96000,
,,,00.000049840000,   4.92000,
,,,00.000049880000,   4.96000,
,,,00.000049920000,   4.96000,
,,,00.000049960000,   4.96000,
,,,00.000050000000,   4.96000,
,,,00.000050040000,   5.00000,
,,,00.000050080000,   4.96000,
,,,00.000050120000,   4.96000,
,,,00.000050160000,   4.96000,
,,,00.000050200000,   4.96000,
,,,00.000050240000,   4.96000,
,,,00.000050280000,   4.96000,
,,,00.000050320000,   4.92000,
,,,00.000050360000,   4.96000,
,,,00.000050400000,   4.92000,
,,,00.000050440000,   4.96000,
,,,00.000050480000,   4.96000,
,,,00.000050520000,   4.92000,
,,,00.000050560000,   4.96000,
,,,00.000050600000,   5.00000,
,,,00.000050640000,   4.96000,
,,,00.000050680000,   4.92000,
,,,00.000050720000,   4.92000,
,,,00.000050760000,   5.00000,
,,,00.000050800000,   4.96000,
,,,00.000050840000,   4.96000,
,,,00.000050880000,   4.92000,
,,,00.000050920000,   4.96000,
,,,00.000050960000,   4.92000,
,,,00.000051000000,   4.92000,
,,,00.000051040000,   4.96000,
,,,00.000051080000,   4.92000,
,,,00.000051120000,   4.96000,
,,,00.000051160000,   4.92000,
,,,00.000051200000,   4.96000,
,,,00.000051240000,   5.00000,
,,,00.000051280000,   4.96000,
,,,00.000051320000,   4.96000,
,,,00.000051360000,   4.96000,
,,,00.000051400000,   4.96000,
,,,00.000051440000,   5.00000,
,,,00.000051480000,   4.96000,
,,,00.000051520000,   4.96000,
,,,00.000051560000,   4.96000,
,,,00.000051600000,   4.96000,
,,,00.000051640000,   4.96000,
,,,00.000051680000,   4.96000,
,,,00.000051720000,   4.88000,
,,,00.000051760000,   4.96000,
,,,00.000051800000,   5.04000,
,,,00.000051840000,   4.96000,
,,,00.000051880000,   4.96000,
,,,00.000051920000,   5.00000,
,,,00.000051960000,   4.96000,
,,,00.000052000000,   4.96000,
,,,00.000052040000,   5.00000,
,,,00.000052080000,   4.96000,
,,,00.000052120000,   4.92000,
,,,00.000052160000,   4.96000,
,,,00.000052200000,   4.92000,
,,,00.000052240000,   4.96000,
,,,00.000052280000,   4.96000,
,,,00.000052320000,   4.96000,
,,,00.000052360000,   4.96000,
,,,00.000052400000,   5.00000,
,,,00.000052440000,   5.04000,
,,,00.000052480000,   4.92000,
,,,00.000052520000,   4.92000,
,,,00.000052560000,   4.96000,
,,,00.000052600000,   4.96000,
,,,00.000052640000,   5.00000,
,,,00.000052680000,   4.96000,
,,,00.000052720000,   4.92000,
,,,00.000052760000,   4.92000,
,,,00.000052800000,   5.00000,
,,,00.000052840000,   5.00000,
,,,00.000052880000,   4.96000,
,,,00.000052920000,   4.92000,
,,,00.000052960000,   4.92000,
,,,00.000053000000,   4.92000,
,,,00.000053040000,   4.96000,
,,,00.000053080000,   4.96000,
,,,00.000053120000,   4.96000,
,,,00.000053160000,   4.96000,
,,,00.000053200000,   5.00000,
,,,00.000053240000,   4.96000,
,,,00.000053280000,   5.00000,
,,,00.000053320000,   4.92000,
,,,00.000053360000,   5.00000,
,,,00.000053400000,   4.96000,
,,,00.000053440000,   5.00000,
,,,00.000053480000,   4.96000,
,,,00.000053520000,   4.96000,
,,,00.000053560000,   4.96000,
,,,00.000053600000,   4.96000,
,,,00.000053640000,   4.96000,
,,,00.000053680000,   5.00000,
,,,00.000053720000,   5.00000,
,,,00.000053760000,   4.92000,
,,,00.000053800000,   5.00000,
,,,00.000053840000,   4.96000,
,,,00.000053880000,   5.00000,
,,,00.000053920000,   5.04000,
,,,00.000053960000,   5.00000,
,,,00.000054000000,   4.96000,
,,,00.000054040000,   4.96000,
,,,00.000054080000,   4.96000,
,,,00.000054120000,   4.96000,
,,,00.000054160000,   4.96000,
,,,00.000054200000,   5.00000,
,,,00.000054240000,   5.00000,
,,,00.000054280000,   4.96000,
,,,00.000054320000,   4.96000,
,,,00.000054360000,   4.92000,
,,,00.000054400000,   4.96000,
,,,00.000054440000,   5.04000,
,,,00.000054480000,   4.96000,
,,,00.000054520000,   5.00000,
,,,00.000054560000,   4.96000,
,,,00.000054600000,   5.00000,
,,,00.000054640000,   4.96000,
,,,00.000054680000,   4.96000,
,,,00.000054720000,   5.00000,
,,,00.000054760000,   5.00000,
,,,00.000054800000,   4.96000,
,,,00.000054840000,   4.96000,
,,,00.000054880000,   5.00000,
,,,00.000054920000,   4.96000,
,,,00.000054960000,   5.00000,
,,,00.000055000000,   5.00000,
,,,00.000055040000,   4.96000,
,,,00.000055080000,   4.96000,
,,,00.000055120000,   4.96000,
,,,00.000055160000,   5.04000,
,,,00.000055200000,   5.00000,
,,,00.000055240000,   5.00000,
,,,00.000055280000,   4.96000,
,,,00.000055320000,   4.96000,
,,,00.000055360000,   4.96000,
,,,00.000055400000,   5.00000,
,,,00.000055440000,   4.96000,
,,,00.000055480000,   5.00000,
,,,00.000055520000,   5.00000,
,,,00.000055560000,   5.00000,
,,,00.000055600000,   4.96000,
,,,00.000055640000,   5.00000,
,,,00.000055680000,   4.92000,
,,,00.000055720000,   5.00000,
,,,00.000055760000,   5.08000,
,,,00.000055800000,   5.00000,
,,,00.000055840000,   5.04000,
,,,00.000055880000,   5.04000,
,,,00.000055920000,   4.96000,
,,,00.000055960000,   4.92000,
,,,00.000056000000,   5.00000,
,,,00.000056040000,   5.00000,
,,,00.000056080000,   5.00000,
,,,00.000056120000,   5.00000,
,,,00.000056160000,   5.00000,
,,,00.000056200000,   5.00000,
,,,00.000056240000,   5.00000,
,,,00.000056280000,   4.92000,
,,,00.000056320000,   4.96000,
,,,00.000056360000,   4.96000,
,,,00.000056400000,   5.04000,
,,,00.000056440000,   5.00000,
,,,00.000056480000,   4.92000,
,,,00.000056520000,   5.00000,
,,,00.000056560000,   4.96000,
,,,00.000056600000,   5.04000,
,,,00.000056640000,   5.04000,
,,,00.000056680000,   5.00000,
,,,00.000056720000,   4.96000,
,,,00.000056760000,   4.92000,
,,,00.000056800000,   5.00000,
,,,00.000056840000,   5.00000,
,,,00.000056880000,   4.96000,
,,,00.000056920000,   4.96000,
,,,00.000056960000,   5.00000,
,,,00.000057000000,   5.00000,
,,,00.000057040000,   4.96000,
,,,00.000057080000,   5.00000,
,,,00.000057120000,   4.96000,
,,,00.000057160000,   5.04000,
,,,00.000057200000,   4.96000,
,,,00.000057240000,   5.04000,
,,,00.000057280000,   4.96000,
,,,00.000057320000,   5.00000,
,,,00.000057360000,   5.04000,
,,,00.000057400000,   4.96000,
,,,00.000057440000,   5.00000,
,,,00.000057480000,   4.96000,
,,,00.000057520000,   5.00000,
,,,00.000057560000,   5.00000,
,,,00.000057600000,   5.04000,
,,,00.000057640000,   5.04000,
,,,00.000057680000,   5.00000,
,,,00.000057720000,   4.96000,
,,,00.000057760000,   5.00000,
,,,00.000057800000,   5.00000,
,,,00.000057840000,   5.00000,
,,,00.000057880000,   5.04000,
,,,00.000057920000,   5.00000,
,,,00.000057960000,   5.00000,
,,,00.000058000000,   4.92000,
,,,00.000058040000,   4.96000,
,,,00.000058080000,   4.96000,
,,,00.000058120000,   5.00000,
,,,00.000058160000,   5.00000,
,,,00.000058200000,   5.00000,
,,,00.000058240000,   4.96000,
,,,00.000058280000,   5.00000,
,,,00.000058320000,   4.96000,
,,,00.000058360000,   4.96000,
,,,00.000058400000,   5.00000,
,,,00.000058440000,   4.96000,
,,,00.000058480000,   4.96000,
,,,00.000058520000,   5.00000,
,,,00.000058560000,   5.00000,
,,,00.000058600000,   4.96000,
,,,00.000058640000,   5.00000,
,,,00.000058680000,   5.04000,
,,,00.000058720000,   5.00000,
,,,00.000058760000,   5.00000,
,,,00.000058800000,   5.00000,
,,,00.000058840000,   4.96000,
,,,00.000058880000,   5.00000,
,,,00.000058920000,   5.00000,
,,,00.000058960000,   5.04000,
,,,00.000059000000,   4.92000,
,,,00.000059040000,   4.96000,
,,,00.000059080000,   5.00000,
,,,00.000059120000,   5.04000,
,,,00.000059160000,   5.04000,
,,,00.000059200000,   5.00000,
,,,00.000059240000,   5.00000,
,,,00.000059280000,   5.00000,
,,,00.000059320000,   5.00000,
,,,00.000059360000,   5.00000,
,,,00.000059400000,   4.96000,
,,,00.000059440000,   5.00000,
,,,00.000059480000,   4.96000,
,,,00.000059520000,   5.00000,
,,,00.000059560000,   4.96000,
,,,00.000059600000,   5.00000,
,,,00.000059640000,   4.96000,
,,,00.000059680000,   5.00000,
,,,00.000059720000,   5.08000,
,,,00.000059760000,   4.96000,
,,,00.000059800000,   5.00000,
,,,00.000059840000,   5.00000,
,,,00.000059880000,   4.96000,
,,,00.000059920000,   4.96000,
,,,00.000059960000,   5.00000,
,,,00.000060000000,   5.00000,
,,,00.000060040000,   5.00000,
,,,00.000060080000,   5.00000,
,,,00.000060120000,   5.00000,
,,,00.000060160000,   5.00000,
,,,00.000060200000,   4.96000,
,,,00.000060240000,   4.96000,
,,,00.000060280000,   5.00000,
,,,00.000060320000,   5.00000,
,,,00.000060360000,   5.04000,
,,,00.000060400000,   5.04000,
,,,00.000060440000,   5.00000,
,,,00.000060480000,   5.00000,
,,,00.000060520000,   5.04000,
,,,00.000060560000,   5.08000,
,,,00.000060600000,   5.04000,
,,,00.000060640000,   5.00000,
,,,00.000060680000,   4.96000,
,,,00.000060720000,   5.04000,
,,,00.000060760000,   5.04000,
,,,00.000060800000,   5.00000,
,,,00.000060840000,   4.96000,
,,,00.000060880000,   5.04000,
,,,00.000060920000,   5.04000,
,,,00.000060960000,   4.96000,
,,,00.000061000000,   4.96000,
,,,00.000061040000,   5.04000,
,,,00.000061080000,   5.00000,
,,,00.000061120000,   5.08000,
,,,00.000061160000,   5.00000,
,,,00.000061200000,   5.04000,
,,,00.000061240000,   5.00000,
,,,00.000061280000,   5.04000,
,,,00.000061320000,   5.00000,
,,,00.000061360000,   5.00000,
,,,00.000061400000,   5.04000,
,,,00.000061440000,   5.00000,
,,,00.000061480000,   5.00000,
,,,00.000061520000,   5.00000,
,,,00.000061560000,   5.00000,
,,,00.000061600000,   5.04000,
,,,00.000061640000,   5.04000,
,,,00.000061680000,   5.04000,
,,,00.000061720000,   5.00000,
,,,00.000061760000,   5.04000,
,,,00.000061800000,   5.00000,
,,,00.000061840000,   5.04000,
,,,00.000061880000,   5.04000,
,,,00.000061920000,   5.00000,
,,,00.000061960000,   5.00000,
,,,00.000062000000,   4.96000,
,,,00.000062040000,   5.00000,
,,,00.000062080000,   5.04000,
,,,00.000062120000,   5.00000,
,,,00.000062160000,   5.00000,
,,,00.000062200000,   5.00000,
,,,00.000062240000,   5.04000,
,,,00.000062280000,   5.00000,
,,,00.000062320000,   5.04000,
,,,00.000062360000,   5.08000,
,,,00.000062400000,   4.96000,
,,,00.000062440000,   5.00000,
,,,00.000062480000,   5.00000,
,,,00.000062520000,   5.00000,
,,,00.000062560000,   4.96000,
,,,00.000062600000,   5.00000,
,,,00.000062640000,   5.00000,
,,,00.000062680000,   5.08000,
,,,00.000062720000,   5.00000,
,,,00.000062760000,   5.04000,
,,,00.000062800000,   5.00000,
,,,00.000062840000,   4.96000,
,,,00.000062880000,   5.04000,
,,,00.000062920000,   5.00000,
,,,00.000062960000,   5.04000,
,,,00.000063000000,   4.96000,
,,,00.000063040000,   5.00000,
,,,00.000063080000,   5.08000,
,,,00.000063120000,   5.00000,
,,,00.000063160000,   5.00000,
,,,00.000063200000,   5.04000,
,,,00.000063240000,   5.00000,
,,,00.000063280000,   5.04000,
,,,00.000063320000,   5.00000,
,,,00.000063360000,   5.04000,
,,,00.000063400000,   5.04000,
,,,00.000063440000,   5.00000,
,,,00.000063480000,   5.04000,
,,,00.000063520000,   5.00000,
,,,00.000063560000,   5.00000,
,,,00.000063600000,   4.96000,
,,,00.000063640000,   5.04000,
,,,00.000063680000,   5.04000,
,,,00.000063720000,   5.08000,
,,,00.000063760000,   5.04000,
,,,00.000063800000,   5.04000,
,,,00.000063840000,   4.96000,
,,,00.000063880000,   4.96000,
,,,00.000063920000,   5.04000,
,,,00.000063960000,   5.00000,
,,,00.000064000000,   5.00000,
,,,00.000064040000,   5.00000,
,,,00.000064080000,   5.04000,
,,,00.000064120000,   5.00000,
,,,00.000064160000,   5.04000,
,,,00.000064200000,   4.96000,
,,,00.000064240000,   4.96000,
,,,00.000064280000,   5.00000,
,,,00.000064320000,   5.08000,
,,,00.000064360000,   5.00000,
,,,00.000064400000,   4.96000,
,,,00.000064440000,   5.00000,
,,,00.000064480000,   5.00000,
,,,00.000064520000,   5.04000,
,,,00.000064560000,   5.00000,
,,,00.000064600000,   5.00000,
,,,00.000064640000,   4.96000,
,,,00.000064680000,   5.00000,
,,,00.000064720000,   5.00000,
,,,00.000064760000,   5.04000,
,,,00.000064800000,   4.96000,
,,,00.000064840000,   5.00000,
,,,00.000064880000,   5.00000,
,,,00.000064920000,   5.04000,
,,,00.000064960000,   5.00000,
,,,00.000065000000,   5.00000,
,,,00.000065040000,   5.00000,
,,,00.000065080000,   5.08000,
,,,00.000065120000,   5.00000,
,,,00.000065160000,   5.00000,
,,,00.000065200000,   5.00000,
,,,00.000065240000,   5.04000,
,,,00.000065280000,   5.00000,
,,,00.000065320000,   5.00000,
,,,00.000065360000,   5.04000,
,,,00.000065400000,   5.04000,
,,,00.000065440000,   5.00000,
,,,00.000065480000,   5.00000,
,,,00.000065520000,   5.04000,
,,,00.000065560000,   5.04000,
,,,00.000065600000,   5.08000,
,,,00.000065640000,   5.04000,
,,,00.000065680000,   5.04000,
,,,00.000065720000,   5.04000,
,,,00.000065760000,   5.00000,
,,,00.000065800000,   5.04000,
,,,00.000065840000,   5.04000,
,,,00.000065880000,   5.00000,
,,,00.000065920000,   5.00000,
,,,00.000065960000,   5.00000,
,,,00.000066000000,   5.00000,
,,,00.000066040000,   5.08000,
,,,00.000066080000,   5.04000,
,,,00.000066120000,   5.04000,
,,,00.000066160000,   4.96000,
,,,00.000066200000,   5.04000,
,,,00.000066240000,   4.96000,
,,,00.000066280000,   5.04000,
,,,00.000066320000,   5.08000,
,,,00.000066360000,   5.00000,
,,,00.000066400000,   5.04000,
,,,00.000066440000,   5.04000,
,,,00.000066480000,   5.04000,
,,,00.000066520000,   4.96000,
,,,00.000066560000,   4.96000,
,,,00.000066600000,   5.08000,
,,,00.000066640000,   5.04000,
,,,00.000066680000,   5.04000,
,,,00.000066720000,   5.00000,
,,,00.000066760000,   5.04000,
,,,00.000066800000,   5.00000,
,,,00.000066840000,   5.00000,
,,,00.000066880000,   5.04000,
,,,00.000066920000,   5.04000,
,,,00.000066960000,   5.00000,
,,,00.000067000000,   5.00000,
,,,00.000067040000,   5.04000,
,,,00.000067080000,   5.04000,
,,,00.000067120000,   5.04000,
,,,00.000067160000,   5.00000,
,,,00.000067200000,   5.00000,
,,,00.000067240000,   5.04000,
,,,00.000067280000,   5.00000,
,,,00.000067320000,   5.00000,
,,,00.000067360000,   5.08000,
,,,00.000067400000,   5.00000,
,,,00.000067440000,   5.04000,
,,,00.000067480000,   5.00000,
,,,00.000067520000,   5.04000,
,,,00.000067560000,   4.96000,
,,,00.000067600000,   5.04000,
,,,00.000067640000,   5.08000,
,,,00.000067680000,   5.04000,
,,,00.000067720000,   5.04000,
,,,00.000067760000,   5.04000,
,,,00.000067800000,   5.00000,
,,,00.000067840000,   5.00000,
,,,00.000067880000,   5.04000,
,,,00.000067920000,   5.04000,
,,,00.000067960000,   5.04000,
,,,00.000068000000,   5.04000,
,,,00.000068040000,   5.04000,
,,,00.000068080000,   5.04000,
,,,00.000068120000,   5.04000,
,,,00.000068160000,   4.96000,
,,,00.000068200000,   5.00000,
,,,00.000068240000,   5.00000,
,,,00.000068280000,   5.04000,
,,,00.000068320000,   5.04000,
,,,00.000068360000,   5.04000,
,,,00.000068400000,   5.04000,
,,,00.000068440000,   5.00000,
,,,00.000068480000,   5.04000,
,,,00.000068520000,   5.04000,
,,,00.000068560000,   5.00000,
,,,00.000068600000,   5.04000,
,,,00.000068640000,   5.08000,
,,,00.000068680000,   5.04000,
,,,00.000068720000,   5.00000,
,,,00.000068760000,   4.96000,
,,,00.000068800000,   5.04000,
,,,00.000068840000,   5.04000,
,,,00.000068880000,   5.00000,
,,,00.000068920000,   5.04000,
,,,00.000068960000,   5.04000,
,,,00.000069000000,   5.00000,
,,,00.000069040000,   5.08000,
,,,00.000069080000,   5.00000,
,,,00.000069120000,   5.04000,
,,,00.000069160000,   5.00000,
,,,00.000069200000,   5.04000,
,,,00.000069240000,   5.04000,
,,,00.000069280000,   5.04000,
,,,00.000069320000,   5.08000,
,,,00.000069360000,   5.04000,
,,,00.000069400000,   5.00000,
,,,00.000069440000,   5.00000,
,,,00.000069480000,   5.00000,
,,,00.000069520000,   5.04000,
,,,00.000069560000,   5.04000,
,,,00.000069600000,   5.04000,
,,,00.000069640000,   5.04000,
,,,00.000069680000,   5.00000,
,,,00.000069720000,   5.04000,
,,,00.000069760000,   5.08000,
,,,00.000069800000,   5.04000,
,,,00.000069840000,   5.04000,
,,,00.000069880000,   5.00000,
,,,00.000069920000,   5.00000,
,,,00.000069960000,   5.00000,
,,,00.000070000000,   5.04000,
,,,00.000070040000,   5.04000,
,,,00.000070080000,   5.00000,
,,,00.000070120000,   5.00000,
,,,00.000070160000,   5.04000,
,,,00.000070200000,   5.00000,
,,,00.000070240000,   5.00000,
,,,00.000070280000,   5.04000,
,,,00.000070320000,   4.96000,
,,,00.000070360000,   5.04000,
,,,00.000070400000,   5.04000,
,,,00.000070440000,   5.04000,
,,,00.000070480000,   5.00000,
,,,00.000070520000,   5.00000,
,,,00.000070560000,   5.08000,
,,,00.000070600000,   5.00000,
,,,00.000070640000,   5.04000,
,,,00.000070680000,   5.04000,
,,,00.000070720000,   5.04000,
,,,00.000070760000,   4.96000,
,,,00.000070800000,   5.00000,
,,,00.000070840000,   5.08000,
,,,00.000070880000,   5.04000,
,,,00.000070920000,   5.00000,
,,,00.000070960000,   4.96000,
,,,00.000071000000,   5.08000,
,,,00.000071040000,   5.04000,
,,,00.000071080000,   5.04000,
,,,00.000071120000,   5.00000,
,,,00.000071160000,   5.00000,
,,,00.000071200000,   5.04000,
,,,00.000071240000,   5.04000,
,,,00.000071280000,   5.04000,
,,,00.000071320000,   5.04000,
,,,00.000071360000,   5.00000,
,,,00.000071400000,   5.04000,
,,,00.000071440000,   5.04000,
,,,00.000071480000,   5.04000,
,,,00.000071520000,   4.96000,
,,,00.000071560000,   5.04000,
,,,00.000071600000,   5.08000,
,,,00.000071640000,   5.00000,
,,,00.000071680000,   5.08000,
,,,00.000071720000,   5.08000,
,,,00.000071760000,   5.00000,
,,,00.000071800000,   4.96000,
,,,00.000071840000,   5.04000,
,,,00.000071880000,   5.04000,
,,,00.000071920000,   5.04000,
,,,00.000071960000,   5.04000,
,,,00.000072000000,   5.04000,
,,,00.000072040000,   5.04000,
,,,00.000072080000,   5.04000,
,,,00.000072120000,   4.96000,
,,,00.000072160000,   5.00000,
,,,00.000072200000,   5.04000,
,,,00.000072240000,   5.04000,
,,,00.000072280000,   5.00000,
,,,00.000072320000,   5.00000,
,,,00.000072360000,   5.00000,
,,,00.000072400000,   5.00000,
,,,00.000072440000,   5.08000,
,,,00.000072480000,   5.04000,
,,,00.000072520000,   5.00000,
,,,00.000072560000,   5.00000,
,,,00.000072600000,   5.04000,
,,,00.000072640000,   5.04000,
,,,00.000072680000,   5.08000,
,,,00.000072720000,   5.00000,
,,,00.000072760000,   5.00000,
,,,00.000072800000,   5.04000,
,,,00.000072840000,   5.00000,
,,,00.000072880000,   5.00000,
,,,00.000072920000,   5.04000,
,,,00.000072960000,   5.00000,
,,,00.000073000000,   5.12000,
,,,00.000073040000,   5.00000,
,,,00.000073080000,   5.08000,
,,,00.000073120000,   5.04000,
,,,00.000073160000,   5.04000,
,,,00.000073200000,   5.04000,
,,,00.000073240000,   5.04000,
,,,00.000073280000,   5.04000,
,,,00.000073320000,   5.04000,
,,,00.000073360000,   5.08000,
,,,00.000073400000,   5.04000,
,,,00.000073440000,   5.04000,
,,,00.000073480000,   5.08000,
,,,00.000073520000,   5.08000,
,,,00.000073560000,   5.04000,
,,,00.000073600000,   5.08000,
,,,00.000073640000,   5.04000,
,,,00.000073680000,   5.04000,
,,,00.000073720000,   5.04000,
,,,00.000073760000,   5.04000,
,,,00.000073800000,   5.04000,
,,,00.000073840000,   5.00000,
,,,00.000073880000,   5.04000,
,,,00.000073920000,   5.04000,
,,,00.000073960000,   5.08000,
,,,00.000074000000,   5.04000,
,,,00.000074040000,   5.04000,
,,,00.000074080000,   5.00000,
,,,00.000074120000,   5.04000,
,,,00.000074160000,   4.96000,
,,,00.000074200000,   5.04000,
,,,00.000074240000,   5.08000,
,,,00.000074280000,   5.00000,
,,,00.000074320000,   5.04000,
,,,00.000074360000,   5.04000,
,,,00.000074400000,   5.08000,
,,,00.000074440000,   5.00000,
,,,00.000074480000,   5.00000,
,,,00.000074520000,   5.04000,
,,,00.000074560000,   5.04000,
,,,00.000074600000,   5.08000,
,,,00.000074640000,   5.04000,
,,,00.000074680000,   5.04000,
,,,00.000074720000,   5.00000,
,,,00.000074760000,   5.04000,
,,,00.000074800000,   5.04000,
,,,00.000074840000,   5.00000,
,,,00.000074880000,   5.00000,
,,,00.000074920000,   5.00000,
,,,00.000074960000,   5.04000,
,,,00.000075000000,   5.08000,
,,,00.000075040000,   5.04000,
,,,00.000075080000,   5.00000,
,,,00.000075120000,   5.04000,
,,,00.000075160000,   5.04000,
,,,00.000075200000,   5.00000,
,,,00.000075240000,   5.00000,
,,,00.000075280000,   5.04000,
,,,00.000075320000,   5.00000,
,,,00.000075360000,   5.08000,
,,,00.000075400000,   5.04000,
,,,00.000075440000,   5.04000,
,,,00.000075480000,   5.00000,
,,,00.000075520000,   5.08000,
,,,00.000075560000,   5.08000,
,,,00.000075600000,   5.08000,
,,,00.000075640000,   5.08000,
,,,00.000075680000,   5.08000,
,,,00.000075720000,   5.00000,
,,,00.000075760000,   5.00000,
,,,00.000075800000,   5.08000,
,,,00.000075840000,   5.04000,
,,,00.000075880000,   5.00000,
,,,00.000075920000,   5.12000,
,,,00.000075960000,   5.08000,
,,,00.000076000000,   5.08000,
,,,00.000076040000,   5.00000,
,,,00.000076080000,   5.00000,
,,,00.000076120000,   5.00000,
,,,00.000076160000,   5.04000,
,,,00.000076200000,   5.08000,
,,,00.000076240000,   5.04000,
,,,00.000076280000,   5.04000,
,,,00.000076320000,   5.08000,
,,,00.000076360000,   5.04000,
,,,00.000076400000,   5.12000,
,,,00.000076440000,   5.08000,
,,,00.000076480000,   5.04000,
,,,00.000076520000,   5.00000,
,,,00.000076560000,   5.04000,
,,,00.000076600000,   5.08000,
,,,00.000076640000,   5.04000,
,,,00.000076680000,   5.00000,
,,,00.000076720000,   5.08000,
,,,00.000076760000,   5.00000,
