Record Length,2.500000e+03,,  -0.035600000000,  -0.09200,;;;;
Sample Interval,4.000000e-05,,  -0.035560000000,  -0.09200,;;;;
Trigger Point,8.900000000000e+02,,  -0.035520000000,  -0.09200,;;;;
,,,  -0.035480000000,  -0.09200,;;;;
,,,  -0.035440000000,  -0.09200,;;;;
,,,  -0.035400000000,  -0.09400,;;;;
Source,CH2,,  -0.035360000000,  -0.09200,;;;;
Vertical Units,V,,  -0.035320000000,  -0.09400,;;;;
Vertical Scale,5.000000e-02,,  -0.035280000000,  -0.09400,;;;;
Vertical Offset,1.000000e-02,,  -0.035240000000,  -0.09600,;;;;
Horizontal Units,s,,  -0.035200000000,  -0.09600,;;;;
Horizontal Scale,1.000000e-02,,  -0.035160000000,  -0.09600,;;;;
Pt Fmt,Y,,  -0.035120000000,  -0.09800,;;;;
Yzero,0.000000e+00,,  -0.035080000000,  -0.09600,;;;;
Probe Atten,1.000000e+00,,  -0.035040000000,  -0.09800,;;;;
Model Number,TDS2024C,,  -0.035000000000,  -0.09600,;;;;
Serial Number,C013728,,  -0.034960000000,  -0.09400,;;;;
Firmware Version,FV:v24.15,,  -0.034920000000,  -0.09800,;;;;
;;;-0.03488;-0.096
;;;-0.03484;-0.1
;;;-0.0348;-0.1
;;;-0.03476;-0.098
;;;-0.03472;-0.098
;;;-0.03468;-0.1
;;;-0.03464;-0.1
;;;-0.0346;-0.098
;;;-0.03456;-0.1
;;;-0.03452;-0.1
;;;-0.03448;-0.098
;;;-0.03444;-0.098
;;;-0.0344;-0.1
;;;-0.03436;-0.098
;;;-0.03432;-0.1
;;;-0.03428;-0.102
;;;-0.03424;-0.1
;;;-0.0342;-0.1
;;;-0.03416;-0.1
;;;-0.03412;-0.102
;;;-0.03408;-0.102
;;;-0.03404;-0.1
;;;-0.034;-0.1
;;;-0.03396;-0.1
;;;-0.03392;-0.1
;;;-0.03388;-0.1
;;;-0.03384;-0.098
;;;-0.0338;-0.1
;;;-0.03376;-0.1
;;;-0.03372;-0.1
;;;-0.03368;-0.1
;;;-0.03364;-0.1
;;;-0.0336;-0.1
;;;-0.03356;-0.1
;;;-0.03352;-0.1
;;;-0.03348;-0.096
;;;-0.03344;-0.1
;;;-0.0334;-0.098
;;;-0.03336;-0.098
;;;-0.03332;-0.1
;;;-0.03328;-0.1
;;;-0.03324;-0.1
;;;-0.0332;-0.1
;;;-0.03316;-0.098
;;;-0.03312;-0.098
;;;-0.03308;-0.096
;;;-0.03304;-0.098
;;;-0.033;-0.096
;;;-0.03296;-0.1
;;;-0.03292;-0.098
;;;-0.03288;-0.096
;;;-0.03284;-0.094
;;;-0.0328;-0.096
;;;-0.03276;-0.094
;;;-0.03272;-0.094
;;;-0.03268;-0.094
;;;-0.03264;-0.096
;;;-0.0326;-0.094
;;;-0.03256;-0.094
;;;-0.03252;-0.094
;;;-0.03248;-0.094
;;;-0.03244;-0.092
;;;-0.0324;-0.092
;;;-0.03236;-0.092
;;;-0.03232;-0.092
;;;-0.03228;-0.09
;;;-0.03224;-0.092
;;;-0.0322;-0.09
;;;-0.03216;-0.09
;;;-0.03212;-0.09
;;;-0.03208;-0.092
;;;-0.03204;-0.088
;;;-0.032;-0.088
;;;-0.03196;-0.088
;;;-0.03192;-0.088
;;;-0.03188;-0.088
;;;-0.03184;-0.086
;;;-0.0318;-0.086
;;;-0.03176;-0.084
;;;-0.03172;-0.086
;;;-0.03168;-0.084
;;;-0.03164;-0.082
;;;-0.0316;-0.084
;;;-0.03156;-0.082
;;;-0.03152;-0.084
;;;-0.03148;-0.082
;;;-0.03144;-0.082
;;;-0.0314;-0.082
;;;-0.03136;-0.08
;;;-0.03132;-0.08
;;;-0.03128;-0.078
;;;-0.03124;-0.078
;;;-0.0312;-0.076
;;;-0.03116;-0.076
;;;-0.03112;-0.074
;;;-0.03108;-0.074
;;;-0.03104;-0.074
;;;-0.031;-0.074
;;;-0.03096;-0.074
;;;-0.03092;-0.072
;;;-0.03088;-0.072
;;;-0.03084;-0.07
;;;-0.0308;-0.07
;;;-0.03076;-0.068
;;;-0.03072;-0.07
;;;-0.03068;-0.068
;;;-0.03064;-0.068
;;;-0.0306;-0.066
;;;-0.03056;-0.066
;;;-0.03052;-0.068
;;;-0.03048;-0.064
;;;-0.03044;-0.064
;;;-0.0304;-0.062
;;;-0.03036;-0.062
;;;-0.03032;-0.062
;;;-0.03028;-0.06
;;;-0.03024;-0.06
;;;-0.0302;-0.058
;;;-0.03016;-0.058
;;;-0.03012;-0.056
;;;-0.03008;-0.056
;;;-0.03004;-0.056
;;;-0.03;-0.054
;;;-0.02996;-0.054
;;;-0.02992;-0.054
;;;-0.02988;-0.054
;;;-0.02984;-0.052
;;;-0.0298;-0.052
;;;-0.02976;-0.05
;;;-0.02972;-0.05
;;;-0.02968;-0.048
;;;-0.02964;-0.046
;;;-0.0296;-0.046
;;;-0.02956;-0.044
;;;-0.02952;-0.044
;;;-0.02948;-0.042
;;;-0.02944;-0.042
;;;-0.0294;-0.042
;;;-0.02936;-0.04
;;;-0.02932;-0.04
;;;-0.02928;-0.038
;;;-0.02924;-0.038
;;;-0.0292;-0.038
;;;-0.02916;-0.036
;;;-0.02912;-0.036
;;;-0.02908;-0.034
;;;-0.02904;-0.034
;;;-0.029;-0.03
;;;-0.02896;-0.032
;;;-0.02892;-0.03
;;;-0.02888;-0.03
;;;-0.02884;-0.028
;;;-0.0288;-0.026
;;;-0.02876;-0.026
;;;-0.02872;-0.026
;;;-0.02868;-0.022
;;;-0.02864;-0.022
;;;-0.0286;-0.022
;;;-0.02856;-0.022
;;;-0.02852;-0.022
;;;-0.02848;-0.02
;;;-0.02844;-0.02
;;;-0.0284;-0.018
;;;-0.02836;-0.018
;;;-0.02832;-0.014
;;;-0.02828;-0.014
;;;-0.02824;-0.014
;;;-0.0282;-0.012
;;;-0.02816;-0.012
;;;-0.02812;-0.012
;;;-0.02808;-0.008
;;;-0.02804;-0.008
;;;-0.028;-0.006
;;;-0.02796;-0.01
;;;-0.02792;-0.006
;;;-0.02788;-0.006
;;;-0.02784;-0.004
;;;-0.0278;-0.004
;;;-0.02776;-0.002
;;;-0.02772;0
;;;-0.02768;0
;;;-0.02764;0
;;;-0.0276;0.002
;;;-0.02756;0.004
;;;-0.02752;0.004
;;;-0.02748;0.006
;;;-0.02744;0.006
;;;-0.0274;0.006
;;;-0.02736;0.006
;;;-0.02732;0.01
;;;-0.02728;0.012
;;;-0.02724;0.012
;;;-0.0272;0.012
;;;-0.02716;0.014
;;;-0.02712;0.014
;;;-0.02708;0.016
;;;-0.02704;0.014
;;;-0.027;0.018
;;;-0.02696;0.018
;;;-0.02692;0.018
;;;-0.02688;0.02
;;;-0.02684;0.02
;;;-0.0268;0.02
;;;-0.02676;0.022
;;;-0.02672;0.024
;;;-0.02668;0.026
;;;-0.02664;0.024
;;;-0.0266;0.026
;;;-0.02656;0.026
;;;-0.02652;0.028
;;;-0.02648;0.026
;;;-0.02644;0.03
;;;-0.0264;0.032
;;;-0.02636;0.032
;;;-0.02632;0.032
;;;-0.02628;0.034
;;;-0.02624;0.034
;;;-0.0262;0.036
;;;-0.02616;0.038
;;;-0.02612;0.036
;;;-0.02608;0.04
;;;-0.02604;0.04
;;;-0.026;0.04
;;;-0.02596;0.04
;;;-0.02592;0.044
;;;-0.02588;0.044
;;;-0.02584;0.042
;;;-0.0258;0.046
;;;-0.02576;0.048
;;;-0.02572;0.046
;;;-0.02568;0.048
;;;-0.02564;0.05
;;;-0.0256;0.05
;;;-0.02556;0.05
;;;-0.02552;0.052
;;;-0.02548;0.05
;;;-0.02544;0.054
;;;-0.0254;0.05
;;;-0.02536;0.056
;;;-0.02532;0.052
;;;-0.02528;0.056
;;;-0.02524;0.06
;;;-0.0252;0.058
;;;-0.02516;0.058
;;;-0.02512;0.06
;;;-0.02508;0.058
;;;-0.02504;0.062
;;;-0.025;0.062
;;;-0.02496;0.062
;;;-0.02492;0.062
;;;-0.02488;0.064
;;;-0.02484;0.066
;;;-0.0248;0.066
;;;-0.02476;0.064
;;;-0.02472;0.066
;;;-0.02468;0.068
;;;-0.02464;0.068
;;;-0.0246;0.07
;;;-0.02456;0.068
;;;-0.02452;0.068
;;;-0.02448;0.07
;;;-0.02444;0.07
;;;-0.0244;0.07
;;;-0.02436;0.072
;;;-0.02432;0.072
;;;-0.02428;0.072
;;;-0.02424;0.076
;;;-0.0242;0.076
;;;-0.02416;0.076
;;;-0.02412;0.078
;;;-0.02408;0.078
;;;-0.02404;0.078
;;;-0.024;0.078
;;;-0.02396;0.08
;;;-0.02392;0.082
;;;-0.02388;0.08
;;;-0.02384;0.082
;;;-0.0238;0.08
;;;-0.02376;0.082
;;;-0.02372;0.082
;;;-0.02368;0.082
;;;-0.02364;0.084
;;;-0.0236;0.084
;;;-0.02356;0.084
;;;-0.02352;0.084
;;;-0.02348;0.084
;;;-0.02344;0.084
;;;-0.0234;0.086
;;;-0.02336;0.088
;;;-0.02332;0.086
;;;-0.02328;0.088
;;;-0.02324;0.088
;;;-0.0232;0.088
;;;-0.02316;0.088
;;;-0.02312;0.088
;;;-0.02308;0.09
;;;-0.02304;0.09
;;;-0.023;0.092
;;;-0.02296;0.092
;;;-0.02292;0.09
;;;-0.02288;0.092
;;;-0.02284;0.092
;;;-0.0228;0.092
;;;-0.02276;0.094
;;;-0.02272;0.094
;;;-0.02268;0.094
;;;-0.02264;0.094
;;;-0.0226;0.092
;;;-0.02256;0.09
;;;-0.02252;0.094
;;;-0.02248;0.096
;;;-0.02244;0.096
;;;-0.0224;0.094
;;;-0.02236;0.096
;;;-0.02232;0.096
;;;-0.02228;0.096
;;;-0.02224;0.096
;;;-0.0222;0.096
;;;-0.02216;0.096
;;;-0.02212;0.096
;;;-0.02208;0.096
;;;-0.02204;0.096
;;;-0.022;0.098
;;;-0.02196;0.096
;;;-0.02192;0.098
;;;-0.02188;0.096
;;;-0.02184;0.096
;;;-0.0218;0.096
;;;-0.02176;0.096
;;;-0.02172;0.098
;;;-0.02168;0.098
;;;-0.02164;0.098
;;;-0.0216;0.098
;;;-0.02156;0.098
;;;-0.02152;0.098
;;;-0.02148;0.098
;;;-0.02144;0.098
;;;-0.0214;0.098
;;;-0.02136;0.1
;;;-0.02132;0.098
;;;-0.02128;0.098
;;;-0.02124;0.096
;;;-0.0212;0.096
;;;-0.02116;0.096
;;;-0.02112;0.098
;;;-0.02108;0.098
;;;-0.02104;0.098
;;;-0.021;0.098
;;;-0.02096;0.096
;;;-0.02092;0.094
;;;-0.02088;0.096
;;;-0.02084;0.098
;;;-0.0208;0.096
;;;-0.02076;0.098
;;;-0.02072;0.096
;;;-0.02068;0.096
;;;-0.02064;0.094
;;;-0.0206;0.094
;;;-0.02056;0.094
;;;-0.02052;0.094
;;;-0.02048;0.094
;;;-0.02044;0.096
;;;-0.0204;0.094
;;;-0.02036;0.092
;;;-0.02032;0.094
;;;-0.02028;0.092
;;;-0.02024;0.092
;;;-0.0202;0.094
;;;-0.02016;0.092
;;;-0.02012;0.094
;;;-0.02008;0.092
;;;-0.02004;0.092
;;;-0.02;0.092
;;;-0.01996;0.088
;;;-0.01992;0.09
;;;-0.01988;0.09
;;;-0.01984;0.09
;;;-0.0198;0.09
;;;-0.01976;0.088
;;;-0.01972;0.088
;;;-0.01968;0.088
;;;-0.01964;0.088
;;;-0.0196;0.088
;;;-0.01956;0.086
;;;-0.01952;0.086
;;;-0.01948;0.086
;;;-0.01944;0.084
;;;-0.0194;0.084
;;;-0.01936;0.086
;;;-0.01932;0.084
;;;-0.01928;0.084
;;;-0.01924;0.082
;;;-0.0192;0.082
;;;-0.01916;0.082
;;;-0.01912;0.08
;;;-0.01908;0.082
;;;-0.01904;0.082
;;;-0.019;0.078
;;;-0.01896;0.078
;;;-0.01892;0.076
;;;-0.01888;0.078
;;;-0.01884;0.078
;;;-0.0188;0.074
;;;-0.01876;0.076
;;;-0.01872;0.074
;;;-0.01868;0.072
;;;-0.01864;0.072
;;;-0.0186;0.07
;;;-0.01856;0.072
;;;-0.01852;0.072
;;;-0.01848;0.07
;;;-0.01844;0.068
;;;-0.0184;0.07
;;;-0.01836;0.068
;;;-0.01832;0.068
;;;-0.01828;0.068
;;;-0.01824;0.068
;;;-0.0182;0.066
;;;-0.01816;0.068
;;;-0.01812;0.064
;;;-0.01808;0.064
;;;-0.01804;0.062
;;;-0.018;0.062
;;;-0.01796;0.062
;;;-0.01792;0.062
;;;-0.01788;0.06
;;;-0.01784;0.058
;;;-0.0178;0.058
;;;-0.01776;0.058
;;;-0.01772;0.058
;;;-0.01768;0.056
;;;-0.01764;0.054
;;;-0.0176;0.054
;;;-0.01756;0.054
;;;-0.01752;0.05
;;;-0.01748;0.052
;;;-0.01744;0.052
;;;-0.0174;0.05
;;;-0.01736;0.05
;;;-0.01732;0.05
;;;-0.01728;0.048
;;;-0.01724;0.048
;;;-0.0172;0.046
;;;-0.01716;0.044
;;;-0.01712;0.044
;;;-0.01708;0.044
;;;-0.01704;0.044
;;;-0.017;0.04
;;;-0.01696;0.04
;;;-0.01692;0.04
;;;-0.01688;0.038
;;;-0.01684;0.038
;;;-0.0168;0.038
;;;-0.01676;0.034
;;;-0.01672;0.036
;;;-0.01668;0.034
;;;-0.01664;0.032
;;;-0.0166;0.032
;;;-0.01656;0.032
;;;-0.01652;0.032
;;;-0.01648;0.03
;;;-0.01644;0.028
;;;-0.0164;0.028
;;;-0.01636;0.026
;;;-0.01632;0.026
;;;-0.01628;0.026
;;;-0.01624;0.024
;;;-0.0162;0.022
;;;-0.01616;0.022
;;;-0.01612;0.022
;;;-0.01608;0.022
;;;-0.01604;0.02
;;;-0.016;0.02
;;;-0.01596;0.016
;;;-0.01592;0.014
;;;-0.01588;0.014
;;;-0.01584;0.014
;;;-0.0158;0.014
;;;-0.01576;0.012
;;;-0.01572;0.012
;;;-0.01568;0.01
;;;-0.01564;0.008
;;;-0.0156;0.008
;;;-0.01556;0.006
;;;-0.01552;0.004
;;;-0.01548;0.008
;;;-0.01544;0.006
;;;-0.0154;0.002
;;;-0.01536;0
;;;-0.01532;0.002
;;;-0.01528;0
;;;-0.01524;0
;;;-0.0152;-0.002
;;;-0.01516;-0.004
;;;-0.01512;-0.006
;;;-0.01508;-0.006
;;;-0.01504;-0.006
;;;-0.015;-0.006
;;;-0.01496;-0.008
;;;-0.01492;-0.008
;;;-0.01488;-0.008
;;;-0.01484;-0.008
;;;-0.0148;-0.01
;;;-0.01476;-0.012
;;;-0.01472;-0.014
;;;-0.01468;-0.016
;;;-0.01464;-0.016
;;;-0.0146;-0.016
;;;-0.01456;-0.02
;;;-0.01452;-0.018
;;;-0.01448;-0.02
;;;-0.01444;-0.022
;;;-0.0144;-0.02
;;;-0.01436;-0.022
;;;-0.01432;-0.024
;;;-0.01428;-0.024
;;;-0.01424;-0.028
;;;-0.0142;-0.028
;;;-0.01416;-0.028
;;;-0.01412;-0.028
;;;-0.01408;-0.03
;;;-0.01404;-0.03
;;;-0.014;-0.032
;;;-0.01396;-0.032
;;;-0.01392;-0.032
;;;-0.01388;-0.034
;;;-0.01384;-0.034
;;;-0.0138;-0.034
;;;-0.01376;-0.036
;;;-0.01372;-0.036
;;;-0.01368;-0.038
;;;-0.01364;-0.04
;;;-0.0136;-0.04
;;;-0.01356;-0.042
;;;-0.01352;-0.042
;;;-0.01348;-0.042
;;;-0.01344;-0.044
;;;-0.0134;-0.044
;;;-0.01336;-0.046
;;;-0.01332;-0.048
;;;-0.01328;-0.048
;;;-0.01324;-0.05
;;;-0.0132;-0.048
;;;-0.01316;-0.05
;;;-0.01312;-0.05
;;;-0.01308;-0.052
;;;-0.01304;-0.054
;;;-0.013;-0.052
;;;-0.01296;-0.056
;;;-0.01292;-0.056
;;;-0.01288;-0.054
;;;-0.01284;-0.056
;;;-0.0128;-0.06
;;;-0.01276;-0.06
;;;-0.01272;-0.058
;;;-0.01268;-0.06
;;;-0.01264;-0.062
;;;-0.0126;-0.06
;;;-0.01256;-0.062
;;;-0.01252;-0.064
;;;-0.01248;-0.066
;;;-0.01244;-0.066
;;;-0.0124;-0.066
;;;-0.01236;-0.066
;;;-0.01232;-0.068
;;;-0.01228;-0.068
;;;-0.01224;-0.07
;;;-0.0122;-0.07
;;;-0.01216;-0.07
;;;-0.01212;-0.068
;;;-0.01208;-0.072
;;;-0.01204;-0.072
;;;-0.012;-0.072
;;;-0.01196;-0.076
;;;-0.01192;-0.074
;;;-0.01188;-0.074
;;;-0.01184;-0.076
;;;-0.0118;-0.076
;;;-0.01176;-0.076
;;;-0.01172;-0.08
;;;-0.01168;-0.078
;;;-0.01164;-0.078
;;;-0.0116;-0.08
;;;-0.01156;-0.08
;;;-0.01152;-0.082
;;;-0.01148;-0.08
;;;-0.01144;-0.082
;;;-0.0114;-0.082
;;;-0.01136;-0.082
;;;-0.01132;-0.082
;;;-0.01128;-0.084
;;;-0.01124;-0.086
;;;-0.0112;-0.086
;;;-0.01116;-0.086
;;;-0.01112;-0.088
;;;-0.01108;-0.086
;;;-0.01104;-0.086
;;;-0.011;-0.088
;;;-0.01096;-0.09
;;;-0.01092;-0.09
;;;-0.01088;-0.09
;;;-0.01084;-0.092
;;;-0.0108;-0.088
;;;-0.01076;-0.092
;;;-0.01072;-0.09
;;;-0.01068;-0.092
;;;-0.01064;-0.092
;;;-0.0106;-0.092
;;;-0.01056;-0.094
;;;-0.01052;-0.094
;;;-0.01048;-0.092
;;;-0.01044;-0.094
;;;-0.0104;-0.094
;;;-0.01036;-0.094
;;;-0.01032;-0.096
;;;-0.01028;-0.094
;;;-0.01024;-0.094
;;;-0.0102;-0.098
;;;-0.01016;-0.096
;;;-0.01012;-0.096
;;;-0.01008;-0.094
;;;-0.01004;-0.096
;;;-0.01;-0.098
;;;-0.00996;-0.096
;;;-0.00992;-0.098
;;;-0.00988;-0.096
;;;-0.00984;-0.1
;;;-0.0098;-0.098
;;;-0.00976;-0.096
;;;-0.00972;-0.098
;;;-0.00968;-0.098
;;;-0.00964;-0.098
;;;-0.0096;-0.098
;;;-0.00956;-0.1
;;;-0.00952;-0.098
;;;-0.00948;-0.1
;;;-0.00944;-0.1
;;;-0.0094;-0.1
;;;-0.00936;-0.1
;;;-0.00932;-0.1
;;;-0.00928;-0.1
;;;-0.00924;-0.098
;;;-0.0092;-0.1
;;;-0.00916;-0.1
;;;-0.00912;-0.102
;;;-0.00908;-0.1
;;;-0.00904;-0.1
;;;-0.009;-0.1
;;;-0.00896;-0.1
;;;-0.00892;-0.1
;;;-0.00888;-0.1
;;;-0.00884;-0.1
;;;-0.0088;-0.1
;;;-0.00876;-0.098
;;;-0.00872;-0.102
;;;-0.00868;-0.098
;;;-0.00864;-0.1
;;;-0.0086;-0.102
;;;-0.00856;-0.1
;;;-0.00852;-0.1
;;;-0.00848;-0.098
;;;-0.00844;-0.098
;;;-0.0084;-0.1
;;;-0.00836;-0.1
;;;-0.00832;-0.098
;;;-0.00828;-0.1
;;;-0.00824;-0.098
;;;-0.0082;-0.1
;;;-0.00816;-0.098
;;;-0.00812;-0.098
;;;-0.00808;-0.096
;;;-0.00804;-0.1
;;;-0.008;-0.096
;;;-0.00796;-0.098
;;;-0.00792;-0.096
;;;-0.00788;-0.094
;;;-0.00784;-0.096
;;;-0.0078;-0.098
;;;-0.00776;-0.096
;;;-0.00772;-0.096
;;;-0.00768;-0.096
;;;-0.00764;-0.094
;;;-0.0076;-0.094
;;;-0.00756;-0.094
;;;-0.00752;-0.094
;;;-0.00748;-0.094
;;;-0.00744;-0.094
;;;-0.0074;-0.092
;;;-0.00736;-0.094
;;;-0.00732;-0.092
;;;-0.00728;-0.092
;;;-0.00724;-0.092
;;;-0.0072;-0.09
;;;-0.00716;-0.09
;;;-0.00712;-0.09
;;;-0.00708;-0.09
;;;-0.00704;-0.09
;;;-0.007;-0.088
;;;-0.00696;-0.088
;;;-0.00692;-0.088
;;;-0.00688;-0.086
;;;-0.00684;-0.088
;;;-0.0068;-0.086
;;;-0.00676;-0.088
;;;-0.00672;-0.086
;;;-0.00668;-0.084
;;;-0.00664;-0.084
;;;-0.0066;-0.082
;;;-0.00656;-0.082
;;;-0.00652;-0.082
;;;-0.00648;-0.082
;;;-0.00644;-0.08
;;;-0.0064;-0.082
;;;-0.00636;-0.082
;;;-0.00632;-0.08
;;;-0.00628;-0.08
;;;-0.00624;-0.078
;;;-0.0062;-0.076
;;;-0.00616;-0.08
;;;-0.00612;-0.076
;;;-0.00608;-0.078
;;;-0.00604;-0.074
;;;-0.006;-0.074
;;;-0.00596;-0.074
;;;-0.00592;-0.072
;;;-0.00588;-0.072
;;;-0.00584;-0.072
;;;-0.0058;-0.07
;;;-0.00576;-0.07
;;;-0.00572;-0.07
;;;-0.00568;-0.07
;;;-0.00564;-0.07
;;;-0.0056;-0.066
;;;-0.00556;-0.066
;;;-0.00552;-0.064
;;;-0.00548;-0.066
;;;-0.00544;-0.064
;;;-0.0054;-0.064
;;;-0.00536;-0.062
;;;-0.00532;-0.06
;;;-0.00528;-0.062
;;;-0.00524;-0.06
;;;-0.0052;-0.06
;;;-0.00516;-0.058
;;;-0.00512;-0.056
;;;-0.00508;-0.06
;;;-0.00504;-0.056
;;;-0.005;-0.054
;;;-0.00496;-0.054
;;;-0.00492;-0.052
;;;-0.00488;-0.052
;;;-0.00484;-0.052
;;;-0.0048;-0.052
;;;-0.00476;-0.048
;;;-0.00472;-0.048
;;;-0.00468;-0.048
;;;-0.00464;-0.046
;;;-0.0046;-0.048
;;;-0.00456;-0.046
;;;-0.00452;-0.044
;;;-0.00448;-0.046
;;;-0.00444;-0.042
;;;-0.0044;-0.042
;;;-0.00436;-0.042
;;;-0.00432;-0.04
;;;-0.00428;-0.04
;;;-0.00424;-0.04
;;;-0.0042;-0.038
;;;-0.00416;-0.034
;;;-0.00412;-0.036
;;;-0.00408;-0.034
;;;-0.00404;-0.034
;;;-0.004;-0.032
;;;-0.00396;-0.032
;;;-0.00392;-0.028
;;;-0.00388;-0.03
;;;-0.00384;-0.028
;;;-0.0038;-0.026
;;;-0.00376;-0.028
;;;-0.00372;-0.026
;;;-0.00368;-0.024
;;;-0.00364;-0.022
;;;-0.0036;-0.022
;;;-0.00356;-0.022
;;;-0.00352;-0.02
;;;-0.00348;-0.02
;;;-0.00344;-0.02
;;;-0.0034;-0.016
;;;-0.00336;-0.016
;;;-0.00332;-0.014
;;;-0.00328;-0.016
;;;-0.00324;-0.014
;;;-0.0032;-0.012
;;;-0.00316;-0.012
;;;-0.00312;-0.01
;;;-0.00308;-0.01
;;;-0.00304;-0.008
;;;-0.003;-0.008
;;;-0.00296;-0.008
;;;-0.00292;-0.006
;;;-0.00288;-0.004
;;;-0.00284;-0.004
;;;-0.0028;-0.002
;;;-0.00276;-0.002
;;;-0.00272;-0.002
;;;-0.00268;-0.002
;;;-0.00264;-0.002
;;;-0.0026;0.002
;;;-0.00256;0.004
;;;-0.00252;0.004
;;;-0.00248;0.006
;;;-0.00244;0.006
;;;-0.0024;0.006
;;;-0.00236;0.006
;;;-0.00232;0.01
;;;-0.00228;0.012
;;;-0.00224;0.012
;;;-0.0022;0.012
;;;-0.00216;0.012
;;;-0.00212;0.014
;;;-0.00208;0.018
;;;-0.00204;0.016
;;;-0.002;0.018
;;;-0.00196;0.018
;;;-0.00192;0.018
;;;-0.00188;0.02
;;;-0.00184;0.02
;;;-0.0018;0.022
;;;-0.00176;0.022
;;;-0.00172;0.024
;;;-0.00168;0.024
;;;-0.00164;0.024
;;;-0.0016;0.026
;;;-0.00156;0.03
;;;-0.00152;0.028
;;;-0.00148;0.03
;;;-0.00144;0.032
;;;-0.0014;0.032
;;;-0.00136;0.032
;;;-0.00132;0.034
;;;-0.00128;0.034
;;;-0.00124;0.036
;;;-0.0012;0.036
;;;-0.00116;0.038
;;;-0.00112;0.038
;;;-0.00108;0.038
;;;-0.00104;0.04
;;;-0.001;0.04
;;;-0.00096;0.042
;;;-0.00092;0.042
;;;-0.00088;0.04
;;;-0.00084;0.044
;;;-0.0008;0.044
;;;-0.00076;0.046
;;;-0.00072;0.048
;;;-0.00068;0.048
;;;-0.00064;0.05
;;;-0.0006;0.05
;;;-0.00056;0.05
;;;-0.00052;0.05
;;;-0.00048;0.052
;;;-0.00044;0.052
;;;-0.0004;0.052
;;;-0.00036;0.054
;;;-0.00032;0.056
;;;-0.00028;0.056
;;;-0.00024;0.056
;;;-0.0002;0.06
;;;-0.00016;0.058
;;;-0.00012;0.06
;;;-0.00008;0.062
;;;-0.00004;0.06
;;;0;0.062
;;;0.00004;0.064
;;;0.00008;0.064
;;;0.00012;0.064
;;;0.00016;0.064
;;;0.0002;0.064
;;;0.00024;0.068
;;;0.00028;0.064
;;;0.00032;0.066
;;;0.00036;0.068
;;;0.0004;0.068
;;;0.00044;0.068
;;;0.00048;0.072
;;;0.00052;0.07
;;;0.00056;0.072
;;;0.0006;0.072
;;;0.00064;0.072
;;;0.00068;0.074
;;;0.00072;0.076
;;;0.00076;0.078
;;;0.0008;0.074
;;;0.00084;0.078
;;;0.00088;0.078
;;;0.00092;0.078
;;;0.00096;0.078
;;;0.001;0.08
;;;0.00104;0.08
;;;0.00108;0.078
;;;0.00112;0.08
;;;0.00116;0.078
;;;0.0012;0.082
;;;0.00124;0.082
;;;0.00128;0.082
;;;0.00132;0.082
;;;0.00136;0.084
;;;0.0014;0.086
;;;0.00144;0.086
;;;0.00148;0.086
;;;0.00152;0.086
;;;0.00156;0.086
;;;0.0016;0.086
;;;0.00164;0.088
;;;0.00168;0.086
;;;0.00172;0.086
;;;0.00176;0.088
;;;0.0018;0.088
;;;0.00184;0.09
;;;0.00188;0.09
;;;0.00192;0.09
;;;0.00196;0.09
;;;0.002;0.09
;;;0.00204;0.09
;;;0.00208;0.092
;;;0.00212;0.092
;;;0.00216;0.09
;;;0.0022;0.092
;;;0.00224;0.09
;;;0.00228;0.094
;;;0.00232;0.094
;;;0.00236;0.094
;;;0.0024;0.094
;;;0.00244;0.094
;;;0.00248;0.096
;;;0.00252;0.094
;;;0.00256;0.096
;;;0.0026;0.096
;;;0.00264;0.094
;;;0.00268;0.096
;;;0.00272;0.096
;;;0.00276;0.096
;;;0.0028;0.096
;;;0.00284;0.096
;;;0.00288;0.096
;;;0.00292;0.096
;;;0.00296;0.096
;;;0.003;0.096
;;;0.00304;0.098
;;;0.00308;0.096
;;;0.00312;0.096
;;;0.00316;0.096
;;;0.0032;0.098
;;;0.00324;0.098
;;;0.00328;0.096
;;;0.00332;0.098
;;;0.00336;0.096
;;;0.0034;0.096
;;;0.00344;0.096
;;;0.00348;0.098
;;;0.00352;0.096
;;;0.00356;0.098
;;;0.0036;0.098
;;;0.00364;0.098
;;;0.00368;0.098
;;;0.00372;0.096
;;;0.00376;0.096
;;;0.0038;0.096
;;;0.00384;0.098
;;;0.00388;0.096
;;;0.00392;0.096
;;;0.00396;0.096
;;;0.004;0.098
;;;0.00404;0.096
;;;0.00408;0.098
;;;0.00412;0.098
;;;0.00416;0.098
;;;0.0042;0.096
;;;0.00424;0.096
;;;0.00428;0.096
;;;0.00432;0.096
;;;0.00436;0.096
;;;0.0044;0.094
;;;0.00444;0.096
;;;0.00448;0.094
;;;0.00452;0.094
;;;0.00456;0.094
;;;0.0046;0.094
;;;0.00464;0.094
;;;0.00468;0.094
;;;0.00472;0.092
;;;0.00476;0.092
;;;0.0048;0.09
;;;0.00484;0.092
;;;0.00488;0.094
;;;0.00492;0.09
;;;0.00496;0.092
;;;0.005;0.09
;;;0.00504;0.09
;;;0.00508;0.09
;;;0.00512;0.09
;;;0.00516;0.09
;;;0.0052;0.09
;;;0.00524;0.09
;;;0.00528;0.09
;;;0.00532;0.088
;;;0.00536;0.088
;;;0.0054;0.086
;;;0.00544;0.086
;;;0.00548;0.086
;;;0.00552;0.086
;;;0.00556;0.084
;;;0.0056;0.084
;;;0.00564;0.084
;;;0.00568;0.082
;;;0.00572;0.084
;;;0.00576;0.082
;;;0.0058;0.082
;;;0.00584;0.08
;;;0.00588;0.08
;;;0.00592;0.08
;;;0.00596;0.082
;;;0.006;0.078
;;;0.00604;0.078
;;;0.00608;0.078
;;;0.00612;0.078
;;;0.00616;0.076
;;;0.0062;0.076
;;;0.00624;0.076
;;;0.00628;0.078
;;;0.00632;0.074
;;;0.00636;0.074
;;;0.0064;0.074
;;;0.00644;0.074
;;;0.00648;0.074
;;;0.00652;0.072
;;;0.00656;0.07
;;;0.0066;0.07
;;;0.00664;0.068
;;;0.00668;0.068
;;;0.00672;0.07
;;;0.00676;0.068
;;;0.0068;0.066
;;;0.00684;0.068
;;;0.00688;0.064
;;;0.00692;0.064
;;;0.00696;0.064
;;;0.007;0.064
;;;0.00704;0.064
;;;0.00708;0.06
;;;0.00712;0.06
;;;0.00716;0.058
;;;0.0072;0.058
;;;0.00724;0.056
;;;0.00728;0.058
;;;0.00732;0.056
;;;0.00736;0.056
;;;0.0074;0.056
;;;0.00744;0.052
;;;0.00748;0.054
;;;0.00752;0.052
;;;0.00756;0.05
;;;0.0076;0.05
;;;0.00764;0.05
;;;0.00768;0.05
;;;0.00772;0.048
;;;0.00776;0.048
;;;0.0078;0.048
;;;0.00784;0.044
;;;0.00788;0.044
;;;0.00792;0.044
;;;0.00796;0.042
;;;0.008;0.042
;;;0.00804;0.04
;;;0.00808;0.042
;;;0.00812;0.04
;;;0.00816;0.04
;;;0.0082;0.036
;;;0.00824;0.034
;;;0.00828;0.036
;;;0.00832;0.034
;;;0.00836;0.032
;;;0.0084;0.032
;;;0.00844;0.032
;;;0.00848;0.032
;;;0.00852;0.028
;;;0.00856;0.03
;;;0.0086;0.028
;;;0.00864;0.028
;;;0.00868;0.026
;;;0.00872;0.024
;;;0.00876;0.024
;;;0.0088;0.02
;;;0.00884;0.024
;;;0.00888;0.02
;;;0.00892;0.02
;;;0.00896;0.018
;;;0.009;0.018
;;;0.00904;0.016
;;;0.00908;0.016
;;;0.00912;0.012
;;;0.00916;0.014
;;;0.0092;0.014
;;;0.00924;0.012
;;;0.00928;0.012
;;;0.00932;0.01
;;;0.00936;0.012
;;;0.0094;0.01
;;;0.00944;0.006
;;;0.00948;0.006
;;;0.00952;0.004
;;;0.00956;0.004
;;;0.0096;0.004
;;;0.00964;0.002
;;;0.00968;0
;;;0.00972;0
;;;0.00976;-0.002
;;;0.0098;-0.004
;;;0.00984;-0.004
;;;0.00988;-0.002
;;;0.00992;-0.004
;;;0.00996;-0.006
;;;0.01;-0.008
;;;0.01004;-0.008
;;;0.01008;-0.008
;;;0.01012;-0.008
;;;0.01016;-0.012
;;;0.0102;-0.01
;;;0.01024;-0.012
;;;0.01028;-0.014
;;;0.01032;-0.018
;;;0.01036;-0.014
;;;0.0104;-0.018
;;;0.01044;-0.016
;;;0.01048;-0.018
;;;0.01052;-0.02
;;;0.01056;-0.022
;;;0.0106;-0.022
;;;0.01064;-0.024
;;;0.01068;-0.024
;;;0.01072;-0.024
;;;0.01076;-0.024
;;;0.0108;-0.026
;;;0.01084;-0.026
;;;0.01088;-0.028
;;;0.01092;-0.03
;;;0.01096;-0.03
;;;0.011;-0.028
;;;0.01104;-0.032
;;;0.01108;-0.034
;;;0.01112;-0.036
;;;0.01116;-0.036
;;;0.0112;-0.036
;;;0.01124;-0.034
;;;0.01128;-0.038
;;;0.01132;-0.038
;;;0.01136;-0.04
;;;0.0114;-0.042
;;;0.01144;-0.044
;;;0.01148;-0.042
;;;0.01152;-0.044
;;;0.01156;-0.046
;;;0.0116;-0.044
;;;0.01164;-0.046
;;;0.01168;-0.044
;;;0.01172;-0.048
;;;0.01176;-0.048
;;;0.0118;-0.048
;;;0.01184;-0.048
;;;0.01188;-0.05
;;;0.01192;-0.052
;;;0.01196;-0.052
;;;0.012;-0.054
;;;0.01204;-0.054
;;;0.01208;-0.056
;;;0.01212;-0.054
;;;0.01216;-0.056
;;;0.0122;-0.056
;;;0.01224;-0.058
;;;0.01228;-0.058
;;;0.01232;-0.06
;;;0.01236;-0.06
;;;0.0124;-0.06
;;;0.01244;-0.062
;;;0.01248;-0.066
;;;0.01252;-0.064
;;;0.01256;-0.066
;;;0.0126;-0.064
;;;0.01264;-0.068
;;;0.01268;-0.068
;;;0.01272;-0.066
;;;0.01276;-0.068
;;;0.0128;-0.068
;;;0.01284;-0.07
;;;0.01288;-0.07
;;;0.01292;-0.07
;;;0.01296;-0.072
;;;0.013;-0.072
;;;0.01304;-0.074
;;;0.01308;-0.074
;;;0.01312;-0.074
;;;0.01316;-0.076
;;;0.0132;-0.076
;;;0.01324;-0.076
;;;0.01328;-0.078
;;;0.01332;-0.078
;;;0.01336;-0.078
;;;0.0134;-0.08
;;;0.01344;-0.08
;;;0.01348;-0.08
;;;0.01352;-0.082
;;;0.01356;-0.082
;;;0.0136;-0.084
;;;0.01364;-0.08
;;;0.01368;-0.084
;;;0.01372;-0.084
;;;0.01376;-0.086
;;;0.0138;-0.084
;;;0.01384;-0.084
;;;0.01388;-0.088
;;;0.01392;-0.086
;;;0.01396;-0.088
;;;0.014;-0.088
;;;0.01404;-0.088
;;;0.01408;-0.088
;;;0.01412;-0.088
;;;0.01416;-0.088
;;;0.0142;-0.09
;;;0.01424;-0.09
;;;0.01428;-0.092
;;;0.01432;-0.092
;;;0.01436;-0.092
;;;0.0144;-0.092
;;;0.01444;-0.092
;;;0.01448;-0.094
;;;0.01452;-0.09
;;;0.01456;-0.094
;;;0.0146;-0.094
;;;0.01464;-0.092
;;;0.01468;-0.096
;;;0.01472;-0.094
;;;0.01476;-0.094
;;;0.0148;-0.096
;;;0.01484;-0.096
;;;0.01488;-0.096
;;;0.01492;-0.096
;;;0.01496;-0.096
;;;0.015;-0.096
;;;0.01504;-0.098
;;;0.01508;-0.094
;;;0.01512;-0.1
;;;0.01516;-0.098
;;;0.0152;-0.096
;;;0.01524;-0.098
;;;0.01528;-0.1
;;;0.01532;-0.098
;;;0.01536;-0.1
;;;0.0154;-0.1
;;;0.01544;-0.098
;;;0.01548;-0.098
;;;0.01552;-0.1
;;;0.01556;-0.1
;;;0.0156;-0.1
;;;0.01564;-0.1
;;;0.01568;-0.1
;;;0.01572;-0.098
;;;0.01576;-0.102
;;;0.0158;-0.1
;;;0.01584;-0.098
;;;0.01588;-0.1
;;;0.01592;-0.098
;;;0.01596;-0.1
;;;0.016;-0.1
;;;0.01604;-0.102
;;;0.01608;-0.098
;;;0.01612;-0.102
;;;0.01616;-0.1
;;;0.0162;-0.098
;;;0.01624;-0.1
;;;0.01628;-0.098
;;;0.01632;-0.1
;;;0.01636;-0.1
;;;0.0164;-0.1
;;;0.01644;-0.1
;;;0.01648;-0.1
;;;0.01652;-0.1
;;;0.01656;-0.1
;;;0.0166;-0.1
;;;0.01664;-0.1
;;;0.01668;-0.098
;;;0.01672;-0.096
;;;0.01676;-0.1
;;;0.0168;-0.098
;;;0.01684;-0.098
;;;0.01688;-0.098
;;;0.01692;-0.096
;;;0.01696;-0.098
;;;0.017;-0.098
;;;0.01704;-0.098
;;;0.01708;-0.096
;;;0.01712;-0.096
;;;0.01716;-0.096
;;;0.0172;-0.096
;;;0.01724;-0.096
;;;0.01728;-0.096
;;;0.01732;-0.096
;;;0.01736;-0.094
;;;0.0174;-0.094
;;;0.01744;-0.092
;;;0.01748;-0.094
;;;0.01752;-0.094
;;;0.01756;-0.092
;;;0.0176;-0.09
;;;0.01764;-0.092
;;;0.01768;-0.092
;;;0.01772;-0.088
;;;0.01776;-0.092
;;;0.0178;-0.092
;;;0.01784;-0.09
;;;0.01788;-0.09
;;;0.01792;-0.09
;;;0.01796;-0.09
;;;0.018;-0.088
;;;0.01804;-0.088
;;;0.01808;-0.088
;;;0.01812;-0.086
;;;0.01816;-0.086
;;;0.0182;-0.088
;;;0.01824;-0.084
;;;0.01828;-0.084
;;;0.01832;-0.086
;;;0.01836;-0.084
;;;0.0184;-0.082
;;;0.01844;-0.082
;;;0.01848;-0.08
;;;0.01852;-0.082
;;;0.01856;-0.08
;;;0.0186;-0.08
;;;0.01864;-0.08
;;;0.01868;-0.08
;;;0.01872;-0.078
;;;0.01876;-0.078
;;;0.0188;-0.076
;;;0.01884;-0.076
;;;0.01888;-0.074
;;;0.01892;-0.076
;;;0.01896;-0.074
;;;0.019;-0.074
;;;0.01904;-0.074
;;;0.01908;-0.072
;;;0.01912;-0.074
;;;0.01916;-0.072
;;;0.0192;-0.072
;;;0.01924;-0.068
;;;0.01928;-0.068
;;;0.01932;-0.07
;;;0.01936;-0.068
;;;0.0194;-0.068
;;;0.01944;-0.068
;;;0.01948;-0.066
;;;0.01952;-0.066
;;;0.01956;-0.064
;;;0.0196;-0.064
;;;0.01964;-0.06
;;;0.01968;-0.06
;;;0.01972;-0.06
;;;0.01976;-0.06
;;;0.0198;-0.058
;;;0.01984;-0.058
;;;0.01988;-0.056
;;;0.01992;-0.056
;;;0.01996;-0.054
;;;0.02;-0.058
;;;0.02004;-0.054
;;;0.02008;-0.054
;;;0.02012;-0.052
;;;0.02016;-0.052
;;;0.0202;-0.05
;;;0.02024;-0.05
;;;0.02028;-0.048
;;;0.02032;-0.046
;;;0.02036;-0.046
;;;0.0204;-0.046
;;;0.02044;-0.044
;;;0.02048;-0.044
;;;0.02052;-0.044
;;;0.02056;-0.044
;;;0.0206;-0.04
;;;0.02064;-0.042
;;;0.02068;-0.04
;;;0.02072;-0.038
;;;0.02076;-0.038
;;;0.0208;-0.038
;;;0.02084;-0.036
;;;0.02088;-0.036
;;;0.02092;-0.034
;;;0.02096;-0.036
;;;0.021;-0.034
;;;0.02104;-0.034
;;;0.02108;-0.03
;;;0.02112;-0.03
;;;0.02116;-0.028
;;;0.0212;-0.028
;;;0.02124;-0.028
;;;0.02128;-0.026
;;;0.02132;-0.024
;;;0.02136;-0.024
;;;0.0214;-0.022
;;;0.02144;-0.024
;;;0.02148;-0.022
;;;0.02152;-0.02
;;;0.02156;-0.022
;;;0.0216;-0.018
;;;0.02164;-0.016
;;;0.02168;-0.016
;;;0.02172;-0.014
;;;0.02176;-0.014
;;;0.0218;-0.014
;;;0.02184;-0.012
;;;0.02188;-0.01
;;;0.02192;-0.01
;;;0.02196;-0.008
;;;0.022;-0.008
;;;0.02204;-0.008
;;;0.02208;-0.004
;;;0.02212;-0.004
;;;0.02216;-0.004
;;;0.0222;-0.004
;;;0.02224;-0.002
;;;0.02228;-0.002
;;;0.02232;0
;;;0.02236;0
;;;0.0224;0.002
;;;0.02244;0.004
;;;0.02248;0.004
;;;0.02252;0.006
;;;0.02256;0.006
;;;0.0226;0.006
;;;0.02264;0.008
;;;0.02268;0.008
;;;0.02272;0.01
;;;0.02276;0.012
;;;0.0228;0.012
;;;0.02284;0.014
;;;0.02288;0.012
;;;0.02292;0.014
;;;0.02296;0.014
;;;0.023;0.016
;;;0.02304;0.018
;;;0.02308;0.018
;;;0.02312;0.02
;;;0.02316;0.02
;;;0.0232;0.022
;;;0.02324;0.024
;;;0.02328;0.024
;;;0.02332;0.024
;;;0.02336;0.026
;;;0.0234;0.026
;;;0.02344;0.028
;;;0.02348;0.026
;;;0.02352;0.032
;;;0.02356;0.03
;;;0.0236;0.032
;;;0.02364;0.032
;;;0.02368;0.032
;;;0.02372;0.034
;;;0.02376;0.034
;;;0.0238;0.036
;;;0.02384;0.036
;;;0.02388;0.038
;;;0.02392;0.038
;;;0.02396;0.038
;;;0.024;0.04
;;;0.02404;0.042
;;;0.02408;0.042
;;;0.02412;0.042
;;;0.02416;0.044
;;;0.0242;0.046
;;;0.02424;0.046
;;;0.02428;0.046
;;;0.02432;0.048
;;;0.02436;0.05
;;;0.0244;0.048
;;;0.02444;0.05
;;;0.02448;0.054
;;;0.02452;0.05
;;;0.02456;0.054
;;;0.0246;0.05
;;;0.02464;0.056
;;;0.02468;0.058
;;;0.02472;0.058
;;;0.02476;0.058
;;;0.0248;0.058
;;;0.02484;0.058
;;;0.02488;0.058
;;;0.02492;0.06
;;;0.02496;0.06
;;;0.025;0.062
;;;0.02504;0.06
;;;0.02508;0.062
;;;0.02512;0.064
;;;0.02516;0.064
;;;0.0252;0.066
;;;0.02524;0.068
;;;0.02528;0.066
;;;0.02532;0.068
;;;0.02536;0.068
;;;0.0254;0.068
;;;0.02544;0.07
;;;0.02548;0.07
;;;0.02552;0.068
;;;0.02556;0.07
;;;0.0256;0.07
;;;0.02564;0.074
;;;0.02568;0.074
;;;0.02572;0.072
;;;0.02576;0.074
;;;0.0258;0.076
;;;0.02584;0.076
;;;0.02588;0.076
;;;0.02592;0.078
;;;0.02596;0.078
;;;0.026;0.08
;;;0.02604;0.078
;;;0.02608;0.08
;;;0.02612;0.08
;;;0.02616;0.082
;;;0.0262;0.08
;;;0.02624;0.082
;;;0.02628;0.08
;;;0.02632;0.082
;;;0.02636;0.084
;;;0.0264;0.084
;;;0.02644;0.086
;;;0.02648;0.084
;;;0.02652;0.084
;;;0.02656;0.086
;;;0.0266;0.086
;;;0.02664;0.086
;;;0.02668;0.088
;;;0.02672;0.088
;;;0.02676;0.088
;;;0.0268;0.09
;;;0.02684;0.088
;;;0.02688;0.09
;;;0.02692;0.09
;;;0.02696;0.09
;;;0.027;0.09
;;;0.02704;0.09
;;;0.02708;0.092
;;;0.02712;0.09
;;;0.02716;0.094
;;;0.0272;0.092
;;;0.02724;0.094
;;;0.02728;0.094
;;;0.02732;0.092
;;;0.02736;0.092
;;;0.0274;0.094
;;;0.02744;0.094
;;;0.02748;0.094
;;;0.02752;0.094
;;;0.02756;0.096
;;;0.0276;0.094
;;;0.02764;0.096
;;;0.02768;0.094
;;;0.02772;0.098
;;;0.02776;0.096
;;;0.0278;0.096
;;;0.02784;0.096
;;;0.02788;0.096
;;;0.02792;0.094
;;;0.02796;0.096
;;;0.028;0.098
;;;0.02804;0.098
;;;0.02808;0.098
;;;0.02812;0.098
;;;0.02816;0.096
;;;0.0282;0.098
;;;0.02824;0.098
;;;0.02828;0.098
;;;0.02832;0.098
;;;0.02836;0.096
;;;0.0284;0.096
;;;0.02844;0.098
;;;0.02848;0.096
;;;0.02852;0.096
;;;0.02856;0.098
;;;0.0286;0.098
;;;0.02864;0.096
;;;0.02868;0.098
;;;0.02872;0.098
;;;0.02876;0.098
;;;0.0288;0.098
;;;0.02884;0.098
;;;0.02888;0.096
;;;0.02892;0.098
;;;0.02896;0.096
;;;0.029;0.1
;;;0.02904;0.096
;;;0.02908;0.098
;;;0.02912;0.096
;;;0.02916;0.096
;;;0.0292;0.096
;;;0.02924;0.096
;;;0.02928;0.098
;;;0.02932;0.096
;;;0.02936;0.096
;;;0.0294;0.096
;;;0.02944;0.096
;;;0.02948;0.094
;;;0.02952;0.096
;;;0.02956;0.096
;;;0.0296;0.094
;;;0.02964;0.096
;;;0.02968;0.094
;;;0.02972;0.094
;;;0.02976;0.092
;;;0.0298;0.092
;;;0.02984;0.094
;;;0.02988;0.092
;;;0.02992;0.092
;;;0.02996;0.092
;;;0.03;0.092
;;;0.03004;0.092
;;;0.03008;0.09
;;;0.03012;0.09
;;;0.03016;0.092
;;;0.0302;0.09
;;;0.03024;0.088
;;;0.03028;0.088
;;;0.03032;0.088
;;;0.03036;0.09
;;;0.0304;0.09
;;;0.03044;0.088
;;;0.03048;0.086
;;;0.03052;0.086
;;;0.03056;0.084
;;;0.0306;0.086
;;;0.03064;0.084
;;;0.03068;0.086
;;;0.03072;0.084
;;;0.03076;0.082
;;;0.0308;0.08
;;;0.03084;0.082
;;;0.03088;0.08
;;;0.03092;0.08
;;;0.03096;0.078
;;;0.031;0.078
;;;0.03104;0.078
;;;0.03108;0.078
;;;0.03112;0.078
;;;0.03116;0.076
;;;0.0312;0.076
;;;0.03124;0.076
;;;0.03128;0.076
;;;0.03132;0.074
;;;0.03136;0.076
;;;0.0314;0.072
;;;0.03144;0.072
;;;0.03148;0.07
;;;0.03152;0.072
;;;0.03156;0.07
;;;0.0316;0.068
;;;0.03164;0.07
;;;0.03168;0.07
;;;0.03172;0.068
;;;0.03176;0.066
;;;0.0318;0.068
;;;0.03184;0.064
;;;0.03188;0.066
;;;0.03192;0.066
;;;0.03196;0.064
;;;0.032;0.064
;;;0.03204;0.062
;;;0.03208;0.06
;;;0.03212;0.058
;;;0.03216;0.058
;;;0.0322;0.06
;;;0.03224;0.058
;;;0.03228;0.058
;;;0.03232;0.058
;;;0.03236;0.056
;;;0.0324;0.052
;;;0.03244;0.056
;;;0.03248;0.054
;;;0.03252;0.05
;;;0.03256;0.052
;;;0.0326;0.05
;;;0.03264;0.048
;;;0.03268;0.048
;;;0.03272;0.048
;;;0.03276;0.048
;;;0.0328;0.046
;;;0.03284;0.046
;;;0.03288;0.042
;;;0.03292;0.046
;;;0.03296;0.042
;;;0.033;0.042
;;;0.03304;0.042
;;;0.03308;0.042
;;;0.03312;0.04
;;;0.03316;0.038
;;;0.0332;0.036
;;;0.03324;0.036
;;;0.03328;0.034
;;;0.03332;0.034
;;;0.03336;0.034
;;;0.0334;0.032
;;;0.03344;0.032
;;;0.03348;0.032
;;;0.03352;0.028
;;;0.03356;0.028
;;;0.0336;0.026
;;;0.03364;0.03
;;;0.03368;0.026
;;;0.03372;0.026
;;;0.03376;0.024
;;;0.0338;0.024
;;;0.03384;0.022
;;;0.03388;0.022
;;;0.03392;0.02
;;;0.03396;0.02
;;;0.034;0.018
;;;0.03404;0.016
;;;0.03408;0.014
;;;0.03412;0.014
;;;0.03416;0.014
;;;0.0342;0.014
;;;0.03424;0.01
;;;0.03428;0.012
;;;0.03432;0.01
;;;0.03436;0.01
;;;0.0344;0.008
;;;0.03444;0.006
;;;0.03448;0.006
;;;0.03452;0.006
;;;0.03456;0.004
;;;0.0346;0.004
;;;0.03464;0.004
;;;0.03468;0
;;;0.03472;0
;;;0.03476;-0.002
;;;0.0348;0
;;;0.03484;-0.002
;;;0.03488;-0.004
;;;0.03492;-0.004
;;;0.03496;-0.006
;;;0.035;-0.004
;;;0.03504;-0.008
;;;0.03508;-0.012
;;;0.03512;-0.008
;;;0.03516;-0.01
;;;0.0352;-0.01
;;;0.03524;-0.012
;;;0.03528;-0.014
;;;0.03532;-0.016
;;;0.03536;-0.014
;;;0.0354;-0.016
;;;0.03544;-0.018
;;;0.03548;-0.02
;;;0.03552;-0.02
;;;0.03556;-0.02
;;;0.0356;-0.022
;;;0.03564;-0.024
;;;0.03568;-0.022
;;;0.03572;-0.024
;;;0.03576;-0.024
;;;0.0358;-0.028
;;;0.03584;-0.028
;;;0.03588;-0.028
;;;0.03592;-0.028
;;;0.03596;-0.028
;;;0.036;-0.032
;;;0.03604;-0.032
;;;0.03608;-0.034
;;;0.03612;-0.034
;;;0.03616;-0.034
;;;0.0362;-0.034
;;;0.03624;-0.038
;;;0.03628;-0.036
;;;0.03632;-0.038
;;;0.03636;-0.04
;;;0.0364;-0.042
;;;0.03644;-0.042
;;;0.03648;-0.042
;;;0.03652;-0.042
;;;0.03656;-0.046
;;;0.0366;-0.044
;;;0.03664;-0.048
;;;0.03668;-0.046
;;;0.03672;-0.048
;;;0.03676;-0.048
;;;0.0368;-0.05
;;;0.03684;-0.05
;;;0.03688;-0.054
;;;0.03692;-0.052
;;;0.03696;-0.054
;;;0.037;-0.054
;;;0.03704;-0.054
;;;0.03708;-0.054
;;;0.03712;-0.056
;;;0.03716;-0.058
;;;0.0372;-0.058
;;;0.03724;-0.06
;;;0.03728;-0.06
;;;0.03732;-0.06
;;;0.03736;-0.062
;;;0.0374;-0.06
;;;0.03744;-0.064
;;;0.03748;-0.064
;;;0.03752;-0.066
;;;0.03756;-0.064
;;;0.0376;-0.066
;;;0.03764;-0.068
;;;0.03768;-0.068
;;;0.03772;-0.068
;;;0.03776;-0.068
;;;0.0378;-0.068
;;;0.03784;-0.068
;;;0.03788;-0.072
;;;0.03792;-0.074
;;;0.03796;-0.072
;;;0.038;-0.074
;;;0.03804;-0.074
;;;0.03808;-0.074
;;;0.03812;-0.074
;;;0.03816;-0.078
;;;0.0382;-0.076
;;;0.03824;-0.076
;;;0.03828;-0.078
;;;0.03832;-0.078
;;;0.03836;-0.078
;;;0.0384;-0.078
;;;0.03844;-0.08
;;;0.03848;-0.08
;;;0.03852;-0.08
;;;0.03856;-0.084
;;;0.0386;-0.084
;;;0.03864;-0.082
;;;0.03868;-0.082
;;;0.03872;-0.084
;;;0.03876;-0.086
;;;0.0388;-0.086
;;;0.03884;-0.086
;;;0.03888;-0.086
;;;0.03892;-0.088
;;;0.03896;-0.088
;;;0.039;-0.088
;;;0.03904;-0.086
;;;0.03908;-0.09
;;;0.03912;-0.09
;;;0.03916;-0.09
;;;0.0392;-0.092
;;;0.03924;-0.09
;;;0.03928;-0.092
;;;0.03932;-0.092
;;;0.03936;-0.092
;;;0.0394;-0.092
;;;0.03944;-0.092
;;;0.03948;-0.092
;;;0.03952;-0.094
;;;0.03956;-0.094
;;;0.0396;-0.094
;;;0.03964;-0.094
;;;0.03968;-0.094
;;;0.03972;-0.094
;;;0.03976;-0.096
;;;0.0398;-0.096
;;;0.03984;-0.096
;;;0.03988;-0.096
;;;0.03992;-0.094
;;;0.03996;-0.096
;;;0.04;-0.096
;;;0.04004;-0.098
;;;0.04008;-0.098
;;;0.04012;-0.098
;;;0.04016;-0.098
;;;0.0402;-0.1
;;;0.04024;-0.098
;;;0.04028;-0.096
;;;0.04032;-0.1
;;;0.04036;-0.1
;;;0.0404;-0.1
;;;0.04044;-0.098
;;;0.04048;-0.1
;;;0.04052;-0.1
;;;0.04056;-0.1
;;;0.0406;-0.098
;;;0.04064;-0.1
;;;0.04068;-0.1
;;;0.04072;-0.1
;;;0.04076;-0.1
;;;0.0408;-0.1
;;;0.04084;-0.1
;;;0.04088;-0.102
;;;0.04092;-0.1
;;;0.04096;-0.1
;;;0.041;-0.1
;;;0.04104;-0.1
;;;0.04108;-0.1
;;;0.04112;-0.102
;;;0.04116;-0.1
;;;0.0412;-0.1
;;;0.04124;-0.1
;;;0.04128;-0.1
;;;0.04132;-0.1
;;;0.04136;-0.1
;;;0.0414;-0.1
;;;0.04144;-0.1
;;;0.04148;-0.102
;;;0.04152;-0.1
;;;0.04156;-0.098
;;;0.0416;-0.1
;;;0.04164;-0.098
;;;0.04168;-0.098
;;;0.04172;-0.098
;;;0.04176;-0.096
;;;0.0418;-0.098
;;;0.04184;-0.098
;;;0.04188;-0.1
;;;0.04192;-0.096
;;;0.04196;-0.098
;;;0.042;-0.096
;;;0.04204;-0.094
;;;0.04208;-0.096
;;;0.04212;-0.096
;;;0.04216;-0.098
;;;0.0422;-0.098
;;;0.04224;-0.094
;;;0.04228;-0.096
;;;0.04232;-0.094
;;;0.04236;-0.094
;;;0.0424;-0.094
;;;0.04244;-0.096
;;;0.04248;-0.092
;;;0.04252;-0.092
;;;0.04256;-0.094
;;;0.0426;-0.094
;;;0.04264;-0.092
;;;0.04268;-0.094
;;;0.04272;-0.092
;;;0.04276;-0.092
;;;0.0428;-0.09
;;;0.04284;-0.088
;;;0.04288;-0.09
;;;0.04292;-0.088
;;;0.04296;-0.088
;;;0.043;-0.088
;;;0.04304;-0.09
;;;0.04308;-0.086
;;;0.04312;-0.086
;;;0.04316;-0.086
;;;0.0432;-0.086
;;;0.04324;-0.084
;;;0.04328;-0.086
;;;0.04332;-0.084
;;;0.04336;-0.084
;;;0.0434;-0.082
;;;0.04344;-0.084
;;;0.04348;-0.082
;;;0.04352;-0.082
;;;0.04356;-0.08
;;;0.0436;-0.082
;;;0.04364;-0.078
;;;0.04368;-0.078
;;;0.04372;-0.078
;;;0.04376;-0.076
;;;0.0438;-0.078
;;;0.04384;-0.078
;;;0.04388;-0.076
;;;0.04392;-0.074
;;;0.04396;-0.072
;;;0.044;-0.072
;;;0.04404;-0.074
;;;0.04408;-0.074
;;;0.04412;-0.072
;;;0.04416;-0.072
;;;0.0442;-0.072
;;;0.04424;-0.07
;;;0.04428;-0.068
;;;0.04432;-0.068
;;;0.04436;-0.07
;;;0.0444;-0.068
;;;0.04444;-0.068
;;;0.04448;-0.064
;;;0.04452;-0.062
;;;0.04456;-0.062
;;;0.0446;-0.062
;;;0.04464;-0.062
;;;0.04468;-0.06
;;;0.04472;-0.06
;;;0.04476;-0.06
;;;0.0448;-0.056
;;;0.04484;-0.058
;;;0.04488;-0.056
;;;0.04492;-0.058
;;;0.04496;-0.054
;;;0.045;-0.054
;;;0.04504;-0.056
;;;0.04508;-0.054
;;;0.04512;-0.054
;;;0.04516;-0.052
;;;0.0452;-0.052
;;;0.04524;-0.05
;;;0.04528;-0.048
;;;0.04532;-0.048
;;;0.04536;-0.048
;;;0.0454;-0.046
;;;0.04544;-0.044
;;;0.04548;-0.044
;;;0.04552;-0.044
;;;0.04556;-0.042
;;;0.0456;-0.042
;;;0.04564;-0.04
;;;0.04568;-0.04
;;;0.04572;-0.038
;;;0.04576;-0.038
;;;0.0458;-0.038
;;;0.04584;-0.036
;;;0.04588;-0.034
;;;0.04592;-0.034
;;;0.04596;-0.034
;;;0.046;-0.034
;;;0.04604;-0.032
;;;0.04608;-0.03
;;;0.04612;-0.03
;;;0.04616;-0.028
;;;0.0462;-0.026
;;;0.04624;-0.028
;;;0.04628;-0.026
;;;0.04632;-0.024
;;;0.04636;-0.024
;;;0.0464;-0.022
;;;0.04644;-0.022
;;;0.04648;-0.022
;;;0.04652;-0.02
;;;0.04656;-0.018
;;;0.0466;-0.018
;;;0.04664;-0.018
;;;0.04668;-0.016
;;;0.04672;-0.014
;;;0.04676;-0.016
;;;0.0468;-0.014
;;;0.04684;-0.012
;;;0.04688;-0.01
;;;0.04692;-0.008
;;;0.04696;-0.01
;;;0.047;-0.008
;;;0.04704;-0.006
;;;0.04708;-0.008
;;;0.04712;-0.004
;;;0.04716;-0.002
;;;0.0472;-0.002
;;;0.04724;-0.002
;;;0.04728;0
;;;0.04732;0
;;;0.04736;-0.002
;;;0.0474;0.002
;;;0.04744;0.002
;;;0.04748;0.004
;;;0.04752;0.004
;;;0.04756;0.006
;;;0.0476;0.008
;;;0.04764;0.008
;;;0.04768;0.012
;;;0.04772;0.01
;;;0.04776;0.012
;;;0.0478;0.01
;;;0.04784;0.014
;;;0.04788;0.012
;;;0.04792;0.014
;;;0.04796;0.016
;;;0.048;0.018
;;;0.04804;0.016
;;;0.04808;0.018
;;;0.04812;0.018
;;;0.04816;0.02
;;;0.0482;0.022
;;;0.04824;0.022
;;;0.04828;0.024
;;;0.04832;0.022
;;;0.04836;0.026
;;;0.0484;0.028
;;;0.04844;0.028
;;;0.04848;0.026
;;;0.04852;0.028
;;;0.04856;0.03
;;;0.0486;0.03
;;;0.04864;0.032
;;;0.04868;0.032
;;;0.04872;0.034
;;;0.04876;0.036
;;;0.0488;0.036
;;;0.04884;0.036
;;;0.04888;0.036
;;;0.04892;0.038
;;;0.04896;0.038
;;;0.049;0.038
;;;0.04904;0.042
;;;0.04908;0.04
;;;0.04912;0.042
;;;0.04916;0.044
;;;0.0492;0.044
;;;0.04924;0.044
;;;0.04928;0.046
;;;0.04932;0.048
;;;0.04936;0.048
;;;0.0494;0.05
;;;0.04944;0.05
;;;0.04948;0.05
;;;0.04952;0.052
;;;0.04956;0.052
;;;0.0496;0.052
;;;0.04964;0.052
;;;0.04968;0.056
;;;0.04972;0.056
;;;0.04976;0.058
;;;0.0498;0.056
;;;0.04984;0.058
;;;0.04988;0.06
;;;0.04992;0.06
;;;0.04996;0.06
;;;0.05;0.062
;;;0.05004;0.062
;;;0.05008;0.064
;;;0.05012;0.064
;;;0.05016;0.066
;;;0.0502;0.064
;;;0.05024;0.066
;;;0.05028;0.068
;;;0.05032;0.07
;;;0.05036;0.068
;;;0.0504;0.068
;;;0.05044;0.07
;;;0.05048;0.07
;;;0.05052;0.07
;;;0.05056;0.07
;;;0.0506;0.072
;;;0.05064;0.072
;;;0.05068;0.074
;;;0.05072;0.074
;;;0.05076;0.074
;;;0.0508;0.074
;;;0.05084;0.076
;;;0.05088;0.078
;;;0.05092;0.074
;;;0.05096;0.078
;;;0.051;0.078
;;;0.05104;0.08
;;;0.05108;0.08
;;;0.05112;0.08
;;;0.05116;0.082
;;;0.0512;0.082
;;;0.05124;0.08
;;;0.05128;0.082
;;;0.05132;0.082
;;;0.05136;0.084
;;;0.0514;0.084
;;;0.05144;0.084
;;;0.05148;0.086
;;;0.05152;0.086
;;;0.05156;0.084
;;;0.0516;0.088
;;;0.05164;0.086
;;;0.05168;0.088
;;;0.05172;0.088
;;;0.05176;0.09
;;;0.0518;0.09
;;;0.05184;0.09
;;;0.05188;0.088
;;;0.05192;0.09
;;;0.05196;0.09
;;;0.052;0.088
;;;0.05204;0.09
;;;0.05208;0.092
;;;0.05212;0.092
;;;0.05216;0.092
;;;0.0522;0.092
;;;0.05224;0.092
;;;0.05228;0.092
;;;0.05232;0.092
;;;0.05236;0.094
;;;0.0524;0.094
;;;0.05244;0.094
;;;0.05248;0.094
;;;0.05252;0.094
;;;0.05256;0.094
;;;0.0526;0.094
;;;0.05264;0.094
;;;0.05268;0.098
;;;0.05272;0.096
;;;0.05276;0.098
;;;0.0528;0.096
;;;0.05284;0.096
;;;0.05288;0.096
;;;0.05292;0.096
;;;0.05296;0.094
;;;0.053;0.096
;;;0.05304;0.096
;;;0.05308;0.1
;;;0.05312;0.096
;;;0.05316;0.098
;;;0.0532;0.096
;;;0.05324;0.096
;;;0.05328;0.1
;;;0.05332;0.096
;;;0.05336;0.096
;;;0.0534;0.098
;;;0.05344;0.098
;;;0.05348;0.096
;;;0.05352;0.098
;;;0.05356;0.1
;;;0.0536;0.098
;;;0.05364;0.096
;;;0.05368;0.098
;;;0.05372;0.098
;;;0.05376;0.098
;;;0.0538;0.098
;;;0.05384;0.1
;;;0.05388;0.096
;;;0.05392;0.096
;;;0.05396;0.096
;;;0.054;0.098
;;;0.05404;0.098
;;;0.05408;0.096
;;;0.05412;0.096
;;;0.05416;0.098
;;;0.0542;0.096
;;;0.05424;0.096
;;;0.05428;0.096
;;;0.05432;0.096
;;;0.05436;0.096
;;;0.0544;0.094
;;;0.05444;0.096
;;;0.05448;0.094
;;;0.05452;0.094
;;;0.05456;0.094
;;;0.0546;0.094
;;;0.05464;0.094
;;;0.05468;0.092
;;;0.05472;0.094
;;;0.05476;0.092
;;;0.0548;0.094
;;;0.05484;0.092
;;;0.05488;0.094
;;;0.05492;0.092
;;;0.05496;0.092
;;;0.055;0.09
;;;0.05504;0.092
;;;0.05508;0.092
;;;0.05512;0.092
;;;0.05516;0.09
;;;0.0552;0.088
;;;0.05524;0.088
;;;0.05528;0.088
;;;0.05532;0.09
;;;0.05536;0.09
;;;0.0554;0.088
;;;0.05544;0.086
;;;0.05548;0.086
;;;0.05552;0.084
;;;0.05556;0.086
;;;0.0556;0.084
;;;0.05564;0.084
;;;0.05568;0.084
;;;0.05572;0.084
;;;0.05576;0.084
;;;0.0558;0.082
;;;0.05584;0.082
;;;0.05588;0.084
;;;0.05592;0.08
;;;0.05596;0.082
;;;0.056;0.078
;;;0.05604;0.08
;;;0.05608;0.076
;;;0.05612;0.078
;;;0.05616;0.078
;;;0.0562;0.076
;;;0.05624;0.078
;;;0.05628;0.076
;;;0.05632;0.076
;;;0.05636;0.076
;;;0.0564;0.074
;;;0.05644;0.07
;;;0.05648;0.072
;;;0.05652;0.07
;;;0.05656;0.072
;;;0.0566;0.07
;;;0.05664;0.068
;;;0.05668;0.068
;;;0.05672;0.068
;;;0.05676;0.068
;;;0.0568;0.066
;;;0.05684;0.068
;;;0.05688;0.064
;;;0.05692;0.064
;;;0.05696;0.064
;;;0.057;0.062
;;;0.05704;0.064
;;;0.05708;0.06
;;;0.05712;0.06
;;;0.05716;0.058
;;;0.0572;0.06
;;;0.05724;0.058
;;;0.05728;0.058
;;;0.05732;0.054
;;;0.05736;0.056
;;;0.0574;0.054
;;;0.05744;0.054
;;;0.05748;0.052
;;;0.05752;0.054
;;;0.05756;0.05
;;;0.0576;0.048
;;;0.05764;0.048
;;;0.05768;0.05
;;;0.05772;0.048
;;;0.05776;0.046
;;;0.0578;0.048
;;;0.05784;0.044
;;;0.05788;0.048
;;;0.05792;0.044
;;;0.05796;0.042
;;;0.058;0.042
;;;0.05804;0.04
;;;0.05808;0.04
;;;0.05812;0.038
;;;0.05816;0.038
;;;0.0582;0.038
;;;0.05824;0.038
;;;0.05828;0.034
;;;0.05832;0.032
;;;0.05836;0.034
;;;0.0584;0.036
;;;0.05844;0.032
;;;0.05848;0.032
;;;0.05852;0.03
;;;0.05856;0.03
;;;0.0586;0.026
;;;0.05864;0.028
;;;0.05868;0.026
;;;0.05872;0.024
;;;0.05876;0.024
;;;0.0588;0.024
;;;0.05884;0.024
;;;0.05888;0.018
;;;0.05892;0.02
;;;0.05896;0.018
;;;0.059;0.018
;;;0.05904;0.018
;;;0.05908;0.016
;;;0.05912;0.014
;;;0.05916;0.012
;;;0.0592;0.012
;;;0.05924;0.014
;;;0.05928;0.012
;;;0.05932;0.01
;;;0.05936;0.01
;;;0.0594;0.008
;;;0.05944;0.006
;;;0.05948;0.006
;;;0.05952;0.006
;;;0.05956;0.004
;;;0.0596;0.002
;;;0.05964;0.002
;;;0.05968;0
;;;0.05972;0
;;;0.05976;-0.002
;;;0.0598;-0.002
;;;0.05984;-0.002
;;;0.05988;-0.004
;;;0.05992;-0.004
;;;0.05996;-0.006
;;;0.06;-0.006
;;;0.06004;-0.008
;;;0.06008;-0.008
;;;0.06012;-0.008
;;;0.06016;-0.01
;;;0.0602;-0.012
;;;0.06024;-0.012
;;;0.06028;-0.014
;;;0.06032;-0.016
;;;0.06036;-0.016
;;;0.0604;-0.014
;;;0.06044;-0.018
;;;0.06048;-0.018
;;;0.06052;-0.02
;;;0.06056;-0.022
;;;0.0606;-0.022
;;;0.06064;-0.022
;;;0.06068;-0.022
;;;0.06072;-0.024
;;;0.06076;-0.026
;;;0.0608;-0.026
;;;0.06084;-0.028
;;;0.06088;-0.028
;;;0.06092;-0.028
;;;0.06096;-0.028
;;;0.061;-0.03
;;;0.06104;-0.034
;;;0.06108;-0.036
;;;0.06112;-0.036
;;;0.06116;-0.036
;;;0.0612;-0.034
;;;0.06124;-0.036
;;;0.06128;-0.036
;;;0.06132;-0.038
;;;0.06136;-0.04
;;;0.0614;-0.042
;;;0.06144;-0.042
;;;0.06148;-0.042
;;;0.06152;-0.042
;;;0.06156;-0.046
;;;0.0616;-0.044
;;;0.06164;-0.046
;;;0.06168;-0.044
;;;0.06172;-0.048
;;;0.06176;-0.048
;;;0.0618;-0.048
;;;0.06184;-0.052
;;;0.06188;-0.052
;;;0.06192;-0.05
;;;0.06196;-0.052
;;;0.062;-0.052
;;;0.06204;-0.054
;;;0.06208;-0.056
;;;0.06212;-0.056
;;;0.06216;-0.056
;;;0.0622;-0.06
;;;0.06224;-0.058
;;;0.06228;-0.058
;;;0.06232;-0.058
;;;0.06236;-0.06
;;;0.0624;-0.064
;;;0.06244;-0.062
;;;0.06248;-0.066
;;;0.06252;-0.064
;;;0.06256;-0.064
;;;0.0626;-0.066
;;;0.06264;-0.066
;;;0.06268;-0.064
;;;0.06272;-0.068
;;;0.06276;-0.068
;;;0.0628;-0.07
;;;0.06284;-0.072
;;;0.06288;-0.072
;;;0.06292;-0.07
;;;0.06296;-0.072
;;;0.063;-0.072
;;;0.06304;-0.074
;;;0.06308;-0.076
;;;0.06312;-0.074
;;;0.06316;-0.078
;;;0.0632;-0.076
;;;0.06324;-0.076
;;;0.06328;-0.078
;;;0.06332;-0.076
;;;0.06336;-0.078
;;;0.0634;-0.078
;;;0.06344;-0.08
;;;0.06348;-0.08
;;;0.06352;-0.08
;;;0.06356;-0.08
;;;0.0636;-0.084
;;;0.06364;-0.082
;;;0.06368;-0.084
;;;0.06372;-0.084
;;;0.06376;-0.084
;;;0.0638;-0.086
;;;0.06384;-0.084
;;;0.06388;-0.086
;;;0.06392;-0.086
;;;0.06396;-0.086
;;;0.064;-0.088
;;;0.06404;-0.088
;;;0.06408;-0.088
;;;0.06412;-0.088
;;;0.06416;-0.09
;;;0.0642;-0.092
;;;0.06424;-0.088
;;;0.06428;-0.092
;;;0.06432;-0.09
;;;0.06436;-0.092
