Record Length,2.500000e+03,,   0.012400000000,  -0.10000,;;;;
Sample Interval,4.000000e-06,,   0.012404000000,  -0.10000,;;;;
Trigger Point,-3.100000000000e+03,,   0.012408000000,  -0.10000,;;;;
,,,   0.012412000000,  -0.10000,;;;;
,,,   0.012416000000,  -0.10000,;;;;
,,,   0.012420000000,  -0.10000,;;;;
Source,CH2,,   0.012424000000,  -0.10000,;;;;
Vertical Units,V,,   0.012428000000,  -0.09800,;;;;
Vertical Scale,5.000000e-02,,   0.012432000000,  -0.10000,;;;;
Vertical Offset,0.000000e+00,,   0.012436000000,  -0.10000,;;;;
Horizontal Units,s,,   0.012440000000,  -0.10000,;;;;
Horizontal Scale,1.000000e-03,,   0.012444000000,  -0.10000,;;;;
Pt Fmt,Y,,   0.012448000000,  -0.09800,;;;;
Yzero,0.000000e+00,,   0.012452000000,  -0.09800,;;;;
Probe Atten,1.000000e+00,,   0.012456000000,  -0.10000,;;;;
Model Number,TDS2024C,,   0.012460000000,  -0.10000,;;;;
Serial Number,C013728,,   0.012464000000,  -0.10000,;;;;
Firmware Version,FV:v24.15,,   0.012468000000,  -0.09800,;;;;
;;;0.012472;-0.1
;;;0.012476;-0.1
;;;0.01248;-0.102
;;;0.012484;-0.1
;;;0.012488;-0.1
;;;0.012492;-0.1
;;;0.012496;-0.1
;;;0.0125;-0.098
;;;0.012504;-0.1
;;;0.012508;-0.1
;;;0.012512;-0.1
;;;0.012516;-0.1
;;;0.01252;-0.1
;;;0.012524;-0.1
;;;0.012528;-0.1
;;;0.012532;-0.098
;;;0.012536;-0.098
;;;0.01254;-0.1
;;;0.012544;-0.1
;;;0.012548;-0.098
;;;0.012552;-0.1
;;;0.012556;-0.1
;;;0.01256;-0.1
;;;0.012564;-0.1
;;;0.012568;-0.1
;;;0.012572;-0.1
;;;0.012576;-0.1
;;;0.01258;-0.098
;;;0.012584;-0.1
;;;0.012588;-0.1
;;;0.012592;-0.098
;;;0.012596;-0.1
;;;0.0126;-0.098
;;;0.012604;-0.098
;;;0.012608;-0.098
;;;0.012612;-0.098
;;;0.012616;-0.1
;;;0.01262;-0.098
;;;0.012624;-0.098
;;;0.012628;-0.1
;;;0.012632;-0.098
;;;0.012636;-0.1
;;;0.01264;-0.098
;;;0.012644;-0.102
;;;0.012648;-0.1
;;;0.012652;-0.1
;;;0.012656;-0.098
;;;0.01266;-0.098
;;;0.012664;-0.1
;;;0.012668;-0.098
;;;0.012672;-0.098
;;;0.012676;-0.1
;;;0.01268;-0.1
;;;0.012684;-0.1
;;;0.012688;-0.1
;;;0.012692;-0.098
;;;0.012696;-0.102
;;;0.0127;-0.1
;;;0.012704;-0.1
;;;0.012708;-0.1
;;;0.012712;-0.1
;;;0.012716;-0.102
;;;0.01272;-0.1
;;;0.012724;-0.1
;;;0.012728;-0.1
;;;0.012732;-0.1
;;;0.012736;-0.1
;;;0.01274;-0.1
;;;0.012744;-0.102
;;;0.012748;-0.1
;;;0.012752;-0.1
;;;0.012756;-0.098
;;;0.01276;-0.1
;;;0.012764;-0.1
;;;0.012768;-0.1
;;;0.012772;-0.1
;;;0.012776;-0.102
;;;0.01278;-0.1
;;;0.012784;-0.1
;;;0.012788;-0.1
;;;0.012792;-0.1
;;;0.012796;-0.1
;;;0.0128;-0.1
;;;0.012804;-0.098
;;;0.012808;-0.1
;;;0.012812;-0.1
;;;0.012816;-0.1
;;;0.01282;-0.1
;;;0.012824;-0.1
;;;0.012828;-0.1
;;;0.012832;-0.1
;;;0.012836;-0.098
;;;0.01284;-0.1
;;;0.012844;-0.1
;;;0.012848;-0.1
;;;0.012852;-0.1
;;;0.012856;-0.098
;;;0.01286;-0.102
;;;0.012864;-0.1
;;;0.012868;-0.1
;;;0.012872;-0.098
;;;0.012876;-0.1
;;;0.01288;-0.1
;;;0.012884;-0.1
;;;0.012888;-0.102
;;;0.012892;-0.098
;;;0.012896;-0.1
;;;0.0129;-0.1
;;;0.012904;-0.1
;;;0.012908;-0.098
;;;0.012912;-0.098
;;;0.012916;-0.1
;;;0.01292;-0.1
;;;0.012924;-0.1
;;;0.012928;-0.1
;;;0.012932;-0.102
;;;0.012936;-0.1
;;;0.01294;-0.1
;;;0.012944;-0.1
;;;0.012948;-0.1
;;;0.012952;-0.098
;;;0.012956;-0.1
;;;0.01296;-0.098
;;;0.012964;-0.1
;;;0.012968;-0.1
;;;0.012972;-0.1
;;;0.012976;-0.1
;;;0.01298;-0.1
;;;0.012984;-0.1
;;;0.012988;-0.1
;;;0.012992;-0.098
;;;0.012996;-0.1
;;;0.013;-0.1
;;;0.013004;-0.1
;;;0.013008;-0.102
;;;0.013012;-0.1
;;;0.013016;-0.102
;;;0.01302;-0.1
;;;0.013024;-0.1
;;;0.013028;-0.1
;;;0.013032;-0.1
;;;0.013036;-0.102
;;;0.01304;-0.1
;;;0.013044;-0.098
;;;0.013048;-0.1
;;;0.013052;-0.1
;;;0.013056;-0.1
;;;0.01306;-0.1
;;;0.013064;-0.098
;;;0.013068;-0.1
;;;0.013072;-0.098
;;;0.013076;-0.1
;;;0.01308;-0.098
;;;0.013084;-0.1
;;;0.013088;-0.1
;;;0.013092;-0.1
;;;0.013096;-0.098
;;;0.0131;-0.1
;;;0.013104;-0.098
;;;0.013108;-0.1
;;;0.013112;-0.1
;;;0.013116;-0.1
;;;0.01312;-0.1
;;;0.013124;-0.1
;;;0.013128;-0.1
;;;0.013132;-0.1
;;;0.013136;-0.098
;;;0.01314;-0.1
;;;0.013144;-0.1
;;;0.013148;-0.098
;;;0.013152;-0.1
;;;0.013156;-0.1
;;;0.01316;-0.1
;;;0.013164;-0.1
;;;0.013168;-0.1
;;;0.013172;-0.1
;;;0.013176;-0.098
;;;0.01318;-0.1
;;;0.013184;-0.1
;;;0.013188;-0.1
;;;0.013192;-0.1
;;;0.013196;-0.098
;;;0.0132;-0.1
;;;0.013204;-0.098
;;;0.013208;-0.1
;;;0.013212;-0.1
;;;0.013216;-0.1
;;;0.01322;-0.1
;;;0.013224;-0.1
;;;0.013228;-0.1
;;;0.013232;-0.1
;;;0.013236;-0.1
;;;0.01324;-0.098
;;;0.013244;-0.1
;;;0.013248;-0.098
;;;0.013252;-0.1
;;;0.013256;-0.1
;;;0.01326;-0.098
;;;0.013264;-0.1
;;;0.013268;-0.1
;;;0.013272;-0.098
;;;0.013276;-0.1
;;;0.01328;-0.102
;;;0.013284;-0.1
;;;0.013288;-0.1
;;;0.013292;-0.1
;;;0.013296;-0.1
;;;0.0133;-0.1
;;;0.013304;-0.1
;;;0.013308;-0.098
;;;0.013312;-0.102
;;;0.013316;-0.102
;;;0.01332;-0.1
;;;0.013324;-0.1
;;;0.013328;-0.1
;;;0.013332;-0.1
;;;0.013336;-0.1
;;;0.01334;-0.098
;;;0.013344;-0.1
;;;0.013348;-0.098
;;;0.013352;-0.098
;;;0.013356;-0.098
;;;0.01336;-0.1
;;;0.013364;-0.1
;;;0.013368;-0.102
;;;0.013372;-0.1
;;;0.013376;-0.1
;;;0.01338;-0.1
;;;0.013384;-0.1
;;;0.013388;-0.1
;;;0.013392;-0.1
;;;0.013396;-0.1
;;;0.0134;-0.1
;;;0.013404;-0.1
;;;0.013408;-0.1
;;;0.013412;-0.1
;;;0.013416;-0.1
;;;0.01342;-0.1
;;;0.013424;-0.098
;;;0.013428;-0.098
;;;0.013432;-0.1
;;;0.013436;-0.1
;;;0.01344;-0.1
;;;0.013444;-0.102
;;;0.013448;-0.102
;;;0.013452;-0.098
;;;0.013456;-0.1
;;;0.01346;-0.1
;;;0.013464;-0.1
;;;0.013468;-0.1
;;;0.013472;-0.1
;;;0.013476;-0.1
;;;0.01348;-0.098
;;;0.013484;-0.1
;;;0.013488;-0.1
;;;0.013492;-0.1
;;;0.013496;-0.1
;;;0.0135;-0.098
;;;0.013504;-0.1
;;;0.013508;-0.1
;;;0.013512;-0.1
;;;0.013516;-0.1
;;;0.01352;-0.1
;;;0.013524;-0.1
;;;0.013528;-0.1
;;;0.013532;-0.1
;;;0.013536;-0.102
;;;0.01354;-0.102
;;;0.013544;-0.1
;;;0.013548;-0.1
;;;0.013552;-0.1
;;;0.013556;-0.098
;;;0.01356;-0.1
;;;0.013564;-0.098
;;;0.013568;-0.1
;;;0.013572;-0.1
;;;0.013576;-0.1
;;;0.01358;-0.1
;;;0.013584;-0.1
;;;0.013588;-0.1
;;;0.013592;-0.1
;;;0.013596;-0.1
;;;0.0136;-0.098
;;;0.013604;-0.1
;;;0.013608;-0.102
;;;0.013612;-0.098
;;;0.013616;-0.1
;;;0.01362;-0.1
;;;0.013624;-0.1
;;;0.013628;-0.1
;;;0.013632;-0.098
;;;0.013636;-0.1
;;;0.01364;-0.102
;;;0.013644;-0.098
;;;0.013648;-0.1
;;;0.013652;-0.098
;;;0.013656;-0.1
;;;0.01366;-0.102
;;;0.013664;-0.1
;;;0.013668;-0.1
;;;0.013672;-0.1
;;;0.013676;-0.098
;;;0.01368;-0.1
;;;0.013684;-0.098
;;;0.013688;-0.1
;;;0.013692;-0.1
;;;0.013696;-0.1
;;;0.0137;-0.1
;;;0.013704;-0.1
;;;0.013708;-0.1
;;;0.013712;-0.1
;;;0.013716;-0.1
;;;0.01372;-0.098
;;;0.013724;-0.1
;;;0.013728;-0.098
;;;0.013732;-0.098
;;;0.013736;-0.1
;;;0.01374;-0.098
;;;0.013744;-0.1
;;;0.013748;-0.1
;;;0.013752;-0.1
;;;0.013756;-0.1
;;;0.01376;-0.1
;;;0.013764;-0.1
;;;0.013768;-0.1
;;;0.013772;-0.1
;;;0.013776;-0.1
;;;0.01378;-0.1
;;;0.013784;-0.098
;;;0.013788;-0.098
;;;0.013792;-0.1
;;;0.013796;-0.102
;;;0.0138;-0.1
;;;0.013804;-0.1
;;;0.013808;-0.1
;;;0.013812;-0.1
;;;0.013816;-0.1
;;;0.01382;-0.1
;;;0.013824;-0.1
;;;0.013828;-0.098
;;;0.013832;-0.102
;;;0.013836;-0.1
;;;0.01384;-0.1
;;;0.013844;-0.1
;;;0.013848;-0.098
;;;0.013852;-0.1
;;;0.013856;-0.1
;;;0.01386;-0.1
;;;0.013864;-0.1
;;;0.013868;-0.098
;;;0.013872;-0.1
;;;0.013876;-0.1
;;;0.01388;-0.1
;;;0.013884;-0.102
;;;0.013888;-0.102
;;;0.013892;-0.1
;;;0.013896;-0.1
;;;0.0139;-0.1
;;;0.013904;-0.1
;;;0.013908;-0.1
;;;0.013912;-0.1
;;;0.013916;-0.1
;;;0.01392;-0.1
;;;0.013924;-0.1
;;;0.013928;-0.1
;;;0.013932;-0.1
;;;0.013936;-0.1
;;;0.01394;-0.1
;;;0.013944;-0.102
;;;0.013948;-0.1
;;;0.013952;-0.1
;;;0.013956;-0.1
;;;0.01396;-0.098
;;;0.013964;-0.102
;;;0.013968;-0.1
;;;0.013972;-0.1
;;;0.013976;-0.1
;;;0.01398;-0.1
;;;0.013984;-0.1
;;;0.013988;-0.1
;;;0.013992;-0.1
;;;0.013996;-0.1
;;;0.014;-0.1
;;;0.014004;-0.102
;;;0.014008;-0.098
;;;0.014012;-0.1
;;;0.014016;-0.1
;;;0.01402;-0.1
;;;0.014024;-0.1
;;;0.014028;-0.1
;;;0.014032;-0.1
;;;0.014036;-0.102
;;;0.01404;-0.1
;;;0.014044;-0.1
;;;0.014048;-0.1
;;;0.014052;-0.102
;;;0.014056;-0.098
;;;0.01406;-0.1
;;;0.014064;-0.098
;;;0.014068;-0.1
;;;0.014072;-0.102
;;;0.014076;-0.1
;;;0.01408;-0.1
;;;0.014084;-0.1
;;;0.014088;-0.1
;;;0.014092;-0.1
;;;0.014096;-0.1
;;;0.0141;-0.1
;;;0.014104;-0.1
;;;0.014108;-0.1
;;;0.014112;-0.1
;;;0.014116;-0.098
;;;0.01412;-0.1
;;;0.014124;-0.1
;;;0.014128;-0.1
;;;0.014132;-0.1
;;;0.014136;-0.1
;;;0.01414;-0.098
;;;0.014144;-0.102
;;;0.014148;-0.102
;;;0.014152;-0.1
;;;0.014156;-0.1
;;;0.01416;-0.1
;;;0.014164;-0.1
;;;0.014168;-0.102
;;;0.014172;-0.1
;;;0.014176;-0.1
;;;0.01418;-0.098
;;;0.014184;-0.1
;;;0.014188;-0.1
;;;0.014192;-0.1
;;;0.014196;-0.1
;;;0.0142;-0.1
;;;0.014204;-0.1
;;;0.014208;-0.1
;;;0.014212;-0.1
;;;0.014216;-0.102
;;;0.01422;-0.1
;;;0.014224;-0.098
;;;0.014228;-0.1
;;;0.014232;-0.1
;;;0.014236;-0.1
;;;0.01424;-0.1
;;;0.014244;-0.1
;;;0.014248;-0.1
;;;0.014252;-0.1
;;;0.014256;-0.1
;;;0.01426;-0.1
;;;0.014264;-0.1
;;;0.014268;-0.1
;;;0.014272;-0.1
;;;0.014276;-0.1
;;;0.01428;-0.1
;;;0.014284;-0.098
;;;0.014288;-0.1
;;;0.014292;0.094
;;;0.014296;0.094
;;;0.0143;0.094
;;;0.014304;0.092
;;;0.014308;0.096
;;;0.014312;0.092
;;;0.014316;0.094
;;;0.01432;0.094
;;;0.014324;0.094
;;;0.014328;0.092
;;;0.014332;0.094
;;;0.014336;0.094
;;;0.01434;0.094
;;;0.014344;0.094
;;;0.014348;0.094
;;;0.014352;0.094
;;;0.014356;0.092
;;;0.01436;0.094
;;;0.014364;0.094
;;;0.014368;0.094
;;;0.014372;0.094
;;;0.014376;0.094
;;;0.01438;0.094
;;;0.014384;0.094
;;;0.014388;0.094
;;;0.014392;0.092
;;;0.014396;0.094
;;;0.0144;0.096
;;;0.014404;0.094
;;;0.014408;0.094
;;;0.014412;0.094
;;;0.014416;0.094
;;;0.01442;0.094
;;;0.014424;0.094
;;;0.014428;0.094
;;;0.014432;0.094
;;;0.014436;0.094
;;;0.01444;0.094
;;;0.014444;0.094
;;;0.014448;0.094
;;;0.014452;0.094
;;;0.014456;0.094
;;;0.01446;0.094
;;;0.014464;0.094
;;;0.014468;0.094
;;;0.014472;0.094
;;;0.014476;0.094
;;;0.01448;0.094
;;;0.014484;0.094
;;;0.014488;0.094
;;;0.014492;0.094
;;;0.014496;0.094
;;;0.0145;0.094
;;;0.014504;0.092
;;;0.014508;0.094
;;;0.014512;0.092
;;;0.014516;0.094
;;;0.01452;0.094
;;;0.014524;0.094
;;;0.014528;0.092
;;;0.014532;0.096
;;;0.014536;0.096
;;;0.01454;0.094
;;;0.014544;0.092
;;;0.014548;0.094
;;;0.014552;0.094
;;;0.014556;0.094
;;;0.01456;0.094
;;;0.014564;0.092
;;;0.014568;0.094
;;;0.014572;0.096
;;;0.014576;0.094
;;;0.01458;0.094
;;;0.014584;0.094
;;;0.014588;0.096
;;;0.014592;0.094
;;;0.014596;0.096
;;;0.0146;0.094
;;;0.014604;0.094
;;;0.014608;0.096
;;;0.014612;0.094
;;;0.014616;0.096
;;;0.01462;0.094
;;;0.014624;0.094
;;;0.014628;0.094
;;;0.014632;0.094
;;;0.014636;0.094
;;;0.01464;0.094
;;;0.014644;0.096
;;;0.014648;0.094
;;;0.014652;0.092
;;;0.014656;0.096
;;;0.01466;0.094
;;;0.014664;0.096
;;;0.014668;0.096
;;;0.014672;0.094
;;;0.014676;0.096
;;;0.01468;0.096
;;;0.014684;0.094
;;;0.014688;0.094
;;;0.014692;0.092
;;;0.014696;0.094
;;;0.0147;0.094
;;;0.014704;0.094
;;;0.014708;0.094
;;;0.014712;0.094
;;;0.014716;0.094
;;;0.01472;0.096
;;;0.014724;0.096
;;;0.014728;0.094
;;;0.014732;0.096
;;;0.014736;0.094
;;;0.01474;0.098
;;;0.014744;0.096
;;;0.014748;0.096
;;;0.014752;0.096
;;;0.014756;0.094
;;;0.01476;0.096
;;;0.014764;0.094
;;;0.014768;0.094
;;;0.014772;0.094
;;;0.014776;0.094
;;;0.01478;0.094
;;;0.014784;0.094
;;;0.014788;0.094
;;;0.014792;0.092
;;;0.014796;0.096
;;;0.0148;0.094
;;;0.014804;0.096
;;;0.014808;0.094
;;;0.014812;0.094
;;;0.014816;0.094
;;;0.01482;0.096
;;;0.014824;0.094
;;;0.014828;0.094
;;;0.014832;0.094
;;;0.014836;0.096
;;;0.01484;0.096
;;;0.014844;0.094
;;;0.014848;0.094
;;;0.014852;0.094
;;;0.014856;0.094
;;;0.01486;0.094
;;;0.014864;0.094
;;;0.014868;0.096
;;;0.014872;0.094
;;;0.014876;0.094
;;;0.01488;0.094
;;;0.014884;0.096
;;;0.014888;0.094
;;;0.014892;0.094
;;;0.014896;0.094
;;;0.0149;0.094
;;;0.014904;0.094
;;;0.014908;0.096
;;;0.014912;0.094
;;;0.014916;0.094
;;;0.01492;0.094
;;;0.014924;0.094
;;;0.014928;0.096
;;;0.014932;0.096
;;;0.014936;0.094
;;;0.01494;0.092
;;;0.014944;0.096
;;;0.014948;0.096
;;;0.014952;0.094
;;;0.014956;0.094
;;;0.01496;0.096
;;;0.014964;0.096
;;;0.014968;0.096
;;;0.014972;0.096
;;;0.014976;0.094
;;;0.01498;0.096
;;;0.014984;0.094
;;;0.014988;0.096
;;;0.014992;0.094
;;;0.014996;0.094
;;;0.015;0.094
;;;0.015004;0.096
;;;0.015008;0.096
;;;0.015012;0.096
;;;0.015016;0.094
;;;0.01502;0.096
;;;0.015024;0.094
;;;0.015028;0.094
;;;0.015032;0.094
;;;0.015036;0.096
;;;0.01504;0.094
;;;0.015044;0.094
;;;0.015048;0.096
;;;0.015052;0.096
;;;0.015056;0.098
;;;0.01506;0.096
;;;0.015064;0.094
;;;0.015068;0.096
;;;0.015072;0.098
;;;0.015076;0.094
;;;0.01508;0.096
;;;0.015084;0.094
;;;0.015088;0.096
;;;0.015092;0.096
;;;0.015096;0.096
;;;0.0151;0.096
;;;0.015104;0.094
;;;0.015108;0.096
;;;0.015112;0.094
;;;0.015116;0.094
;;;0.01512;0.096
;;;0.015124;0.094
;;;0.015128;0.094
;;;0.015132;0.096
;;;0.015136;0.094
;;;0.01514;0.094
;;;0.015144;0.094
;;;0.015148;0.096
;;;0.015152;0.096
;;;0.015156;0.096
;;;0.01516;0.094
;;;0.015164;0.094
;;;0.015168;0.094
;;;0.015172;0.094
;;;0.015176;0.094
;;;0.01518;0.094
;;;0.015184;0.096
;;;0.015188;0.094
;;;0.015192;0.094
;;;0.015196;0.096
;;;0.0152;0.096
;;;0.015204;0.096
;;;0.015208;0.094
;;;0.015212;0.094
;;;0.015216;0.094
;;;0.01522;0.094
;;;0.015224;0.094
;;;0.015228;0.096
;;;0.015232;0.096
;;;0.015236;0.096
;;;0.01524;0.094
;;;0.015244;0.096
;;;0.015248;0.096
;;;0.015252;0.096
;;;0.015256;0.096
;;;0.01526;0.094
;;;0.015264;0.096
;;;0.015268;0.096
;;;0.015272;0.096
;;;0.015276;0.096
;;;0.01528;0.094
;;;0.015284;0.096
;;;0.015288;0.096
;;;0.015292;0.098
;;;0.015296;0.096
;;;0.0153;0.098
;;;0.015304;0.096
;;;0.015308;0.096
;;;0.015312;0.094
;;;0.015316;0.096
;;;0.01532;0.096
;;;0.015324;0.094
;;;0.015328;0.096
;;;0.015332;0.096
;;;0.015336;0.094
;;;0.01534;0.094
;;;0.015344;0.096
;;;0.015348;0.096
;;;0.015352;0.096
;;;0.015356;0.094
;;;0.01536;0.096
;;;0.015364;0.094
;;;0.015368;0.096
;;;0.015372;0.096
;;;0.015376;0.096
;;;0.01538;0.096
;;;0.015384;0.096
;;;0.015388;0.096
;;;0.015392;0.094
;;;0.015396;0.094
;;;0.0154;0.096
;;;0.015404;0.096
;;;0.015408;0.096
;;;0.015412;0.094
;;;0.015416;0.098
;;;0.01542;0.096
;;;0.015424;0.096
;;;0.015428;0.1
;;;0.015432;0.096
;;;0.015436;0.096
;;;0.01544;0.098
;;;0.015444;0.094
;;;0.015448;0.096
;;;0.015452;0.094
;;;0.015456;0.098
;;;0.01546;0.096
;;;0.015464;0.094
;;;0.015468;0.096
;;;0.015472;0.096
;;;0.015476;0.096
;;;0.01548;0.094
;;;0.015484;0.096
;;;0.015488;0.096
;;;0.015492;0.096
;;;0.015496;0.096
;;;0.0155;0.098
;;;0.015504;0.094
;;;0.015508;0.096
;;;0.015512;0.094
;;;0.015516;0.094
;;;0.01552;0.096
;;;0.015524;0.094
;;;0.015528;0.096
;;;0.015532;0.094
;;;0.015536;0.096
;;;0.01554;0.096
;;;0.015544;0.096
;;;0.015548;0.096
;;;0.015552;0.096
;;;0.015556;0.098
;;;0.01556;0.096
;;;0.015564;0.096
;;;0.015568;0.096
;;;0.015572;0.096
;;;0.015576;0.096
;;;0.01558;0.096
;;;0.015584;0.094
;;;0.015588;0.096
;;;0.015592;0.094
;;;0.015596;0.096
;;;0.0156;0.096
;;;0.015604;0.096
;;;0.015608;0.098
;;;0.015612;0.096
;;;0.015616;0.096
;;;0.01562;0.096
;;;0.015624;0.094
;;;0.015628;0.096
;;;0.015632;0.096
;;;0.015636;0.096
;;;0.01564;0.096
;;;0.015644;0.096
;;;0.015648;0.096
;;;0.015652;0.094
;;;0.015656;0.096
;;;0.01566;0.094
;;;0.015664;0.096
;;;0.015668;0.096
;;;0.015672;0.096
;;;0.015676;0.096
;;;0.01568;0.094
;;;0.015684;0.094
;;;0.015688;0.096
;;;0.015692;0.098
;;;0.015696;0.096
;;;0.0157;0.094
;;;0.015704;0.096
;;;0.015708;0.096
;;;0.015712;0.096
;;;0.015716;0.096
;;;0.01572;0.094
;;;0.015724;0.096
;;;0.015728;0.096
;;;0.015732;0.094
;;;0.015736;0.098
;;;0.01574;0.096
;;;0.015744;0.096
;;;0.015748;0.096
;;;0.015752;0.096
;;;0.015756;0.096
;;;0.01576;0.096
;;;0.015764;0.096
;;;0.015768;0.096
;;;0.015772;0.094
;;;0.015776;0.094
;;;0.01578;0.098
;;;0.015784;0.096
;;;0.015788;0.094
;;;0.015792;0.096
;;;0.015796;0.096
;;;0.0158;0.096
;;;0.015804;0.096
;;;0.015808;0.096
;;;0.015812;0.098
;;;0.015816;0.098
;;;0.01582;0.096
;;;0.015824;0.096
;;;0.015828;0.096
;;;0.015832;0.096
;;;0.015836;0.096
;;;0.01584;0.098
;;;0.015844;0.096
;;;0.015848;0.094
;;;0.015852;0.096
;;;0.015856;0.096
;;;0.01586;0.094
;;;0.015864;0.096
;;;0.015868;0.096
;;;0.015872;0.096
;;;0.015876;0.096
;;;0.01588;0.094
;;;0.015884;0.096
;;;0.015888;0.098
;;;0.015892;0.096
;;;0.015896;0.096
;;;0.0159;0.096
;;;0.015904;0.096
;;;0.015908;0.096
;;;0.015912;0.096
;;;0.015916;0.094
;;;0.01592;0.096
;;;0.015924;0.094
;;;0.015928;0.096
;;;0.015932;0.096
;;;0.015936;0.096
;;;0.01594;0.096
;;;0.015944;0.096
;;;0.015948;0.096
;;;0.015952;0.096
;;;0.015956;0.096
;;;0.01596;0.096
;;;0.015964;0.098
;;;0.015968;0.096
;;;0.015972;0.096
;;;0.015976;0.096
;;;0.01598;0.096
;;;0.015984;0.096
;;;0.015988;0.096
;;;0.015992;0.096
;;;0.015996;0.096
;;;0.016;0.096
;;;0.016004;0.098
;;;0.016008;0.096
;;;0.016012;0.096
;;;0.016016;0.096
;;;0.01602;0.098
;;;0.016024;0.096
;;;0.016028;0.096
;;;0.016032;0.096
;;;0.016036;0.096
;;;0.01604;0.096
;;;0.016044;0.096
;;;0.016048;0.096
;;;0.016052;0.096
;;;0.016056;0.096
;;;0.01606;0.096
;;;0.016064;0.096
;;;0.016068;0.096
;;;0.016072;0.094
;;;0.016076;0.096
;;;0.01608;0.096
;;;0.016084;0.098
;;;0.016088;0.096
;;;0.016092;0.098
;;;0.016096;0.098
;;;0.0161;0.096
;;;0.016104;0.094
;;;0.016108;0.096
;;;0.016112;0.096
;;;0.016116;0.096
;;;0.01612;0.096
;;;0.016124;0.096
;;;0.016128;0.096
;;;0.016132;0.098
;;;0.016136;0.094
;;;0.01614;0.096
;;;0.016144;0.096
;;;0.016148;0.096
;;;0.016152;0.098
;;;0.016156;0.096
;;;0.01616;0.096
;;;0.016164;0.096
;;;0.016168;0.096
;;;0.016172;0.098
;;;0.016176;0.098
;;;0.01618;0.096
;;;0.016184;0.096
;;;0.016188;0.096
;;;0.016192;0.096
;;;0.016196;0.096
;;;0.0162;0.096
;;;0.016204;0.096
;;;0.016208;0.096
;;;0.016212;0.096
;;;0.016216;0.096
;;;0.01622;0.096
;;;0.016224;0.096
;;;0.016228;0.096
;;;0.016232;0.096
;;;0.016236;0.096
;;;0.01624;0.096
;;;0.016244;0.098
;;;0.016248;0.098
;;;0.016252;0.096
;;;0.016256;0.096
;;;0.01626;0.098
;;;0.016264;0.1
;;;0.016268;0.096
;;;0.016272;0.096
;;;0.016276;0.096
;;;0.01628;0.096
;;;0.016284;0.096
;;;0.016288;0.096
;;;0.016292;0.098
;;;0.016296;0.096
;;;0.0163;0.096
;;;0.016304;0.098
;;;0.016308;0.096
;;;0.016312;0.096
;;;0.016316;0.096
;;;0.01632;0.096
;;;0.016324;0.096
;;;0.016328;0.096
;;;0.016332;0.094
;;;0.016336;0.094
;;;0.01634;0.098
;;;0.016344;0.098
;;;0.016348;0.098
;;;0.016352;0.094
;;;0.016356;0.096
;;;0.01636;0.096
;;;0.016364;0.096
;;;0.016368;0.096
;;;0.016372;0.096
;;;0.016376;0.096
;;;0.01638;0.096
;;;0.016384;0.096
;;;0.016388;0.096
;;;0.016392;0.096
;;;0.016396;0.098
;;;0.0164;0.096
;;;0.016404;0.096
;;;0.016408;0.096
;;;0.016412;0.098
;;;0.016416;0.098
;;;0.01642;0.096
;;;0.016424;0.096
;;;0.016428;0.098
;;;0.016432;0.096
;;;0.016436;0.096
;;;0.01644;0.096
;;;0.016444;0.096
;;;0.016448;0.096
;;;0.016452;0.098
;;;0.016456;0.096
;;;0.01646;0.096
;;;0.016464;0.094
;;;0.016468;0.096
;;;0.016472;0.098
;;;0.016476;0.096
;;;0.01648;0.098
;;;0.016484;0.096
;;;0.016488;0.096
;;;0.016492;0.098
;;;0.016496;0.096
;;;0.0165;0.096
;;;0.016504;0.098
;;;0.016508;0.098
;;;0.016512;0.096
;;;0.016516;0.096
;;;0.01652;0.096
;;;0.016524;0.096
;;;0.016528;0.098
;;;0.016532;0.098
;;;0.016536;0.098
;;;0.01654;0.094
;;;0.016544;0.098
;;;0.016548;0.096
;;;0.016552;0.096
;;;0.016556;0.096
;;;0.01656;0.098
;;;0.016564;0.096
;;;0.016568;0.096
;;;0.016572;0.098
;;;0.016576;0.096
;;;0.01658;0.098
;;;0.016584;0.098
;;;0.016588;0.098
;;;0.016592;0.098
;;;0.016596;0.096
;;;0.0166;0.098
;;;0.016604;0.098
;;;0.016608;0.096
;;;0.016612;0.096
;;;0.016616;0.096
;;;0.01662;0.096
;;;0.016624;0.096
;;;0.016628;0.098
;;;0.016632;0.098
;;;0.016636;0.098
;;;0.01664;0.096
;;;0.016644;0.096
;;;0.016648;0.096
;;;0.016652;0.098
;;;0.016656;0.096
;;;0.01666;0.096
;;;0.016664;0.096
;;;0.016668;0.096
;;;0.016672;0.098
;;;0.016676;0.096
;;;0.01668;0.096
;;;0.016684;0.096
;;;0.016688;0.098
;;;0.016692;0.098
;;;0.016696;0.096
;;;0.0167;0.096
;;;0.016704;0.096
;;;0.016708;0.096
;;;0.016712;0.094
;;;0.016716;0.096
;;;0.01672;0.096
;;;0.016724;0.096
;;;0.016728;0.096
;;;0.016732;0.096
;;;0.016736;0.096
;;;0.01674;0.096
;;;0.016744;0.096
;;;0.016748;0.096
;;;0.016752;0.096
;;;0.016756;0.096
;;;0.01676;0.096
;;;0.016764;0.096
;;;0.016768;0.098
;;;0.016772;0.098
;;;0.016776;0.096
;;;0.01678;0.096
;;;0.016784;0.098
;;;0.016788;0.098
;;;0.016792;0.098
;;;0.016796;0.098
;;;0.0168;0.098
;;;0.016804;0.098
;;;0.016808;0.098
;;;0.016812;0.094
;;;0.016816;0.096
;;;0.01682;0.098
;;;0.016824;0.098
;;;0.016828;0.096
;;;0.016832;0.096
;;;0.016836;0.096
;;;0.01684;0.096
;;;0.016844;0.098
;;;0.016848;0.098
;;;0.016852;0.096
;;;0.016856;0.098
;;;0.01686;0.098
;;;0.016864;0.098
;;;0.016868;0.096
;;;0.016872;0.098
;;;0.016876;0.098
;;;0.01688;0.096
;;;0.016884;0.098
;;;0.016888;0.096
;;;0.016892;0.098
;;;0.016896;0.096
;;;0.0169;0.098
;;;0.016904;0.098
;;;0.016908;0.098
;;;0.016912;0.096
;;;0.016916;0.096
;;;0.01692;0.098
;;;0.016924;0.098
;;;0.016928;0.096
;;;0.016932;0.098
;;;0.016936;0.096
;;;0.01694;0.098
;;;0.016944;0.096
;;;0.016948;0.096
;;;0.016952;0.096
;;;0.016956;0.098
;;;0.01696;0.096
;;;0.016964;0.096
;;;0.016968;0.098
;;;0.016972;0.098
;;;0.016976;0.096
;;;0.01698;0.094
;;;0.016984;0.094
;;;0.016988;0.096
;;;0.016992;0.098
;;;0.016996;0.096
;;;0.017;0.096
;;;0.017004;0.1
;;;0.017008;0.096
;;;0.017012;0.098
;;;0.017016;0.096
;;;0.01702;0.096
;;;0.017024;0.098
;;;0.017028;0.098
;;;0.017032;0.098
;;;0.017036;0.096
;;;0.01704;0.098
;;;0.017044;0.098
;;;0.017048;0.096
;;;0.017052;0.098
;;;0.017056;0.098
;;;0.01706;0.096
;;;0.017064;0.096
;;;0.017068;0.096
;;;0.017072;0.096
;;;0.017076;0.098
;;;0.01708;0.098
;;;0.017084;0.096
;;;0.017088;0.096
;;;0.017092;0.096
;;;0.017096;0.096
;;;0.0171;0.098
;;;0.017104;0.098
;;;0.017108;0.096
;;;0.017112;0.096
;;;0.017116;0.098
;;;0.01712;0.096
;;;0.017124;0.1
;;;0.017128;0.096
;;;0.017132;0.096
;;;0.017136;0.098
;;;0.01714;0.098
;;;0.017144;0.096
;;;0.017148;0.098
;;;0.017152;0.096
;;;0.017156;0.096
;;;0.01716;0.098
;;;0.017164;0.098
;;;0.017168;0.096
;;;0.017172;0.096
;;;0.017176;0.098
;;;0.01718;0.096
;;;0.017184;0.096
;;;0.017188;0.098
;;;0.017192;0.096
;;;0.017196;0.098
;;;0.0172;0.098
;;;0.017204;0.096
;;;0.017208;0.098
;;;0.017212;0.096
;;;0.017216;0.1
;;;0.01722;0.096
;;;0.017224;0.1
;;;0.017228;0.098
;;;0.017232;0.096
;;;0.017236;0.096
;;;0.01724;0.098
;;;0.017244;0.096
;;;0.017248;0.096
;;;0.017252;0.098
;;;0.017256;0.098
;;;0.01726;0.096
;;;0.017264;0.096
;;;0.017268;0.096
;;;0.017272;0.096
;;;0.017276;0.096
;;;0.01728;0.096
;;;0.017284;0.096
;;;0.017288;0.096
;;;0.017292;0.096
;;;0.017296;0.096
;;;0.0173;0.098
;;;0.017304;0.096
;;;0.017308;0.098
;;;0.017312;0.096
;;;0.017316;0.098
;;;0.01732;0.096
;;;0.017324;0.096
;;;0.017328;0.096
;;;0.017332;0.098
;;;0.017336;0.098
;;;0.01734;0.098
;;;0.017344;0.1
;;;0.017348;0.096
;;;0.017352;0.098
;;;0.017356;0.1
;;;0.01736;0.096
;;;0.017364;0.098
;;;0.017368;0.096
;;;0.017372;0.096
;;;0.017376;0.096
;;;0.01738;0.098
;;;0.017384;0.096
;;;0.017388;0.098
;;;0.017392;0.098
;;;0.017396;0.096
;;;0.0174;0.098
;;;0.017404;0.096
;;;0.017408;0.096
;;;0.017412;0.098
;;;0.017416;0.094
;;;0.01742;0.098
;;;0.017424;0.098
;;;0.017428;0.098
;;;0.017432;0.098
;;;0.017436;0.098
;;;0.01744;0.098
;;;0.017444;0.098
;;;0.017448;0.098
;;;0.017452;0.098
;;;0.017456;0.098
;;;0.01746;0.098
;;;0.017464;0.098
;;;0.017468;0.096
;;;0.017472;0.098
;;;0.017476;0.096
;;;0.01748;0.098
;;;0.017484;0.096
;;;0.017488;0.098
;;;0.017492;0.098
;;;0.017496;0.096
;;;0.0175;0.098
;;;0.017504;0.096
;;;0.017508;0.096
;;;0.017512;0.098
;;;0.017516;0.098
;;;0.01752;0.096
;;;0.017524;0.098
;;;0.017528;0.098
;;;0.017532;0.098
;;;0.017536;0.098
;;;0.01754;0.098
;;;0.017544;0.096
;;;0.017548;0.098
;;;0.017552;0.098
;;;0.017556;0.098
;;;0.01756;0.098
;;;0.017564;0.098
;;;0.017568;0.096
;;;0.017572;0.098
;;;0.017576;0.096
;;;0.01758;0.094
;;;0.017584;0.096
;;;0.017588;0.096
;;;0.017592;0.098
;;;0.017596;0.098
;;;0.0176;0.098
;;;0.017604;0.098
;;;0.017608;0.096
;;;0.017612;0.096
;;;0.017616;0.096
;;;0.01762;0.096
;;;0.017624;0.098
;;;0.017628;0.098
;;;0.017632;0.098
;;;0.017636;0.098
;;;0.01764;0.098
;;;0.017644;0.1
;;;0.017648;0.098
;;;0.017652;0.096
;;;0.017656;0.098
;;;0.01766;0.098
;;;0.017664;0.098
;;;0.017668;0.096
;;;0.017672;0.098
;;;0.017676;0.098
;;;0.01768;0.096
;;;0.017684;0.096
;;;0.017688;0.096
;;;0.017692;0.098
;;;0.017696;0.098
;;;0.0177;0.098
;;;0.017704;0.098
;;;0.017708;0.096
;;;0.017712;0.096
;;;0.017716;0.098
;;;0.01772;0.096
;;;0.017724;0.098
;;;0.017728;0.096
;;;0.017732;0.098
;;;0.017736;0.096
;;;0.01774;0.096
;;;0.017744;0.1
;;;0.017748;0.096
;;;0.017752;0.098
;;;0.017756;0.098
;;;0.01776;0.098
;;;0.017764;0.098
;;;0.017768;0.096
;;;0.017772;0.096
;;;0.017776;0.098
;;;0.01778;0.096
;;;0.017784;0.096
;;;0.017788;0.098
;;;0.017792;0.096
;;;0.017796;0.096
;;;0.0178;0.098
;;;0.017804;0.096
;;;0.017808;0.098
;;;0.017812;0.098
;;;0.017816;0.098
;;;0.01782;0.098
;;;0.017824;0.096
;;;0.017828;0.098
;;;0.017832;0.098
;;;0.017836;0.098
;;;0.01784;0.096
;;;0.017844;0.098
;;;0.017848;0.096
;;;0.017852;0.096
;;;0.017856;0.098
;;;0.01786;0.096
;;;0.017864;0.098
;;;0.017868;0.1
;;;0.017872;0.096
;;;0.017876;0.098
;;;0.01788;0.098
;;;0.017884;0.096
;;;0.017888;0.098
;;;0.017892;0.098
;;;0.017896;0.098
;;;0.0179;0.096
;;;0.017904;0.098
;;;0.017908;0.098
;;;0.017912;0.096
;;;0.017916;0.1
;;;0.01792;0.1
;;;0.017924;0.098
;;;0.017928;0.098
;;;0.017932;0.098
;;;0.017936;0.096
;;;0.01794;0.098
;;;0.017944;0.096
;;;0.017948;0.098
;;;0.017952;0.098
;;;0.017956;0.098
;;;0.01796;0.096
;;;0.017964;0.098
;;;0.017968;0.096
;;;0.017972;0.096
;;;0.017976;0.098
;;;0.01798;0.098
;;;0.017984;0.1
;;;0.017988;0.098
;;;0.017992;0.098
;;;0.017996;0.096
;;;0.018;0.098
;;;0.018004;0.096
;;;0.018008;0.096
;;;0.018012;0.096
;;;0.018016;0.098
;;;0.01802;0.098
;;;0.018024;0.098
;;;0.018028;0.096
;;;0.018032;0.098
;;;0.018036;0.098
;;;0.01804;0.096
;;;0.018044;0.098
;;;0.018048;0.098
;;;0.018052;0.096
;;;0.018056;0.096
;;;0.01806;0.1
;;;0.018064;0.1
;;;0.018068;0.1
;;;0.018072;0.098
;;;0.018076;0.096
;;;0.01808;0.098
;;;0.018084;0.096
;;;0.018088;0.096
;;;0.018092;0.098
;;;0.018096;0.096
;;;0.0181;0.098
;;;0.018104;0.098
;;;0.018108;0.098
;;;0.018112;0.1
;;;0.018116;0.096
;;;0.01812;0.098
;;;0.018124;0.098
;;;0.018128;0.096
;;;0.018132;0.1
;;;0.018136;0.1
;;;0.01814;0.096
;;;0.018144;0.096
;;;0.018148;0.098
;;;0.018152;0.098
;;;0.018156;0.096
;;;0.01816;0.098
;;;0.018164;0.098
;;;0.018168;0.096
;;;0.018172;0.096
;;;0.018176;0.098
;;;0.01818;0.098
;;;0.018184;0.098
;;;0.018188;0.1
;;;0.018192;0.096
;;;0.018196;0.098
;;;0.0182;0.1
;;;0.018204;0.098
;;;0.018208;0.098
;;;0.018212;0.1
;;;0.018216;0.1
;;;0.01822;0.098
;;;0.018224;0.098
;;;0.018228;0.096
;;;0.018232;0.096
;;;0.018236;0.1
;;;0.01824;0.096
;;;0.018244;0.098
;;;0.018248;0.098
;;;0.018252;0.098
;;;0.018256;0.098
;;;0.01826;0.096
;;;0.018264;0.096
;;;0.018268;0.098
;;;0.018272;0.098
;;;0.018276;0.1
;;;0.01828;0.098
;;;0.018284;0.098
;;;0.018288;0.096
;;;0.018292;0.098
;;;0.018296;0.096
;;;0.0183;0.098
;;;0.018304;0.096
;;;0.018308;0.096
;;;0.018312;0.098
;;;0.018316;0.098
;;;0.01832;0.098
;;;0.018324;0.096
;;;0.018328;0.098
;;;0.018332;0.096
;;;0.018336;0.098
;;;0.01834;0.098
;;;0.018344;0.1
;;;0.018348;0.098
;;;0.018352;0.098
;;;0.018356;0.098
;;;0.01836;0.096
;;;0.018364;0.1
;;;0.018368;0.098
;;;0.018372;0.096
;;;0.018376;0.098
;;;0.01838;0.098
;;;0.018384;0.098
;;;0.018388;0.096
;;;0.018392;0.096
;;;0.018396;0.098
;;;0.0184;0.098
;;;0.018404;0.098
;;;0.018408;0.098
;;;0.018412;0.096
;;;0.018416;0.098
;;;0.01842;0.098
;;;0.018424;0.096
;;;0.018428;0.098
;;;0.018432;0.098
;;;0.018436;0.098
;;;0.01844;0.098
;;;0.018444;0.098
;;;0.018448;0.098
;;;0.018452;0.098
;;;0.018456;0.1
;;;0.01846;0.098
;;;0.018464;0.098
;;;0.018468;0.098
;;;0.018472;0.098
;;;0.018476;0.1
;;;0.01848;0.098
;;;0.018484;0.098
;;;0.018488;0.098
;;;0.018492;0.098
;;;0.018496;0.098
;;;0.0185;0.098
;;;0.018504;0.098
;;;0.018508;0.096
;;;0.018512;0.1
;;;0.018516;0.098
;;;0.01852;0.098
;;;0.018524;0.098
;;;0.018528;0.098
;;;0.018532;0.098
;;;0.018536;0.098
;;;0.01854;0.098
;;;0.018544;0.098
;;;0.018548;0.096
;;;0.018552;0.096
;;;0.018556;0.096
;;;0.01856;0.098
;;;0.018564;0.096
;;;0.018568;0.098
;;;0.018572;0.098
;;;0.018576;0.098
;;;0.01858;0.098
;;;0.018584;0.098
;;;0.018588;0.098
;;;0.018592;0.098
;;;0.018596;0.098
;;;0.0186;0.096
;;;0.018604;0.098
;;;0.018608;0.098
;;;0.018612;0.096
;;;0.018616;0.098
;;;0.01862;0.098
;;;0.018624;0.098
;;;0.018628;0.098
;;;0.018632;0.098
;;;0.018636;0.098
;;;0.01864;0.098
;;;0.018644;0.098
;;;0.018648;0.1
;;;0.018652;0.098
;;;0.018656;0.098
;;;0.01866;0.096
;;;0.018664;0.096
;;;0.018668;0.1
;;;0.018672;0.098
;;;0.018676;0.098
;;;0.01868;0.096
;;;0.018684;0.096
;;;0.018688;0.096
;;;0.018692;0.098
;;;0.018696;0.098
;;;0.0187;0.098
;;;0.018704;0.098
;;;0.018708;0.098
;;;0.018712;0.1
;;;0.018716;0.098
;;;0.01872;0.096
;;;0.018724;0.1
;;;0.018728;0.098
;;;0.018732;0.096
;;;0.018736;0.098
;;;0.01874;0.096
;;;0.018744;0.098
;;;0.018748;0.096
;;;0.018752;0.096
;;;0.018756;0.098
;;;0.01876;0.098
;;;0.018764;0.1
;;;0.018768;0.096
;;;0.018772;0.098
;;;0.018776;0.096
;;;0.01878;0.098
;;;0.018784;0.098
;;;0.018788;0.098
;;;0.018792;0.1
;;;0.018796;0.096
;;;0.0188;0.098
;;;0.018804;0.098
;;;0.018808;0.098
;;;0.018812;0.1
;;;0.018816;0.098
;;;0.01882;0.096
;;;0.018824;0.1
;;;0.018828;0.098
;;;0.018832;0.098
;;;0.018836;0.096
;;;0.01884;0.098
;;;0.018844;0.098
;;;0.018848;0.1
;;;0.018852;0.096
;;;0.018856;0.098
;;;0.01886;0.098
;;;0.018864;0.098
;;;0.018868;0.098
;;;0.018872;0.1
;;;0.018876;0.1
;;;0.01888;0.098
;;;0.018884;0.1
;;;0.018888;0.098
;;;0.018892;0.098
;;;0.018896;0.098
;;;0.0189;0.098
;;;0.018904;0.1
;;;0.018908;0.096
;;;0.018912;0.098
;;;0.018916;0.096
;;;0.01892;0.096
;;;0.018924;0.1
;;;0.018928;0.098
;;;0.018932;0.098
;;;0.018936;0.098
;;;0.01894;0.098
;;;0.018944;0.096
;;;0.018948;0.1
;;;0.018952;0.098
;;;0.018956;0.098
;;;0.01896;0.098
;;;0.018964;0.098
;;;0.018968;0.1
;;;0.018972;0.098
;;;0.018976;0.1
;;;0.01898;0.098
;;;0.018984;0.098
;;;0.018988;0.098
;;;0.018992;0.098
;;;0.018996;0.098
;;;0.019;0.098
;;;0.019004;0.098
;;;0.019008;0.096
;;;0.019012;0.098
;;;0.019016;0.098
;;;0.01902;0.098
;;;0.019024;0.098
;;;0.019028;0.098
;;;0.019032;0.098
;;;0.019036;0.1
;;;0.01904;0.096
;;;0.019044;0.098
;;;0.019048;0.096
;;;0.019052;0.1
;;;0.019056;0.1
;;;0.01906;0.098
;;;0.019064;0.098
;;;0.019068;0.098
;;;0.019072;0.098
;;;0.019076;0.098
;;;0.01908;0.098
;;;0.019084;0.096
;;;0.019088;0.096
;;;0.019092;0.098
;;;0.019096;0.098
;;;0.0191;0.098
;;;0.019104;0.098
;;;0.019108;0.098
;;;0.019112;0.098
;;;0.019116;0.098
;;;0.01912;0.098
;;;0.019124;0.1
;;;0.019128;0.098
;;;0.019132;0.096
;;;0.019136;0.098
;;;0.01914;0.098
;;;0.019144;0.096
;;;0.019148;0.098
;;;0.019152;0.1
;;;0.019156;0.096
;;;0.01916;0.098
;;;0.019164;0.098
;;;0.019168;0.096
;;;0.019172;0.098
;;;0.019176;0.098
;;;0.01918;0.098
;;;0.019184;0.098
;;;0.019188;0.098
;;;0.019192;0.1
;;;0.019196;0.098
;;;0.0192;0.1
;;;0.019204;0.098
;;;0.019208;0.096
;;;0.019212;0.098
;;;0.019216;0.096
;;;0.01922;0.096
;;;0.019224;0.098
;;;0.019228;0.098
;;;0.019232;0.098
;;;0.019236;0.098
;;;0.01924;0.098
;;;0.019244;0.096
;;;0.019248;0.098
;;;0.019252;0.098
;;;0.019256;0.098
;;;0.01926;0.098
;;;0.019264;0.1
;;;0.019268;0.098
;;;0.019272;0.096
;;;0.019276;0.098
;;;0.01928;0.098
;;;0.019284;0.096
;;;0.019288;0.1
;;;0.019292;0.098
;;;0.019296;0.1
;;;0.0193;0.098
;;;0.019304;0.098
;;;0.019308;0.096
;;;0.019312;0.098
;;;0.019316;0.1
;;;0.01932;0.1
;;;0.019324;0.098
;;;0.019328;0.098
;;;0.019332;0.098
;;;0.019336;0.1
;;;0.01934;0.098
;;;0.019344;0.098
;;;0.019348;0.1
;;;0.019352;0.1
;;;0.019356;0.1
;;;0.01936;0.098
;;;0.019364;0.098
;;;0.019368;0.1
;;;0.019372;0.098
;;;0.019376;0.1
;;;0.01938;0.1
;;;0.019384;0.098
;;;0.019388;0.098
;;;0.019392;0.098
;;;0.019396;0.098
;;;0.0194;0.1
;;;0.019404;0.1
;;;0.019408;0.1
;;;0.019412;0.1
;;;0.019416;0.098
;;;0.01942;0.098
;;;0.019424;0.098
;;;0.019428;0.1
;;;0.019432;0.098
;;;0.019436;0.098
;;;0.01944;0.098
;;;0.019444;0.098
;;;0.019448;0.098
;;;0.019452;0.098
;;;0.019456;0.1
;;;0.01946;0.096
;;;0.019464;0.1
;;;0.019468;0.098
;;;0.019472;0.098
;;;0.019476;0.098
;;;0.01948;0.096
;;;0.019484;0.098
;;;0.019488;0.098
;;;0.019492;0.098
;;;0.019496;0.1
;;;0.0195;0.098
;;;0.019504;0.1
;;;0.019508;0.098
;;;0.019512;0.1
;;;0.019516;0.096
;;;0.01952;0.098
;;;0.019524;0.098
;;;0.019528;0.098
;;;0.019532;0.098
;;;0.019536;0.098
;;;0.01954;0.098
;;;0.019544;0.098
;;;0.019548;0.098
;;;0.019552;0.1
;;;0.019556;0.1
;;;0.01956;0.098
;;;0.019564;0.1
;;;0.019568;0.096
;;;0.019572;0.1
;;;0.019576;0.098
;;;0.01958;0.1
;;;0.019584;0.1
;;;0.019588;0.098
;;;0.019592;0.098
;;;0.019596;0.098
;;;0.0196;0.098
;;;0.019604;0.098
;;;0.019608;0.098
;;;0.019612;0.098
;;;0.019616;0.098
;;;0.01962;0.098
;;;0.019624;0.098
;;;0.019628;0.098
;;;0.019632;0.098
;;;0.019636;0.096
;;;0.01964;0.098
;;;0.019644;0.098
;;;0.019648;0.098
;;;0.019652;0.096
;;;0.019656;0.098
;;;0.01966;0.098
;;;0.019664;0.098
;;;0.019668;0.098
;;;0.019672;0.1
;;;0.019676;0.098
;;;0.01968;0.098
;;;0.019684;0.1
;;;0.019688;0.1
;;;0.019692;0.098
;;;0.019696;0.1
;;;0.0197;0.098
;;;0.019704;0.098
;;;0.019708;0.098
;;;0.019712;0.1
;;;0.019716;0.096
;;;0.01972;0.098
;;;0.019724;0.098
;;;0.019728;0.098
;;;0.019732;0.098
;;;0.019736;0.098
;;;0.01974;0.098
;;;0.019744;0.098
;;;0.019748;0.098
;;;0.019752;0.098
;;;0.019756;0.098
;;;0.01976;0.098
;;;0.019764;0.1
;;;0.019768;0.098
;;;0.019772;0.098
;;;0.019776;0.098
;;;0.01978;0.098
;;;0.019784;0.096
;;;0.019788;0.098
;;;0.019792;0.098
;;;0.019796;0.098
;;;0.0198;0.098
;;;0.019804;0.098
;;;0.019808;0.098
;;;0.019812;0.096
;;;0.019816;0.098
;;;0.01982;0.096
;;;0.019824;0.098
;;;0.019828;0.098
;;;0.019832;0.1
;;;0.019836;0.098
;;;0.01984;0.1
;;;0.019844;0.1
;;;0.019848;0.096
;;;0.019852;0.098
;;;0.019856;0.098
;;;0.01986;0.1
;;;0.019864;0.098
;;;0.019868;0.096
;;;0.019872;0.096
;;;0.019876;0.096
;;;0.01988;0.098
;;;0.019884;0.1
;;;0.019888;0.098
;;;0.019892;0.098
;;;0.019896;0.1
;;;0.0199;0.098
;;;0.019904;0.098
;;;0.019908;0.098
;;;0.019912;0.096
;;;0.019916;0.098
;;;0.01992;0.098
;;;0.019924;0.098
;;;0.019928;0.1
;;;0.019932;0.096
;;;0.019936;0.098
;;;0.01994;0.098
;;;0.019944;0.098
;;;0.019948;0.098
;;;0.019952;0.098
;;;0.019956;0.1
;;;0.01996;0.098
;;;0.019964;0.098
;;;0.019968;0.098
;;;0.019972;0.1
;;;0.019976;0.098
;;;0.01998;0.098
;;;0.019984;0.1
;;;0.019988;0.098
;;;0.019992;0.098
;;;0.019996;0.098
;;;0.02;0.098
;;;0.020004;0.1
;;;0.020008;0.098
;;;0.020012;0.1
;;;0.020016;0.096
;;;0.02002;0.098
;;;0.020024;0.098
;;;0.020028;0.098
;;;0.020032;0.098
;;;0.020036;0.098
;;;0.02004;0.1
;;;0.020044;0.098
;;;0.020048;0.098
;;;0.020052;0.1
;;;0.020056;0.098
;;;0.02006;0.1
;;;0.020064;0.098
;;;0.020068;0.098
;;;0.020072;0.1
;;;0.020076;0.098
;;;0.02008;0.098
;;;0.020084;0.098
;;;0.020088;0.1
;;;0.020092;0.098
;;;0.020096;0.096
;;;0.0201;0.096
;;;0.020104;0.098
;;;0.020108;0.098
;;;0.020112;0.098
;;;0.020116;0.098
;;;0.02012;0.098
;;;0.020124;0.098
;;;0.020128;0.098
;;;0.020132;0.098
;;;0.020136;0.098
;;;0.02014;0.1
;;;0.020144;0.098
;;;0.020148;0.098
;;;0.020152;0.098
;;;0.020156;0.098
;;;0.02016;0.1
;;;0.020164;0.098
;;;0.020168;0.098
;;;0.020172;0.098
;;;0.020176;0.1
;;;0.02018;0.1
;;;0.020184;0.098
;;;0.020188;0.098
;;;0.020192;0.098
;;;0.020196;0.1
;;;0.0202;0.098
;;;0.020204;0.096
;;;0.020208;0.098
;;;0.020212;0.098
;;;0.020216;0.1
;;;0.02022;0.098
;;;0.020224;0.098
;;;0.020228;0.1
;;;0.020232;0.098
;;;0.020236;0.098
;;;0.02024;0.1
;;;0.020244;0.098
;;;0.020248;0.098
;;;0.020252;0.096
;;;0.020256;0.098
;;;0.02026;0.098
;;;0.020264;0.1
;;;0.020268;0.1
;;;0.020272;0.096
;;;0.020276;0.098
;;;0.02028;0.096
;;;0.020284;0.098
;;;0.020288;0.098
;;;0.020292;0.098
;;;0.020296;0.098
;;;0.0203;0.096
;;;0.020304;0.1
;;;0.020308;0.098
;;;0.020312;0.098
;;;0.020316;0.098
;;;0.02032;0.098
;;;0.020324;0.1
;;;0.020328;0.098
;;;0.020332;0.098
;;;0.020336;0.098
;;;0.02034;0.1
;;;0.020344;0.098
;;;0.020348;0.098
;;;0.020352;0.098
;;;0.020356;0.098
;;;0.02036;0.098
;;;0.020364;0.1
;;;0.020368;0.102
;;;0.020372;0.1
;;;0.020376;0.098
;;;0.02038;0.1
;;;0.020384;0.098
;;;0.020388;0.098
;;;0.020392;0.098
;;;0.020396;0.098
;;;0.0204;0.098
;;;0.020404;0.096
;;;0.020408;0.1
;;;0.020412;0.096
;;;0.020416;0.098
;;;0.02042;0.096
;;;0.020424;0.098
;;;0.020428;0.098
;;;0.020432;0.098
;;;0.020436;0.098
;;;0.02044;0.098
;;;0.020444;0.098
;;;0.020448;0.096
;;;0.020452;0.098
;;;0.020456;0.096
;;;0.02046;0.098
;;;0.020464;0.098
;;;0.020468;0.096
;;;0.020472;0.1
;;;0.020476;0.098
;;;0.02048;0.1
;;;0.020484;0.1
;;;0.020488;0.098
;;;0.020492;0.098
;;;0.020496;0.1
;;;0.0205;0.098
;;;0.020504;0.098
;;;0.020508;0.098
;;;0.020512;0.1
;;;0.020516;0.098
;;;0.02052;0.098
;;;0.020524;0.098
;;;0.020528;0.098
;;;0.020532;0.098
;;;0.020536;0.1
;;;0.02054;0.1
;;;0.020544;0.1
;;;0.020548;0.1
;;;0.020552;0.098
;;;0.020556;0.096
;;;0.02056;0.098
;;;0.020564;0.1
;;;0.020568;0.098
;;;0.020572;0.098
;;;0.020576;0.096
;;;0.02058;0.098
;;;0.020584;0.1
;;;0.020588;0.098
;;;0.020592;0.098
;;;0.020596;0.098
;;;0.0206;0.098
;;;0.020604;0.1
;;;0.020608;0.098
;;;0.020612;0.098
;;;0.020616;0.1
;;;0.02062;0.098
;;;0.020624;0.1
;;;0.020628;0.1
;;;0.020632;0.096
;;;0.020636;0.098
;;;0.02064;0.098
;;;0.020644;0.1
;;;0.020648;0.098
;;;0.020652;0.1
;;;0.020656;0.1
;;;0.02066;0.098
;;;0.020664;0.096
;;;0.020668;0.098
;;;0.020672;0.1
;;;0.020676;0.1
;;;0.02068;0.096
;;;0.020684;0.098
;;;0.020688;0.098
;;;0.020692;0.096
;;;0.020696;0.098
;;;0.0207;0.098
;;;0.020704;0.098
;;;0.020708;0.098
;;;0.020712;0.098
;;;0.020716;0.098
;;;0.02072;0.098
;;;0.020724;0.1
;;;0.020728;0.096
;;;0.020732;0.098
;;;0.020736;0.102
;;;0.02074;0.098
;;;0.020744;0.098
;;;0.020748;0.098
;;;0.020752;0.098
;;;0.020756;0.1
;;;0.02076;0.098
;;;0.020764;0.1
;;;0.020768;0.098
;;;0.020772;0.098
;;;0.020776;0.098
;;;0.02078;0.098
;;;0.020784;0.1
;;;0.020788;0.098
;;;0.020792;0.098
;;;0.020796;0.098
;;;0.0208;0.098
;;;0.020804;0.1
;;;0.020808;0.1
;;;0.020812;0.098
;;;0.020816;0.098
;;;0.02082;0.098
;;;0.020824;0.098
;;;0.020828;0.1
;;;0.020832;0.096
;;;0.020836;0.096
;;;0.02084;0.098
;;;0.020844;0.098
;;;0.020848;0.098
;;;0.020852;0.098
;;;0.020856;0.098
;;;0.02086;0.098
;;;0.020864;0.098
;;;0.020868;0.098
;;;0.020872;0.098
;;;0.020876;0.098
;;;0.02088;0.098
;;;0.020884;0.1
;;;0.020888;0.1
;;;0.020892;0.1
;;;0.020896;0.096
;;;0.0209;0.098
;;;0.020904;0.098
;;;0.020908;0.098
;;;0.020912;0.1
;;;0.020916;0.098
;;;0.02092;0.098
;;;0.020924;0.096
;;;0.020928;0.098
;;;0.020932;0.098
;;;0.020936;0.098
;;;0.02094;0.098
;;;0.020944;0.1
;;;0.020948;0.098
;;;0.020952;0.098
;;;0.020956;0.098
;;;0.02096;0.098
;;;0.020964;0.1
;;;0.020968;0.096
;;;0.020972;0.098
;;;0.020976;0.098
;;;0.02098;0.098
;;;0.020984;0.1
;;;0.020988;0.096
;;;0.020992;0.1
;;;0.020996;0.098
;;;0.021;0.1
;;;0.021004;0.098
;;;0.021008;0.098
;;;0.021012;0.096
;;;0.021016;0.1
;;;0.02102;0.098
;;;0.021024;0.098
;;;0.021028;0.098
;;;0.021032;0.098
;;;0.021036;0.098
;;;0.02104;0.1
;;;0.021044;0.098
;;;0.021048;0.098
;;;0.021052;0.098
;;;0.021056;0.1
;;;0.02106;0.098
;;;0.021064;0.1
;;;0.021068;0.098
;;;0.021072;0.098
;;;0.021076;0.098
;;;0.02108;0.1
;;;0.021084;0.098
;;;0.021088;0.1
;;;0.021092;0.098
;;;0.021096;0.1
;;;0.0211;0.1
;;;0.021104;0.096
;;;0.021108;0.098
;;;0.021112;0.1
;;;0.021116;0.098
;;;0.02112;0.098
;;;0.021124;0.098
;;;0.021128;0.1
;;;0.021132;0.098
;;;0.021136;0.096
;;;0.02114;0.098
;;;0.021144;0.098
;;;0.021148;0.096
;;;0.021152;0.098
;;;0.021156;0.098
;;;0.02116;0.098
;;;0.021164;0.1
;;;0.021168;0.1
;;;0.021172;0.098
;;;0.021176;0.098
;;;0.02118;0.098
;;;0.021184;0.1
;;;0.021188;0.1
;;;0.021192;0.098
;;;0.021196;0.098
;;;0.0212;0.098
;;;0.021204;0.1
;;;0.021208;0.098
;;;0.021212;0.098
;;;0.021216;0.098
;;;0.02122;0.098
;;;0.021224;0.098
;;;0.021228;0.1
;;;0.021232;0.098
;;;0.021236;0.098
;;;0.02124;0.1
;;;0.021244;0.098
;;;0.021248;0.096
;;;0.021252;0.1
;;;0.021256;0.098
;;;0.02126;0.1
;;;0.021264;0.098
;;;0.021268;0.098
;;;0.021272;0.1
;;;0.021276;0.1
;;;0.02128;0.1
;;;0.021284;0.098
;;;0.021288;0.098
;;;0.021292;0.096
;;;0.021296;0.098
;;;0.0213;0.1
;;;0.021304;0.098
;;;0.021308;0.1
;;;0.021312;0.096
;;;0.021316;0.1
;;;0.02132;0.1
;;;0.021324;0.1
;;;0.021328;0.098
;;;0.021332;0.1
;;;0.021336;0.098
;;;0.02134;0.098
;;;0.021344;0.1
;;;0.021348;0.098
;;;0.021352;0.1
;;;0.021356;0.1
;;;0.02136;0.098
;;;0.021364;0.098
;;;0.021368;0.098
;;;0.021372;0.098
;;;0.021376;0.098
;;;0.02138;0.1
;;;0.021384;0.1
;;;0.021388;0.096
;;;0.021392;0.1
;;;0.021396;0.098
;;;0.0214;0.098
;;;0.021404;0.1
;;;0.021408;0.1
;;;0.021412;0.1
;;;0.021416;0.098
;;;0.02142;0.098
;;;0.021424;0.1
;;;0.021428;0.098
;;;0.021432;0.098
;;;0.021436;0.096
;;;0.02144;0.098
;;;0.021444;0.098
;;;0.021448;-0.096
;;;0.021452;-0.096
;;;0.021456;-0.096
;;;0.02146;-0.094
;;;0.021464;-0.096
;;;0.021468;-0.094
;;;0.021472;-0.096
;;;0.021476;-0.096
;;;0.02148;-0.096
;;;0.021484;-0.094
;;;0.021488;-0.096
;;;0.021492;-0.096
;;;0.021496;-0.094
;;;0.0215;-0.096
;;;0.021504;-0.096
;;;0.021508;-0.096
;;;0.021512;-0.096
;;;0.021516;-0.094
;;;0.02152;-0.096
;;;0.021524;-0.096
;;;0.021528;-0.094
;;;0.021532;-0.096
;;;0.021536;-0.094
;;;0.02154;-0.094
;;;0.021544;-0.094
;;;0.021548;-0.096
;;;0.021552;-0.096
;;;0.021556;-0.096
;;;0.02156;-0.094
;;;0.021564;-0.094
;;;0.021568;-0.096
;;;0.021572;-0.094
;;;0.021576;-0.096
;;;0.02158;-0.096
;;;0.021584;-0.096
;;;0.021588;-0.096
;;;0.021592;-0.096
;;;0.021596;-0.094
;;;0.0216;-0.094
;;;0.021604;-0.096
;;;0.021608;-0.096
;;;0.021612;-0.096
;;;0.021616;-0.096
;;;0.02162;-0.096
;;;0.021624;-0.096
;;;0.021628;-0.096
;;;0.021632;-0.098
;;;0.021636;-0.096
;;;0.02164;-0.096
;;;0.021644;-0.094
;;;0.021648;-0.096
;;;0.021652;-0.094
;;;0.021656;-0.094
;;;0.02166;-0.096
;;;0.021664;-0.096
;;;0.021668;-0.094
;;;0.021672;-0.096
;;;0.021676;-0.098
;;;0.02168;-0.096
;;;0.021684;-0.096
;;;0.021688;-0.096
;;;0.021692;-0.096
;;;0.021696;-0.096
;;;0.0217;-0.096
;;;0.021704;-0.094
;;;0.021708;-0.096
;;;0.021712;-0.096
;;;0.021716;-0.096
;;;0.02172;-0.096
;;;0.021724;-0.096
;;;0.021728;-0.096
;;;0.021732;-0.098
;;;0.021736;-0.096
;;;0.02174;-0.094
;;;0.021744;-0.096
;;;0.021748;-0.096
;;;0.021752;-0.098
;;;0.021756;-0.096
;;;0.02176;-0.096
;;;0.021764;-0.096
;;;0.021768;-0.096
;;;0.021772;-0.096
;;;0.021776;-0.096
;;;0.02178;-0.096
;;;0.021784;-0.096
;;;0.021788;-0.096
;;;0.021792;-0.094
;;;0.021796;-0.096
;;;0.0218;-0.096
;;;0.021804;-0.096
;;;0.021808;-0.096
;;;0.021812;-0.096
;;;0.021816;-0.094
;;;0.02182;-0.096
;;;0.021824;-0.096
;;;0.021828;-0.096
;;;0.021832;-0.094
;;;0.021836;-0.096
;;;0.02184;-0.094
;;;0.021844;-0.094
;;;0.021848;-0.096
;;;0.021852;-0.098
;;;0.021856;-0.096
;;;0.02186;-0.094
;;;0.021864;-0.096
;;;0.021868;-0.098
;;;0.021872;-0.096
;;;0.021876;-0.094
;;;0.02188;-0.094
;;;0.021884;-0.096
;;;0.021888;-0.098
;;;0.021892;-0.094
;;;0.021896;-0.096
;;;0.0219;-0.096
;;;0.021904;-0.096
;;;0.021908;-0.098
;;;0.021912;-0.094
;;;0.021916;-0.096
;;;0.02192;-0.096
;;;0.021924;-0.096
;;;0.021928;-0.096
;;;0.021932;-0.096
;;;0.021936;-0.096
;;;0.02194;-0.096
;;;0.021944;-0.092
;;;0.021948;-0.096
;;;0.021952;-0.096
;;;0.021956;-0.098
;;;0.02196;-0.096
;;;0.021964;-0.096
;;;0.021968;-0.096
;;;0.021972;-0.096
;;;0.021976;-0.096
;;;0.02198;-0.096
;;;0.021984;-0.098
;;;0.021988;-0.096
;;;0.021992;-0.098
;;;0.021996;-0.096
;;;0.022;-0.096
;;;0.022004;-0.098
;;;0.022008;-0.096
;;;0.022012;-0.096
;;;0.022016;-0.096
;;;0.02202;-0.098
;;;0.022024;-0.098
;;;0.022028;-0.098
;;;0.022032;-0.096
;;;0.022036;-0.096
;;;0.02204;-0.096
;;;0.022044;-0.096
;;;0.022048;-0.098
;;;0.022052;-0.096
;;;0.022056;-0.096
;;;0.02206;-0.096
;;;0.022064;-0.098
;;;0.022068;-0.096
;;;0.022072;-0.096
;;;0.022076;-0.096
;;;0.02208;-0.096
;;;0.022084;-0.1
;;;0.022088;-0.098
;;;0.022092;-0.096
;;;0.022096;-0.094
;;;0.0221;-0.096
;;;0.022104;-0.096
;;;0.022108;-0.096
;;;0.022112;-0.096
;;;0.022116;-0.096
;;;0.02212;-0.096
;;;0.022124;-0.096
;;;0.022128;-0.096
;;;0.022132;-0.096
;;;0.022136;-0.096
;;;0.02214;-0.096
;;;0.022144;-0.096
;;;0.022148;-0.098
;;;0.022152;-0.096
;;;0.022156;-0.098
;;;0.02216;-0.096
;;;0.022164;-0.096
;;;0.022168;-0.096
;;;0.022172;-0.096
;;;0.022176;-0.096
;;;0.02218;-0.096
;;;0.022184;-0.096
;;;0.022188;-0.096
;;;0.022192;-0.098
;;;0.022196;-0.098
;;;0.0222;-0.098
;;;0.022204;-0.096
;;;0.022208;-0.096
;;;0.022212;-0.096
;;;0.022216;-0.098
;;;0.02222;-0.098
;;;0.022224;-0.098
;;;0.022228;-0.096
;;;0.022232;-0.096
;;;0.022236;-0.096
;;;0.02224;-0.096
;;;0.022244;-0.096
;;;0.022248;-0.096
;;;0.022252;-0.098
;;;0.022256;-0.098
;;;0.02226;-0.096
;;;0.022264;-0.096
;;;0.022268;-0.096
;;;0.022272;-0.096
;;;0.022276;-0.096
;;;0.02228;-0.098
;;;0.022284;-0.098
;;;0.022288;-0.098
;;;0.022292;-0.096
;;;0.022296;-0.098
;;;0.0223;-0.096
;;;0.022304;-0.098
;;;0.022308;-0.098
;;;0.022312;-0.096
;;;0.022316;-0.096
;;;0.02232;-0.096
;;;0.022324;-0.096
;;;0.022328;-0.096
;;;0.022332;-0.096
;;;0.022336;-0.096
;;;0.02234;-0.096
;;;0.022344;-0.096
;;;0.022348;-0.098
;;;0.022352;-0.096
;;;0.022356;-0.098
;;;0.02236;-0.096
;;;0.022364;-0.098
;;;0.022368;-0.098
;;;0.022372;-0.096
;;;0.022376;-0.096
;;;0.02238;-0.096
;;;0.022384;-0.096
;;;0.022388;-0.096
;;;0.022392;-0.096
;;;0.022396;-0.096
