Record Length,2.500000e+03,,  -0.000125000000, -10.60000,
Sample Interval,1.000000e-07,,  -0.000124900000, -10.40000,
Trigger Point,1.250000000000e+03,,  -0.000124800000, -10.40000,
,,,  -0.000124700000, -10.00000,
,,,  -0.000124600000,  -9.80000,
,,,  -0.000124500000,  -9.80000,
Source,CH2,,  -0.000124400000,  -9.40000,
Vertical Units,V,,  -0.000124300000,  -9.20000,
Vertical Scale,5.000000e+00,,  -0.000124200000,  -9.00000,
Vertical Offset,-8.000000e-01,,  -0.000124100000,  -8.60000,
Horizontal Units,s,,  -0.000124000000,  -8.40000,
Horizontal Scale,2.500000e-05,,  -0.000123900000,  -8.20000,
Pt Fmt,Y,,  -0.000123800000,  -8.20000,
Yzero,0.000000e+00,,  -0.000123700000,  -7.80000,
Probe Atten,1.000000e+00,,  -0.000123600000,  -7.60000,
Model Number,TDS2024C,,  -0.000123500000,  -7.40000,
Serial Number,C013728,,  -0.000123400000,  -7.00000,
Firmware Version,FV:v24.15,,  -0.000123300000,  -6.80000,
,,,-00.000123200000,  -7.00000,
,,,-00.000123100000,  -6.60000,
,,,-00.000123000000,  -6.20000,
,,,-00.000122900000,  -6.40000,
,,,-00.000122800000,  -5.80000,
,,,-00.000122700000,  -5.60000,
,,,-00.000122600000,  -5.40000,
,,,-00.000122500000,  -5.20000,
,,,-00.000122400000,  -5.00000,
,,,-00.000122300000,  -4.80000,
,,,-00.000122200000,  -4.60000,
,,,-00.000122100000,  -4.40000,
,,,-00.000122000000,  -3.80000,
,,,-00.000121900000,  -3.60000,
,,,-00.000121800000,  -3.40000,
,,,-00.000121700000,  -3.20000,
,,,-00.000121600000,  -3.20000,
,,,-00.000121500000,  -2.80000,
,,,-00.000121400000,  -2.40000,
,,,-00.000121300000,  -2.40000,
,,,-00.000121200000,  -2.00000,
,,,-00.000121100000,  -1.80000,
,,,-00.000121000000,  -1.60000,
,,,-00.000120900000,  -1.20000,
,,,-00.000120800000,  -1.00000,
,,,-00.000120700000,  -1.00000,
,,,-00.000120600000,  -0.60000,
,,,-00.000120500000,  -0.40000,
,,,-00.000120400000,   0.00000,
,,,-00.000120300000,   0.20000,
,,,-00.000120200000,   0.60000,
,,,-00.000120100000,   0.80000,
,,,-00.000120000000,   1.00000,
,,,-00.000119900000,   1.20000,
,,,-00.000119800000,   1.60000,
,,,-00.000119700000,   1.60000,
,,,-00.000119600000,   2.00000,
,,,-00.000119500000,   2.20000,
,,,-00.000119400000,   2.20000,
,,,-00.000119300000,   2.80000,
,,,-00.000119200000,   2.80000,
,,,-00.000119100000,   3.40000,
,,,-00.000119000000,   3.40000,
,,,-00.000118900000,   3.60000,
,,,-00.000118800000,   3.80000,
,,,-00.000118700000,   4.00000,
,,,-00.000118600000,   4.40000,
,,,-00.000118500000,   4.80000,
,,,-00.000118400000,   4.80000,
,,,-00.000118300000,   5.00000,
,,,-00.000118200000,   5.40000,
,,,-00.000118100000,   5.60000,
,,,-00.000118000000,   5.80000,
,,,-00.000117900000,   6.20000,
,,,-00.000117800000,   6.20000,
,,,-00.000117700000,   6.40000,
,,,-00.000117600000,   6.80000,
,,,-00.000117500000,   7.20000,
,,,-00.000117400000,   7.40000,
,,,-00.000117300000,   7.60000,
,,,-00.000117200000,   7.60000,
,,,-00.000117100000,   7.80000,
,,,-00.000117000000,   8.00000,
,,,-00.000116900000,   8.40000,
,,,-00.000116800000,   8.60000,
,,,-00.000116700000,   8.80000,
,,,-00.000116600000,   9.00000,
,,,-00.000116500000,   9.40000,
,,,-00.000116400000,   9.40000,
,,,-00.000116300000,   9.80000,
,,,-00.000116200000,  10.00000,
,,,-00.000116100000,  10.00000,
,,,-00.000116000000,  10.40000,
,,,-00.000115900000,  10.60000,
,,,-00.000115800000,  10.60000,
,,,-00.000115700000,  10.80000,
,,,-00.000115600000,  11.00000,
,,,-00.000115500000,  11.20000,
,,,-00.000115400000,  11.40000,
,,,-00.000115300000,  11.60000,
,,,-00.000115200000,  11.80000,
,,,-00.000115100000,  12.00000,
,,,-00.000115000000,  12.00000,
,,,-00.000114900000,  12.40000,
,,,-00.000114800000,  12.40000,
,,,-00.000114700000,  12.60000,
,,,-00.000114600000,  12.80000,
,,,-00.000114500000,  13.00000,
,,,-00.000114400000,  13.00000,
,,,-00.000114300000,  13.20000,
,,,-00.000114200000,  13.20000,
,,,-00.000114100000,  13.60000,
,,,-00.000114000000,  13.80000,
,,,-00.000113900000,  14.00000,
,,,-00.000113800000,  14.20000,
,,,-00.000113700000,  14.20000,
,,,-00.000113600000,  14.20000,
,,,-00.000113500000,  14.60000,
,,,-00.000113400000,  14.60000,
,,,-00.000113300000,  14.80000,
,,,-00.000113200000,  15.00000,
,,,-00.000113100000,  15.20000,
,,,-00.000113000000,  15.40000,
,,,-00.000112900000,  15.60000,
,,,-00.000112800000,  15.40000,
,,,-00.000112700000,  15.40000,
,,,-00.000112600000,  15.60000,
,,,-00.000112500000,  15.60000,
,,,-00.000112400000,  15.80000,
,,,-00.000112300000,  16.00000,
,,,-00.000112200000,  15.80000,
,,,-00.000112100000,  16.00000,
,,,-00.000112000000,  16.20000,
,,,-00.000111900000,  16.20000,
,,,-00.000111800000,  16.20000,
,,,-00.000111700000,  16.40000,
,,,-00.000111600000,  16.60000,
,,,-00.000111500000,  16.40000,
,,,-00.000111400000,  16.80000,
,,,-00.000111300000,  16.60000,
,,,-00.000111200000,  16.80000,
,,,-00.000111100000,  17.00000,
,,,-00.000111000000,  16.60000,
,,,-00.000110900000,  17.20000,
,,,-00.000110800000,  17.20000,
,,,-00.000110700000,  17.20000,
,,,-00.000110600000,  17.40000,
,,,-00.000110500000,  17.00000,
,,,-00.000110400000,  17.20000,
,,,-00.000110300000,  17.00000,
,,,-00.000110200000,  17.20000,
,,,-00.000110100000,  17.40000,
,,,-00.000110000000,  17.00000,
,,,-00.000109900000,  17.20000,
,,,-00.000109800000,  17.40000,
,,,-00.000109700000,  17.40000,
,,,-00.000109600000,  17.60000,
,,,-00.000109500000,  17.40000,
,,,-00.000109400000,  17.40000,
,,,-00.000109300000,  17.20000,
,,,-00.000109200000,  17.20000,
,,,-00.000109100000,  17.20000,
,,,-00.000109000000,  17.40000,
,,,-00.000108900000,  17.20000,
,,,-00.000108800000,  17.40000,
,,,-00.000108700000,  17.00000,
,,,-00.000108600000,  17.00000,
,,,-00.000108500000,  17.00000,
,,,-00.000108400000,  17.20000,
,,,-00.000108300000,  17.20000,
,,,-00.000108200000,  16.80000,
,,,-00.000108100000,  17.00000,
,,,-00.000108000000,  17.00000,
,,,-00.000107900000,  17.00000,
,,,-00.000107800000,  16.80000,
,,,-00.000107700000,  16.60000,
,,,-00.000107600000,  16.60000,
,,,-00.000107500000,  16.60000,
,,,-00.000107400000,  16.60000,
,,,-00.000107300000,  16.40000,
,,,-00.000107200000,  16.20000,
,,,-00.000107100000,  16.60000,
,,,-00.000107000000,  16.20000,
,,,-00.000106900000,  16.00000,
,,,-00.000106800000,  16.00000,
,,,-00.000106700000,  15.80000,
,,,-00.000106600000,  15.80000,
,,,-00.000106500000,  15.60000,
,,,-00.000106400000,  15.60000,
,,,-00.000106300000,  15.60000,
,,,-00.000106200000,  15.60000,
,,,-00.000106100000,  15.40000,
,,,-00.000106000000,  15.00000,
,,,-00.000105900000,  15.00000,
,,,-00.000105800000,  15.00000,
,,,-00.000105700000,  14.80000,
,,,-00.000105600000,  14.80000,
,,,-00.000105500000,  14.60000,
,,,-00.000105400000,  14.20000,
,,,-00.000105300000,  14.20000,
,,,-00.000105200000,  14.20000,
,,,-00.000105100000,  14.00000,
,,,-00.000105000000,  13.80000,
,,,-00.000104900000,  13.80000,
,,,-00.000104800000,  13.40000,
,,,-00.000104700000,  13.20000,
,,,-00.000104600000,  13.20000,
,,,-00.000104500000,  13.00000,
,,,-00.000104400000,  13.00000,
,,,-00.000104300000,  12.60000,
,,,-00.000104200000,  12.40000,
,,,-00.000104100000,  12.20000,
,,,-00.000104000000,  12.20000,
,,,-00.000103900000,  12.00000,
,,,-00.000103800000,  11.80000,
,,,-00.000103700000,  11.60000,
,,,-00.000103600000,  11.20000,
,,,-00.000103500000,  11.20000,
,,,-00.000103400000,  11.00000,
,,,-00.000103300000,  10.80000,
,,,-00.000103200000,  10.40000,
,,,-00.000103100000,  10.40000,
,,,-00.000103000000,  10.20000,
,,,-00.000102900000,  10.00000,
,,,-00.000102800000,   9.80000,
,,,-00.000102700000,   9.60000,
,,,-00.000102600000,   9.60000,
,,,-00.000102500000,   9.20000,
,,,-00.000102400000,   9.00000,
,,,-00.000102300000,   8.80000,
,,,-00.000102200000,   8.80000,
,,,-00.000102100000,   8.40000,
,,,-00.000102000000,   8.20000,
,,,-00.000101900000,   8.00000,
,,,-00.000101800000,   7.60000,
,,,-00.000101700000,   7.40000,
,,,-00.000101600000,   7.20000,
,,,-00.000101500000,   7.00000,
,,,-00.000101400000,   6.80000,
,,,-00.000101300000,   6.60000,
,,,-00.000101200000,   6.20000,
,,,-00.000101100000,   6.00000,
,,,-00.000101000000,   5.80000,
,,,-00.000100900000,   5.40000,
,,,-00.000100800000,   5.20000,
,,,-00.000100700000,   5.00000,
,,,-00.000100600000,   5.00000,
,,,-00.000100500000,   4.60000,
,,,-00.000100400000,   4.40000,
,,,-00.000100300000,   4.40000,
,,,-00.000100200000,   3.80000,
,,,-00.000100100000,   3.80000,
,,,-00.000100000000,   3.60000,
,,,-00.000099900000,   3.20000,
,,,-00.000099800000,   2.80000,
,,,-00.000099700000,   2.60000,
,,,-00.000099600000,   2.40000,
,,,-00.000099500000,   2.20000,
,,,-00.000099400000,   1.80000,
,,,-00.000099300000,   1.80000,
,,,-00.000099200000,   1.40000,
,,,-00.000099100000,   1.20000,
,,,-00.000099000000,   0.80000,
,,,-00.000098900000,   0.80000,
,,,-00.000098800000,   0.40000,
,,,-00.000098700000,   0.20000,
,,,-00.000098600000,  -0.20000,
,,,-00.000098500000,  -0.40000,
,,,-00.000098400000,  -0.60000,
,,,-00.000098300000,  -0.80000,
,,,-00.000098200000,  -1.20000,
,,,-00.000098100000,  -1.20000,
,,,-00.000098000000,  -1.60000,
,,,-00.000097900000,  -1.80000,
,,,-00.000097800000,  -2.00000,
,,,-00.000097700000,  -2.20000,
,,,-00.000097600000,  -2.40000,
,,,-00.000097500000,  -2.80000,
,,,-00.000097400000,  -3.00000,
,,,-00.000097300000,  -3.20000,
,,,-00.000097200000,  -3.60000,
,,,-00.000097100000,  -3.80000,
,,,-00.000097000000,  -4.00000,
,,,-00.000096900000,  -4.00000,
,,,-00.000096800000,  -4.60000,
,,,-00.000096700000,  -4.60000,
,,,-00.000096600000,  -5.00000,
,,,-00.000096500000,  -5.20000,
,,,-00.000096400000,  -5.40000,
,,,-00.000096300000,  -5.80000,
,,,-00.000096200000,  -5.80000,
,,,-00.000096100000,  -6.20000,
,,,-00.000096000000,  -6.20000,
,,,-00.000095900000,  -6.60000,
,,,-00.000095800000,  -6.60000,
,,,-00.000095700000,  -7.00000,
,,,-00.000095600000,  -7.20000,
,,,-00.000095500000,  -7.60000,
,,,-00.000095400000,  -7.80000,
,,,-00.000095300000,  -7.80000,
,,,-00.000095200000,  -8.00000,
,,,-00.000095100000,  -8.40000,
,,,-00.000095000000,  -8.80000,
,,,-00.000094900000,  -8.60000,
,,,-00.000094800000,  -9.20000,
,,,-00.000094700000,  -9.20000,
,,,-00.000094600000,  -9.60000,
,,,-00.000094500000,  -9.80000,
,,,-00.000094400000,  -9.80000,
,,,-00.000094300000, -10.00000,
,,,-00.000094200000, -10.40000,
,,,-00.000094100000, -10.40000,
,,,-00.000094000000, -10.80000,
,,,-00.000093900000, -10.80000,
,,,-00.000093800000, -11.20000,
,,,-00.000093700000, -11.20000,
,,,-00.000093600000, -11.60000,
,,,-00.000093500000, -11.60000,
,,,-00.000093400000, -11.80000,
,,,-00.000093300000, -12.00000,
,,,-00.000093200000, -12.20000,
,,,-00.000093100000, -12.40000,
,,,-00.000093000000, -12.80000,
,,,-00.000092900000, -12.40000,
,,,-00.000092800000, -12.60000,
,,,-00.000092700000, -12.80000,
,,,-00.000092600000, -13.20000,
,,,-00.000092500000, -13.40000,
,,,-00.000092400000, -13.60000,
,,,-00.000092300000, -13.60000,
,,,-00.000092200000, -13.60000,
,,,-00.000092100000, -14.00000,
,,,-00.000092000000, -14.00000,
,,,-00.000091900000, -14.20000,
,,,-00.000091800000, -14.20000,
,,,-00.000091700000, -14.40000,
,,,-00.000091600000, -14.40000,
,,,-00.000091500000, -15.00000,
,,,-00.000091400000, -14.60000,
,,,-00.000091300000, -15.20000,
,,,-00.000091200000, -15.20000,
,,,-00.000091100000, -15.00000,
,,,-00.000091000000, -15.40000,
,,,-00.000090900000, -15.40000,
,,,-00.000090800000, -15.40000,
,,,-00.000090700000, -15.60000,
,,,-00.000090600000, -15.80000,
,,,-00.000090500000, -15.60000,
,,,-00.000090400000, -15.60000,
,,,-00.000090300000, -16.00000,
,,,-00.000090200000, -16.00000,
,,,-00.000090100000, -15.80000,
,,,-00.000090000000, -16.40000,
,,,-00.000089900000, -16.60000,
,,,-00.000089800000, -16.40000,
,,,-00.000089700000, -16.60000,
,,,-00.000089600000, -16.40000,
,,,-00.000089500000, -16.60000,
,,,-00.000089400000, -16.60000,
,,,-00.000089300000, -16.80000,
,,,-00.000089200000, -16.80000,
,,,-00.000089100000, -16.60000,
,,,-00.000089000000, -16.60000,
,,,-00.000088900000, -16.80000,
,,,-00.000088800000, -17.00000,
,,,-00.000088700000, -16.80000,
,,,-00.000088600000, -16.80000,
,,,-00.000088500000, -17.20000,
,,,-00.000088400000, -17.00000,
,,,-00.000088300000, -16.80000,
,,,-00.000088200000, -17.00000,
,,,-00.000088100000, -17.00000,
,,,-00.000088000000, -17.20000,
,,,-00.000087900000, -17.00000,
,,,-00.000087800000, -17.00000,
,,,-00.000087700000, -17.00000,
,,,-00.000087600000, -16.80000,
,,,-00.000087500000, -17.00000,
,,,-00.000087400000, -16.80000,
,,,-00.000087300000, -16.80000,
,,,-00.000087200000, -16.80000,
,,,-00.000087100000, -17.00000,
,,,-00.000087000000, -17.00000,
,,,-00.000086900000, -17.00000,
,,,-00.000086800000, -17.00000,
,,,-00.000086700000, -16.80000,
,,,-00.000086600000, -17.20000,
,,,-00.000086500000, -17.00000,
,,,-00.000086400000, -16.80000,
,,,-00.000086300000, -16.80000,
,,,-00.000086200000, -16.80000,
,,,-00.000086100000, -16.60000,
,,,-00.000086000000, -16.40000,
,,,-00.000085900000, -16.40000,
,,,-00.000085800000, -16.40000,
,,,-00.000085700000, -16.20000,
,,,-00.000085600000, -16.20000,
,,,-00.000085500000, -16.20000,
,,,-00.000085400000, -16.20000,
,,,-00.000085300000, -15.80000,
,,,-00.000085200000, -16.20000,
,,,-00.000085100000, -16.00000,
,,,-00.000085000000, -15.80000,
,,,-00.000084900000, -15.60000,
,,,-00.000084800000, -15.60000,
,,,-00.000084700000, -15.40000,
,,,-00.000084600000, -15.40000,
,,,-00.000084500000, -15.00000,
,,,-00.000084400000, -15.00000,
,,,-00.000084300000, -15.20000,
,,,-00.000084200000, -14.60000,
,,,-00.000084100000, -14.80000,
,,,-00.000084000000, -14.40000,
,,,-00.000083900000, -14.60000,
,,,-00.000083800000, -14.40000,
,,,-00.000083700000, -14.40000,
,,,-00.000083600000, -14.20000,
,,,-00.000083500000, -14.00000,
,,,-00.000083400000, -13.60000,
,,,-00.000083300000, -13.80000,
,,,-00.000083200000, -13.60000,
,,,-00.000083100000, -13.60000,
,,,-00.000083000000, -13.20000,
,,,-00.000082900000, -13.00000,
,,,-00.000082800000, -13.00000,
,,,-00.000082700000, -12.80000,
,,,-00.000082600000, -12.60000,
,,,-00.000082500000, -12.60000,
,,,-00.000082400000, -12.40000,
,,,-00.000082300000, -12.00000,
,,,-00.000082200000, -12.00000,
,,,-00.000082100000, -11.60000,
,,,-00.000082000000, -11.60000,
,,,-00.000081900000, -11.20000,
,,,-00.000081800000, -11.20000,
,,,-00.000081700000, -11.00000,
,,,-00.000081600000, -10.80000,
,,,-00.000081500000, -10.60000,
,,,-00.000081400000, -10.40000,
,,,-00.000081300000, -10.40000,
,,,-00.000081200000,  -9.80000,
,,,-00.000081100000,  -9.80000,
,,,-00.000081000000,  -9.40000,
,,,-00.000080900000,  -9.40000,
,,,-00.000080800000,  -9.20000,
,,,-00.000080700000,  -8.80000,
,,,-00.000080600000,  -8.60000,
,,,-00.000080500000,  -8.40000,
,,,-00.000080400000,  -8.40000,
,,,-00.000080300000,  -8.20000,
,,,-00.000080200000,  -7.80000,
,,,-00.000080100000,  -7.60000,
,,,-00.000080000000,  -7.40000,
,,,-00.000079900000,  -7.20000,
,,,-00.000079800000,  -7.00000,
,,,-00.000079700000,  -6.80000,
,,,-00.000079600000,  -6.60000,
,,,-00.000079500000,  -6.20000,
,,,-00.000079400000,  -6.00000,
,,,-00.000079300000,  -5.80000,
,,,-00.000079200000,  -5.60000,
,,,-00.000079100000,  -5.40000,
,,,-00.000079000000,  -5.20000,
,,,-00.000078900000,  -5.00000,
,,,-00.000078800000,  -4.80000,
,,,-00.000078700000,  -4.40000,
,,,-00.000078600000,  -4.20000,
,,,-00.000078500000,  -3.80000,
,,,-00.000078400000,  -4.00000,
,,,-00.000078300000,  -3.40000,
,,,-00.000078200000,  -3.40000,
,,,-00.000078100000,  -3.00000,
,,,-00.000078000000,  -3.00000,
,,,-00.000077900000,  -2.40000,
,,,-00.000077800000,  -2.20000,
,,,-00.000077700000,  -2.00000,
,,,-00.000077600000,  -1.80000,
,,,-00.000077500000,  -1.60000,
,,,-00.000077400000,  -1.20000,
,,,-00.000077300000,  -1.00000,
,,,-00.000077200000,  -0.80000,
,,,-00.000077100000,  -0.40000,
,,,-00.000077000000,  -0.20000,
,,,-00.000076900000,  -0.20000,
,,,-00.000076800000,   0.20000,
,,,-00.000076700000,   0.40000,
,,,-00.000076600000,   0.80000,
,,,-00.000076500000,   1.00000,
,,,-00.000076400000,   1.20000,
,,,-00.000076300000,   1.40000,
,,,-00.000076200000,   1.80000,
,,,-00.000076100000,   2.00000,
,,,-00.000076000000,   2.20000,
,,,-00.000075900000,   2.60000,
,,,-00.000075800000,   2.80000,
,,,-00.000075700000,   2.80000,
,,,-00.000075600000,   3.40000,
,,,-00.000075500000,   3.60000,
,,,-00.000075400000,   3.80000,
,,,-00.000075300000,   4.00000,
,,,-00.000075200000,   4.20000,
,,,-00.000075100000,   4.40000,
,,,-00.000075000000,   4.80000,
,,,-00.000074900000,   5.00000,
,,,-00.000074800000,   5.20000,
,,,-00.000074700000,   5.20000,
,,,-00.000074600000,   5.60000,
,,,-00.000074500000,   5.80000,
,,,-00.000074400000,   6.20000,
,,,-00.000074300000,   6.40000,
,,,-00.000074200000,   6.60000,
,,,-00.000074100000,   6.80000,
,,,-00.000074000000,   7.00000,
,,,-00.000073900000,   7.40000,
,,,-00.000073800000,   7.60000,
,,,-00.000073700000,   7.60000,
,,,-00.000073600000,   7.80000,
,,,-00.000073500000,   8.20000,
,,,-00.000073400000,   8.40000,
,,,-00.000073300000,   8.80000,
,,,-00.000073200000,   9.00000,
,,,-00.000073100000,   9.00000,
,,,-00.000073000000,   9.20000,
,,,-00.000072900000,   9.60000,
,,,-00.000072800000,   9.80000,
,,,-00.000072700000,  10.00000,
,,,-00.000072600000,  10.20000,
,,,-00.000072500000,  10.40000,
,,,-00.000072400000,  10.40000,
,,,-00.000072300000,  10.60000,
,,,-00.000072200000,  10.80000,
,,,-00.000072100000,  11.00000,
,,,-00.000072000000,  11.40000,
,,,-00.000071900000,  11.40000,
,,,-00.000071800000,  11.80000,
,,,-00.000071700000,  12.00000,
,,,-00.000071600000,  12.20000,
,,,-00.000071500000,  12.20000,
,,,-00.000071400000,  12.20000,
,,,-00.000071300000,  12.60000,
,,,-00.000071200000,  12.80000,
,,,-00.000071100000,  13.00000,
,,,-00.000071000000,  13.00000,
,,,-00.000070900000,  13.20000,
,,,-00.000070800000,  13.40000,
,,,-00.000070700000,  13.40000,
,,,-00.000070600000,  13.60000,
,,,-00.000070500000,  13.80000,
,,,-00.000070400000,  14.00000,
,,,-00.000070300000,  14.00000,
,,,-00.000070200000,  14.40000,
,,,-00.000070100000,  14.40000,
,,,-00.000070000000,  14.80000,
,,,-00.000069900000,  14.60000,
,,,-00.000069800000,  14.80000,
,,,-00.000069700000,  15.00000,
,,,-00.000069600000,  15.00000,
,,,-00.000069500000,  15.00000,
,,,-00.000069400000,  15.40000,
,,,-00.000069300000,  15.20000,
,,,-00.000069200000,  15.60000,
,,,-00.000069100000,  15.60000,
,,,-00.000069000000,  15.60000,
,,,-00.000068900000,  15.80000,
,,,-00.000068800000,  16.00000,
,,,-00.000068700000,  16.20000,
,,,-00.000068600000,  16.00000,
,,,-00.000068500000,  16.20000,
,,,-00.000068400000,  16.40000,
,,,-00.000068300000,  16.60000,
,,,-00.000068200000,  16.40000,
,,,-00.000068100000,  16.40000,
,,,-00.000068000000,  16.60000,
,,,-00.000067900000,  16.80000,
,,,-00.000067800000,  16.80000,
,,,-00.000067700000,  16.60000,
,,,-00.000067600000,  16.60000,
,,,-00.000067500000,  17.00000,
,,,-00.000067400000,  17.00000,
,,,-00.000067300000,  17.00000,
,,,-00.000067200000,  17.20000,
,,,-00.000067100000,  16.80000,
,,,-00.000067000000,  17.20000,
,,,-00.000066900000,  17.20000,
,,,-00.000066800000,  17.20000,
,,,-00.000066700000,  17.40000,
,,,-00.000066600000,  17.40000,
,,,-00.000066500000,  17.40000,
,,,-00.000066400000,  17.20000,
,,,-00.000066300000,  17.40000,
,,,-00.000066200000,  17.40000,
,,,-00.000066100000,  17.20000,
,,,-00.000066000000,  17.40000,
,,,-00.000065900000,  17.20000,
,,,-00.000065800000,  17.40000,
,,,-00.000065700000,  17.40000,
,,,-00.000065600000,  17.40000,
,,,-00.000065500000,  17.40000,
,,,-00.000065400000,  17.40000,
,,,-00.000065300000,  17.40000,
,,,-00.000065200000,  17.00000,
,,,-00.000065100000,  17.20000,
,,,-00.000065000000,  17.20000,
,,,-00.000064900000,  17.20000,
,,,-00.000064800000,  17.00000,
,,,-00.000064700000,  16.80000,
,,,-00.000064600000,  16.80000,
,,,-00.000064500000,  16.80000,
,,,-00.000064400000,  16.80000,
,,,-00.000064300000,  16.60000,
,,,-00.000064200000,  16.60000,
,,,-00.000064100000,  16.40000,
,,,-00.000064000000,  16.60000,
,,,-00.000063900000,  16.60000,
,,,-00.000063800000,  16.40000,
,,,-00.000063700000,  16.20000,
,,,-00.000063600000,  16.40000,
,,,-00.000063500000,  16.40000,
,,,-00.000063400000,  16.40000,
,,,-00.000063300000,  16.20000,
,,,-00.000063200000,  15.80000,
,,,-00.000063100000,  15.60000,
,,,-00.000063000000,  15.80000,
,,,-00.000062900000,  15.40000,
,,,-00.000062800000,  15.60000,
,,,-00.000062700000,  15.20000,
,,,-00.000062600000,  15.20000,
,,,-00.000062500000,  15.00000,
,,,-00.000062400000,  14.80000,
,,,-00.000062300000,  14.80000,
,,,-00.000062200000,  14.80000,
,,,-00.000062100000,  14.60000,
,,,-00.000062000000,  14.40000,
,,,-00.000061900000,  14.40000,
,,,-00.000061800000,  14.40000,
,,,-00.000061700000,  14.00000,
,,,-00.000061600000,  14.00000,
,,,-00.000061500000,  13.60000,
,,,-00.000061400000,  13.60000,
,,,-00.000061300000,  13.40000,
,,,-00.000061200000,  13.40000,
,,,-00.000061100000,  13.20000,
,,,-00.000061000000,  13.00000,
,,,-00.000060900000,  13.00000,
,,,-00.000060800000,  12.40000,
,,,-00.000060700000,  12.40000,
,,,-00.000060600000,  12.00000,
,,,-00.000060500000,  12.00000,
,,,-00.000060400000,  11.80000,
,,,-00.000060300000,  11.80000,
,,,-00.000060200000,  11.40000,
,,,-00.000060100000,  11.20000,
,,,-00.000060000000,  11.00000,
,,,-00.000059900000,  11.00000,
,,,-00.000059800000,  11.00000,
,,,-00.000059700000,  10.60000,
,,,-00.000059600000,  10.40000,
,,,-00.000059500000,  10.20000,
,,,-00.000059400000,  10.00000,
,,,-00.000059300000,   9.80000,
,,,-00.000059200000,   9.60000,
,,,-00.000059100000,   9.40000,
,,,-00.000059000000,   9.00000,
,,,-00.000058900000,   8.80000,
,,,-00.000058800000,   8.80000,
,,,-00.000058700000,   8.40000,
,,,-00.000058600000,   8.20000,
,,,-00.000058500000,   8.00000,
,,,-00.000058400000,   8.00000,
,,,-00.000058300000,   7.60000,
,,,-00.000058200000,   7.60000,
,,,-00.000058100000,   7.20000,
,,,-00.000058000000,   7.00000,
,,,-00.000057900000,   6.80000,
,,,-00.000057800000,   6.60000,
,,,-00.000057700000,   6.40000,
,,,-00.000057600000,   6.20000,
,,,-00.000057500000,   6.00000,
,,,-00.000057400000,   5.80000,
,,,-00.000057300000,   5.20000,
,,,-00.000057200000,   5.00000,
,,,-00.000057100000,   5.20000,
,,,-00.000057000000,   4.60000,
,,,-00.000056900000,   4.20000,
,,,-00.000056800000,   4.20000,
,,,-00.000056700000,   3.80000,
,,,-00.000056600000,   3.60000,
,,,-00.000056500000,   3.20000,
,,,-00.000056400000,   3.00000,
,,,-00.000056300000,   3.00000,
,,,-00.000056200000,   2.60000,
,,,-00.000056100000,   2.40000,
,,,-00.000056000000,   2.40000,
,,,-00.000055900000,   1.80000,
,,,-00.000055800000,   1.80000,
,,,-00.000055700000,   1.60000,
,,,-00.000055600000,   1.00000,
,,,-00.000055500000,   1.00000,
,,,-00.000055400000,   0.60000,
,,,-00.000055300000,   0.40000,
,,,-00.000055200000,   0.20000,
,,,-00.000055100000,   0.00000,
,,,-00.000055000000,  -0.60000,
,,,-00.000054900000,  -0.60000,
,,,-00.000054800000,  -0.80000,
,,,-00.000054700000,  -1.20000,
,,,-00.000054600000,  -1.40000,
,,,-00.000054500000,  -1.60000,
,,,-00.000054400000,  -2.00000,
,,,-00.000054300000,  -2.20000,
,,,-00.000054200000,  -2.40000,
,,,-00.000054100000,  -2.60000,
,,,-00.000054000000,  -3.00000,
,,,-00.000053900000,  -3.40000,
,,,-00.000053800000,  -3.60000,
,,,-00.000053700000,  -3.40000,
,,,-00.000053600000,  -3.80000,
,,,-00.000053500000,  -4.00000,
,,,-00.000053400000,  -4.40000,
,,,-00.000053300000,  -4.40000,
,,,-00.000053200000,  -4.60000,
,,,-00.000053100000,  -4.80000,
,,,-00.000053000000,  -5.20000,
,,,-00.000052900000,  -5.40000,
,,,-00.000052800000,  -5.60000,
,,,-00.000052700000,  -6.00000,
,,,-00.000052600000,  -6.20000,
,,,-00.000052500000,  -6.40000,
,,,-00.000052400000,  -6.60000,
,,,-00.000052300000,  -7.00000,
,,,-00.000052200000,  -7.20000,
,,,-00.000052100000,  -7.40000,
,,,-00.000052000000,  -7.40000,
,,,-00.000051900000,  -7.80000,
,,,-00.000051800000,  -8.20000,
,,,-00.000051700000,  -8.20000,
,,,-00.000051600000,  -8.60000,
,,,-00.000051500000,  -8.80000,
,,,-00.000051400000,  -9.00000,
,,,-00.000051300000,  -9.00000,
,,,-00.000051200000,  -9.40000,
,,,-00.000051100000,  -9.60000,
,,,-00.000051000000,  -9.80000,
,,,-00.000050900000,  -9.80000,
,,,-00.000050800000,  -9.80000,
,,,-00.000050700000, -10.40000,
,,,-00.000050600000, -10.40000,
,,,-00.000050500000, -10.60000,
,,,-00.000050400000, -11.00000,
,,,-00.000050300000, -11.00000,
,,,-00.000050200000, -11.20000,
,,,-00.000050100000, -11.40000,
,,,-00.000050000000, -11.80000,
,,,-00.000049900000, -11.60000,
,,,-00.000049800000, -12.00000,
,,,-00.000049700000, -12.20000,
,,,-00.000049600000, -12.40000,
,,,-00.000049500000, -12.60000,
,,,-00.000049400000, -12.40000,
,,,-00.000049300000, -13.00000,
,,,-00.000049200000, -13.00000,
,,,-00.000049100000, -13.20000,
,,,-00.000049000000, -13.40000,
,,,-00.000048900000, -13.40000,
,,,-00.000048800000, -13.80000,
,,,-00.000048700000, -13.80000,
,,,-00.000048600000, -14.00000,
,,,-00.000048500000, -14.00000,
,,,-00.000048400000, -14.20000,
,,,-00.000048300000, -14.40000,
,,,-00.000048200000, -14.40000,
,,,-00.000048100000, -14.40000,
,,,-00.000048000000, -14.60000,
,,,-00.000047900000, -14.80000,
,,,-00.000047800000, -15.00000,
,,,-00.000047700000, -15.00000,
,,,-00.000047600000, -15.00000,
,,,-00.000047500000, -15.20000,
,,,-00.000047400000, -15.20000,
,,,-00.000047300000, -15.40000,
,,,-00.000047200000, -15.60000,
,,,-00.000047100000, -15.60000,
,,,-00.000047000000, -16.00000,
,,,-00.000046900000, -16.00000,
,,,-00.000046800000, -16.00000,
,,,-00.000046700000, -16.00000,
,,,-00.000046600000, -16.20000,
,,,-00.000046500000, -16.20000,
,,,-00.000046400000, -16.20000,
,,,-00.000046300000, -16.40000,
,,,-00.000046200000, -16.40000,
,,,-00.000046100000, -16.60000,
,,,-00.000046000000, -16.60000,
,,,-00.000045900000, -16.60000,
,,,-00.000045800000, -16.60000,
,,,-00.000045700000, -16.80000,
,,,-00.000045600000, -16.80000,
,,,-00.000045500000, -17.00000,
,,,-00.000045400000, -16.80000,
,,,-00.000045300000, -17.00000,
,,,-00.000045200000, -16.80000,
,,,-00.000045100000, -17.20000,
,,,-00.000045000000, -16.80000,
,,,-00.000044900000, -16.80000,
,,,-00.000044800000, -16.60000,
,,,-00.000044700000, -17.00000,
,,,-00.000044600000, -16.80000,
,,,-00.000044500000, -17.00000,
,,,-00.000044400000, -17.00000,
,,,-00.000044300000, -17.00000,
,,,-00.000044200000, -17.20000,
,,,-00.000044100000, -17.20000,
,,,-00.000044000000, -16.80000,
,,,-00.000043900000, -17.20000,
,,,-00.000043800000, -17.00000,
,,,-00.000043700000, -17.00000,
,,,-00.000043600000, -17.20000,
,,,-00.000043500000, -17.00000,
,,,-00.000043400000, -16.60000,
,,,-00.000043300000, -16.80000,
,,,-00.000043200000, -16.60000,
,,,-00.000043100000, -16.80000,
,,,-00.000043000000, -17.00000,
,,,-00.000042900000, -17.00000,
,,,-00.000042800000, -16.60000,
,,,-00.000042700000, -16.40000,
,,,-00.000042600000, -16.60000,
,,,-00.000042500000, -16.60000,
,,,-00.000042400000, -16.40000,
,,,-00.000042300000, -16.20000,
,,,-00.000042200000, -16.00000,
,,,-00.000042100000, -16.40000,
,,,-00.000042000000, -16.40000,
,,,-00.000041900000, -16.00000,
,,,-00.000041800000, -16.20000,
,,,-00.000041700000, -16.20000,
,,,-00.000041600000, -15.80000,
,,,-00.000041500000, -15.60000,
,,,-00.000041400000, -15.60000,
,,,-00.000041300000, -15.60000,
,,,-00.000041200000, -15.40000,
,,,-00.000041100000, -15.40000,
,,,-00.000041000000, -15.20000,
,,,-00.000040900000, -15.00000,
,,,-00.000040800000, -15.00000,
,,,-00.000040700000, -14.80000,
,,,-00.000040600000, -14.80000,
,,,-00.000040500000, -14.60000,
,,,-00.000040400000, -14.40000,
,,,-00.000040300000, -14.20000,
,,,-00.000040200000, -14.20000,
,,,-00.000040100000, -14.00000,
,,,-00.000040000000, -13.80000,
,,,-00.000039900000, -13.80000,
,,,-00.000039800000, -13.60000,
,,,-00.000039700000, -13.60000,
,,,-00.000039600000, -13.40000,
,,,-00.000039500000, -13.20000,
,,,-00.000039400000, -13.20000,
,,,-00.000039300000, -13.00000,
,,,-00.000039200000, -12.60000,
,,,-00.000039100000, -12.60000,
,,,-00.000039000000, -12.40000,
,,,-00.000038900000, -12.20000,
,,,-00.000038800000, -12.00000,
,,,-00.000038700000, -11.80000,
,,,-00.000038600000, -11.60000,
,,,-00.000038500000, -11.60000,
,,,-00.000038400000, -11.40000,
,,,-00.000038300000, -11.20000,
,,,-00.000038200000, -10.80000,
,,,-00.000038100000, -10.80000,
,,,-00.000038000000, -10.60000,
,,,-00.000037900000, -10.40000,
,,,-00.000037800000, -10.00000,
,,,-00.000037700000, -10.00000,
,,,-00.000037600000,  -9.80000,
,,,-00.000037500000,  -9.60000,
,,,-00.000037400000,  -9.20000,
,,,-00.000037300000,  -9.20000,
,,,-00.000037200000,  -9.00000,
,,,-00.000037100000,  -9.00000,
,,,-00.000037000000,  -8.40000,
,,,-00.000036900000,  -8.20000,
,,,-00.000036800000,  -8.20000,
,,,-00.000036700000,  -8.20000,
,,,-00.000036600000,  -7.60000,
,,,-00.000036500000,  -7.20000,
,,,-00.000036400000,  -7.20000,
,,,-00.000036300000,  -7.00000,
,,,-00.000036200000,  -6.60000,
,,,-00.000036100000,  -6.60000,
,,,-00.000036000000,  -6.40000,
,,,-00.000035900000,  -6.00000,
,,,-00.000035800000,  -5.80000,
,,,-00.000035700000,  -5.80000,
,,,-00.000035600000,  -5.40000,
,,,-00.000035500000,  -5.20000,
,,,-00.000035400000,  -4.80000,
,,,-00.000035300000,  -4.80000,
,,,-00.000035200000,  -4.40000,
,,,-00.000035100000,  -4.20000,
,,,-00.000035000000,  -3.80000,
,,,-00.000034900000,  -3.80000,
,,,-00.000034800000,  -3.40000,
,,,-00.000034700000,  -3.20000,
,,,-00.000034600000,  -2.80000,
,,,-00.000034500000,  -2.60000,
,,,-00.000034400000,  -2.40000,
,,,-00.000034300000,  -2.20000,
,,,-00.000034200000,  -1.80000,
,,,-00.000034100000,  -1.80000,
,,,-00.000034000000,  -1.40000,
,,,-00.000033900000,  -1.20000,
,,,-00.000033800000,  -0.80000,
,,,-00.000033700000,  -0.60000,
,,,-00.000033600000,  -0.40000,
,,,-00.000033500000,  -0.20000,
,,,-00.000033400000,   0.00000,
,,,-00.000033300000,   0.20000,
,,,-00.000033200000,   0.60000,
,,,-00.000033100000,   0.80000,
,,,-00.000033000000,   1.00000,
,,,-00.000032900000,   1.20000,
,,,-00.000032800000,   1.60000,
,,,-00.000032700000,   1.80000,
,,,-00.000032600000,   2.00000,
,,,-00.000032500000,   2.20000,
,,,-00.000032400000,   2.60000,
,,,-00.000032300000,   2.60000,
,,,-00.000032200000,   3.00000,
,,,-00.000032100000,   3.40000,
,,,-00.000032000000,   3.60000,
,,,-00.000031900000,   3.80000,
,,,-00.000031800000,   3.80000,
,,,-00.000031700000,   4.20000,
,,,-00.000031600000,   4.40000,
,,,-00.000031500000,   4.80000,
,,,-00.000031400000,   5.00000,
,,,-00.000031300000,   5.00000,
,,,-00.000031200000,   5.60000,
,,,-00.000031100000,   5.60000,
,,,-00.000031000000,   6.00000,
,,,-00.000030900000,   6.20000,
,,,-00.000030800000,   6.40000,
,,,-00.000030700000,   6.60000,
,,,-00.000030600000,   6.80000,
,,,-00.000030500000,   7.00000,
,,,-00.000030400000,   7.20000,
,,,-00.000030300000,   7.40000,
,,,-00.000030200000,   7.60000,
,,,-00.000030100000,   8.00000,
,,,-00.000030000000,   8.20000,
,,,-00.000029900000,   8.40000,
,,,-00.000029800000,   8.60000,
,,,-00.000029700000,   9.00000,
,,,-00.000029600000,   9.20000,
,,,-00.000029500000,   9.40000,
,,,-00.000029400000,   9.60000,
,,,-00.000029300000,   9.80000,
,,,-00.000029200000,  10.00000,
,,,-00.000029100000,  10.20000,
,,,-00.000029000000,  10.20000,
,,,-00.000028900000,  10.60000,
,,,-00.000028800000,  10.80000,
,,,-00.000028700000,  11.20000,
,,,-00.000028600000,  11.00000,
,,,-00.000028500000,  11.20000,
,,,-00.000028400000,  11.40000,
,,,-00.000028300000,  11.80000,
,,,-00.000028200000,  11.80000,
,,,-00.000028100000,  12.00000,
,,,-00.000028000000,  12.20000,
,,,-00.000027900000,  12.60000,
,,,-00.000027800000,  12.60000,
,,,-00.000027700000,  12.80000,
,,,-00.000027600000,  13.00000,
,,,-00.000027500000,  13.00000,
,,,-00.000027400000,  13.20000,
,,,-00.000027300000,  13.40000,
,,,-00.000027200000,  13.60000,
,,,-00.000027100000,  13.80000,
,,,-00.000027000000,  14.20000,
,,,-00.000026900000,  14.00000,
,,,-00.000026800000,  14.20000,
,,,-00.000026700000,  14.20000,
,,,-00.000026600000,  14.60000,
,,,-00.000026500000,  14.60000,
,,,-00.000026400000,  14.80000,
,,,-00.000026300000,  15.00000,
,,,-00.000026200000,  14.80000,
,,,-00.000026100000,  15.00000,
,,,-00.000026000000,  15.20000,
,,,-00.000025900000,  15.40000,
,,,-00.000025800000,  15.60000,
,,,-00.000025700000,  15.80000,
,,,-00.000025600000,  15.80000,
,,,-00.000025500000,  15.60000,
,,,-00.000025400000,  16.00000,
,,,-00.000025300000,  16.00000,
,,,-00.000025200000,  15.80000,
,,,-00.000025100000,  16.20000,
,,,-00.000025000000,  16.20000,
,,,-00.000024900000,  16.40000,
,,,-00.000024800000,  16.20000,
,,,-00.000024700000,  16.40000,
,,,-00.000024600000,  16.40000,
,,,-00.000024500000,  16.40000,
,,,-00.000024400000,  16.60000,
,,,-00.000024300000,  16.60000,
,,,-00.000024200000,  16.60000,
,,,-00.000024100000,  16.80000,
,,,-00.000024000000,  17.00000,
,,,-00.000023900000,  17.00000,
,,,-00.000023800000,  17.20000,
,,,-00.000023700000,  16.80000,
,,,-00.000023600000,  17.20000,
,,,-00.000023500000,  17.00000,
,,,-00.000023400000,  17.00000,
,,,-00.000023300000,  17.00000,
,,,-00.000023200000,  17.20000,
,,,-00.000023100000,  17.20000,
,,,-00.000023000000,  17.20000,
,,,-00.000022900000,  17.20000,
,,,-00.000022800000,  17.20000,
,,,-00.000022700000,  17.40000,
,,,-00.000022600000,  17.20000,
,,,-00.000022500000,  17.20000,
,,,-00.000022400000,  17.20000,
,,,-00.000022300000,  17.20000,
,,,-00.000022200000,  17.20000,
,,,-00.000022100000,  17.40000,
,,,-00.000022000000,  17.20000,
,,,-00.000021900000,  17.00000,
,,,-00.000021800000,  17.20000,
,,,-00.000021700000,  17.00000,
,,,-00.000021600000,  17.20000,
,,,-00.000021500000,  17.20000,
,,,-00.000021400000,  17.20000,
,,,-00.000021300000,  17.00000,
,,,-00.000021200000,  17.00000,
,,,-00.000021100000,  17.00000,
,,,-00.000021000000,  16.80000,
,,,-00.000020900000,  16.60000,
,,,-00.000020800000,  16.80000,
,,,-00.000020700000,  16.60000,
,,,-00.000020600000,  16.60000,
,,,-00.000020500000,  16.60000,
,,,-00.000020400000,  16.60000,
,,,-00.000020300000,  16.40000,
,,,-00.000020200000,  16.20000,
,,,-00.000020100000,  16.20000,
,,,-00.000020000000,  16.00000,
,,,-00.000019900000,  16.00000,
,,,-00.000019800000,  16.00000,
,,,-00.000019700000,  15.80000,
,,,-00.000019600000,  15.80000,
,,,-00.000019500000,  15.60000,
,,,-00.000019400000,  15.40000,
,,,-00.000019300000,  15.40000,
,,,-00.000019200000,  15.40000,
,,,-00.000019100000,  15.20000,
,,,-00.000019000000,  15.40000,
,,,-00.000018900000,  15.00000,
,,,-00.000018800000,  15.20000,
,,,-00.000018700000,  14.80000,
,,,-00.000018600000,  14.60000,
,,,-00.000018500000,  14.20000,
,,,-00.000018400000,  14.20000,
,,,-00.000018300000,  14.00000,
,,,-00.000018200000,  14.00000,
,,,-00.000018100000,  13.80000,
,,,-00.000018000000,  13.60000,
,,,-00.000017900000,  13.60000,
,,,-00.000017800000,  13.20000,
,,,-00.000017700000,  13.20000,
,,,-00.000017600000,  13.00000,
,,,-00.000017500000,  12.80000,
,,,-00.000017400000,  12.60000,
,,,-00.000017300000,  12.60000,
,,,-00.000017200000,  12.40000,
,,,-00.000017100000,  12.60000,
,,,-00.000017000000,  12.20000,
,,,-00.000016900000,  11.80000,
,,,-00.000016800000,  11.60000,
,,,-00.000016700000,  11.60000,
,,,-00.000016600000,  11.20000,
,,,-00.000016500000,  11.20000,
,,,-00.000016400000,  11.00000,
,,,-00.000016300000,  10.80000,
,,,-00.000016200000,  10.60000,
,,,-00.000016100000,  10.60000,
,,,-00.000016000000,  10.20000,
,,,-00.000015900000,  10.00000,
,,,-00.000015800000,   9.80000,
,,,-00.000015700000,   9.40000,
,,,-00.000015600000,   9.40000,
,,,-00.000015500000,   9.00000,
,,,-00.000015400000,   8.80000,
,,,-00.000015300000,   8.40000,
,,,-00.000015200000,   8.60000,
,,,-00.000015100000,   8.20000,
,,,-00.000015000000,   7.80000,
,,,-00.000014900000,   7.60000,
,,,-00.000014800000,   7.60000,
,,,-00.000014700000,   7.40000,
,,,-00.000014600000,   7.00000,
,,,-00.000014500000,   6.60000,
,,,-00.000014400000,   6.80000,
,,,-00.000014300000,   6.40000,
,,,-00.000014200000,   6.00000,
,,,-00.000014100000,   5.80000,
,,,-00.000014000000,   5.80000,
,,,-00.000013900000,   5.40000,
,,,-00.000013800000,   5.40000,
,,,-00.000013700000,   5.00000,
,,,-00.000013600000,   4.80000,
,,,-00.000013500000,   4.60000,
,,,-00.000013400000,   4.20000,
,,,-00.000013300000,   4.00000,
,,,-00.000013200000,   3.80000,
,,,-00.000013100000,   3.60000,
,,,-00.000013000000,   3.40000,
,,,-00.000012900000,   3.00000,
,,,-00.000012800000,   2.80000,
,,,-00.000012700000,   2.60000,
,,,-00.000012600000,   2.20000,
,,,-00.000012500000,   2.00000,
,,,-00.000012400000,   1.80000,
,,,-00.000012300000,   1.60000,
,,,-00.000012200000,   1.60000,
,,,-00.000012100000,   1.20000,
,,,-00.000012000000,   0.80000,
,,,-00.000011900000,   0.80000,
,,,-00.000011800000,   0.40000,
,,,-00.000011700000,   0.20000,
,,,-00.000011600000,  -0.20000,
,,,-00.000011500000,  -0.20000,
,,,-00.000011400000,  -0.80000,
,,,-00.000011300000,  -0.80000,
,,,-00.000011200000,  -1.00000,
,,,-00.000011100000,  -1.40000,
,,,-00.000011000000,  -1.60000,
,,,-00.000010900000,  -1.80000,
,,,-00.000010800000,  -2.00000,
,,,-00.000010700000,  -2.20000,
,,,-00.000010600000,  -2.80000,
,,,-00.000010500000,  -2.80000,
,,,-00.000010400000,  -3.00000,
,,,-00.000010300000,  -3.40000,
,,,-00.000010200000,  -3.60000,
,,,-00.000010100000,  -4.00000,
,,,-00.000010000000,  -4.00000,
,,,-00.000009900000,  -4.40000,
,,,-00.000009800000,  -4.60000,
,,,-00.000009700000,  -4.80000,
,,,-00.000009600000,  -5.20000,
,,,-00.000009500000,  -5.40000,
,,,-00.000009400000,  -5.40000,
,,,-00.000009300000,  -5.80000,
,,,-00.000009200000,  -6.00000,
,,,-00.000009100000,  -6.20000,
,,,-00.000009000000,  -6.40000,
,,,-00.000008900000,  -6.60000,
,,,-00.000008800000,  -7.00000,
,,,-00.000008700000,  -7.20000,
,,,-00.000008600000,  -7.40000,
,,,-00.000008500000,  -7.60000,
,,,-00.000008400000,  -7.80000,
,,,-00.000008300000,  -8.20000,
,,,-00.000008200000,  -8.20000,
,,,-00.000008100000,  -8.40000,
,,,-00.000008000000,  -8.60000,
,,,-00.000007900000,  -9.00000,
,,,-00.000007800000,  -9.20000,
,,,-00.000007700000,  -9.40000,
,,,-00.000007600000,  -9.60000,
,,,-00.000007500000,  -9.80000,
,,,-00.000007400000, -10.20000,
,,,-00.000007300000, -10.20000,
,,,-00.000007200000, -10.60000,
,,,-00.000007100000, -10.60000,
,,,-00.000007000000, -10.80000,
,,,-00.000006900000, -10.80000,
,,,-00.000006800000, -11.20000,
,,,-00.000006700000, -11.40000,
,,,-00.000006600000, -11.40000,
,,,-00.000006500000, -11.60000,
,,,-00.000006400000, -11.60000,
,,,-00.000006300000, -11.80000,
,,,-00.000006200000, -12.20000,
,,,-00.000006100000, -12.20000,
,,,-00.000006000000, -12.60000,
,,,-00.000005900000, -12.80000,
,,,-00.000005800000, -13.00000,
,,,-00.000005700000, -13.00000,
,,,-00.000005600000, -13.20000,
,,,-00.000005500000, -13.60000,
,,,-00.000005400000, -13.80000,
,,,-00.000005300000, -13.60000,
,,,-00.000005200000, -13.80000,
,,,-00.000005100000, -14.00000,
,,,-00.000005000000, -14.20000,
,,,-00.000004900000, -14.20000,
,,,-00.000004800000, -14.40000,
,,,-00.000004700000, -14.60000,
,,,-00.000004600000, -14.80000,
,,,-00.000004500000, -14.80000,
,,,-00.000004400000, -14.80000,
,,,-00.000004300000, -15.00000,
,,,-00.000004200000, -15.00000,
,,,-00.000004100000, -15.20000,
,,,-00.000004000000, -15.40000,
,,,-00.000003900000, -15.60000,
,,,-00.000003800000, -15.40000,
,,,-00.000003700000, -15.80000,
,,,-00.000003600000, -15.80000,
,,,-00.000003500000, -16.00000,
,,,-00.000003400000, -16.00000,
,,,-00.000003300000, -16.00000,
,,,-00.000003200000, -16.00000,
,,,-00.000003100000, -16.20000,
,,,-00.000003000000, -16.20000,
,,,-00.000002900000, -16.40000,
,,,-00.000002800000, -16.40000,
,,,-00.000002700000, -16.40000,
,,,-00.000002600000, -16.40000,
,,,-00.000002500000, -16.60000,
,,,-00.000002400000, -16.80000,
,,,-00.000002300000, -17.00000,
,,,-00.000002200000, -16.80000,
,,,-00.000002100000, -16.80000,
,,,-00.000002000000, -16.80000,
,,,-00.000001900000, -16.80000,
,,,-00.000001800000, -17.00000,
,,,-00.000001700000, -17.00000,
,,,-00.000001600000, -17.00000,
,,,-00.000001500000, -17.20000,
,,,-00.000001400000, -16.80000,
,,,-00.000001300000, -17.00000,
,,,-00.000001200000, -17.00000,
,,,-00.000001100000, -17.20000,
,,,-00.000001000000, -17.00000,
,,,-00.000000900000, -17.00000,
,,,-00.000000800000, -17.20000,
,,,-00.000000700000, -17.20000,
,,,-00.000000600000, -17.20000,
,,,-00.000000500000, -17.00000,
,,,-00.000000400000, -17.00000,
,,,-00.000000300000, -17.00000,
,,,-00.000000200000, -17.00000,
,,,-00.000000100000, -17.20000,
,,,-00.000000000000, -16.80000,
,,,00.000000100000, -16.80000,
,,,00.000000200000, -16.60000,
,,,00.000000300000, -16.80000,
,,,00.000000400000, -17.00000,
,,,00.000000500000, -16.60000,
,,,00.000000600000, -16.80000,
,,,00.000000700000, -16.80000,
,,,00.000000800000, -16.80000,
,,,00.000000900000, -16.60000,
,,,00.000001000000, -16.60000,
,,,00.000001100000, -16.40000,
,,,00.000001200000, -16.40000,
,,,00.000001300000, -16.20000,
,,,00.000001400000, -16.00000,
,,,00.000001500000, -16.20000,
,,,00.000001600000, -16.20000,
,,,00.000001700000, -16.20000,
,,,00.000001800000, -15.60000,
,,,00.000001900000, -15.80000,
,,,00.000002000000, -15.60000,
,,,00.000002100000, -15.60000,
,,,00.000002200000, -15.60000,
,,,00.000002300000, -15.60000,
,,,00.000002400000, -15.40000,
,,,00.000002500000, -15.40000,
,,,00.000002600000, -15.40000,
,,,00.000002700000, -15.20000,
,,,00.000002800000, -15.00000,
,,,00.000002900000, -14.80000,
,,,00.000003000000, -14.60000,
,,,00.000003100000, -14.40000,
,,,00.000003200000, -14.20000,
,,,00.000003300000, -14.60000,
,,,00.000003400000, -14.00000,
,,,00.000003500000, -14.00000,
,,,00.000003600000, -13.80000,
,,,00.000003700000, -13.20000,
,,,00.000003800000, -13.40000,
,,,00.000003900000, -13.40000,
,,,00.000004000000, -13.20000,
,,,00.000004100000, -13.00000,
,,,00.000004200000, -12.80000,
,,,00.000004300000, -12.60000,
,,,00.000004400000, -12.60000,
,,,00.000004500000, -12.40000,
,,,00.000004600000, -12.00000,
,,,00.000004700000, -12.00000,
,,,00.000004800000, -11.80000,
,,,00.000004900000, -11.60000,
,,,00.000005000000, -11.40000,
,,,00.000005100000, -11.20000,
,,,00.000005200000, -11.00000,
,,,00.000005300000, -11.00000,
,,,00.000005400000, -10.60000,
,,,00.000005500000, -10.40000,
,,,00.000005600000, -10.40000,
,,,00.000005700000, -10.00000,
,,,00.000005800000, -10.00000,
,,,00.000005900000,  -9.60000,
,,,00.000006000000,  -9.40000,
,,,00.000006100000,  -9.20000,
,,,00.000006200000,  -9.00000,
,,,00.000006300000,  -8.80000,
,,,00.000006400000,  -8.60000,
,,,00.000006500000,  -8.40000,
,,,00.000006600000,  -8.20000,
,,,00.000006700000,  -8.20000,
,,,00.000006800000,  -7.60000,
,,,00.000006900000,  -7.60000,
,,,00.000007000000,  -7.40000,
,,,00.000007100000,  -7.00000,
,,,00.000007200000,  -6.80000,
,,,00.000007300000,  -6.60000,
,,,00.000007400000,  -6.20000,
,,,00.000007500000,  -6.20000,
,,,00.000007600000,  -5.80000,
,,,00.000007700000,  -6.00000,
,,,00.000007800000,  -5.80000,
,,,00.000007900000,  -5.00000,
,,,00.000008000000,  -5.00000,
,,,00.000008100000,  -5.00000,
,,,00.000008200000,  -4.60000,
,,,00.000008300000,  -4.20000,
,,,00.000008400000,  -4.20000,
,,,00.000008500000,  -3.80000,
,,,00.000008600000,  -3.80000,
,,,00.000008700000,  -3.20000,
,,,00.000008800000,  -3.40000,
,,,00.000008900000,  -2.80000,
,,,00.000009000000,  -2.60000,
,,,00.000009100000,  -2.60000,
,,,00.000009200000,  -2.00000,
,,,00.000009300000,  -2.00000,
,,,00.000009400000,  -1.60000,
,,,00.000009500000,  -1.40000,
,,,00.000009600000,  -1.00000,
,,,00.000009700000,  -0.80000,
,,,00.000009800000,  -0.60000,
,,,00.000009900000,  -0.40000,
,,,00.000010000000,   0.00000,
,,,00.000010100000,   0.20000,
,,,00.000010200000,   0.40000,
,,,00.000010300000,   0.60000,
,,,00.000010400000,   0.80000,
,,,00.000010500000,   1.20000,
,,,00.000010600000,   1.40000,
,,,00.000010700000,   1.60000,
,,,00.000010800000,   1.80000,
,,,00.000010900000,   2.20000,
,,,00.000011000000,   2.60000,
,,,00.000011100000,   2.60000,
,,,00.000011200000,   2.80000,
,,,00.000011300000,   3.20000,
,,,00.000011400000,   3.20000,
,,,00.000011500000,   3.40000,
,,,00.000011600000,   3.80000,
,,,00.000011700000,   4.20000,
,,,00.000011800000,   4.20000,
,,,00.000011900000,   4.60000,
,,,00.000012000000,   4.80000,
,,,00.000012100000,   5.20000,
,,,00.000012200000,   5.20000,
,,,00.000012300000,   5.60000,
,,,00.000012400000,   5.80000,
,,,00.000012500000,   6.20000,
,,,00.000012600000,   6.40000,
,,,00.000012700000,   6.40000,
,,,00.000012800000,   6.80000,
,,,00.000012900000,   6.80000,
,,,00.000013000000,   7.40000,
,,,00.000013100000,   7.40000,
,,,00.000013200000,   7.60000,
,,,00.000013300000,   7.80000,
,,,00.000013400000,   8.00000,
,,,00.000013500000,   8.20000,
,,,00.000013600000,   8.40000,
,,,00.000013700000,   8.60000,
,,,00.000013800000,   8.80000,
,,,00.000013900000,   9.00000,
,,,00.000014000000,   9.40000,
,,,00.000014100000,   9.60000,
,,,00.000014200000,  10.00000,
,,,00.000014300000,  10.00000,
,,,00.000014400000,  10.00000,
,,,00.000014500000,  10.20000,
,,,00.000014600000,  10.40000,
,,,00.000014700000,  10.80000,
,,,00.000014800000,  11.20000,
,,,00.000014900000,  11.40000,
,,,00.000015000000,  11.40000,
,,,00.000015100000,  11.40000,
,,,00.000015200000,  11.60000,
,,,00.000015300000,  11.80000,
,,,00.000015400000,  12.00000,
,,,00.000015500000,  12.20000,
,,,00.000015600000,  12.40000,
,,,00.000015700000,  12.60000,
,,,00.000015800000,  12.80000,
,,,00.000015900000,  12.80000,
,,,00.000016000000,  13.20000,
,,,00.000016100000,  13.20000,
,,,00.000016200000,  13.60000,
,,,00.000016300000,  13.40000,
,,,00.000016400000,  13.60000,
,,,00.000016500000,  14.00000,
,,,00.000016600000,  14.00000,
,,,00.000016700000,  14.20000,
,,,00.000016800000,  14.40000,
,,,00.000016900000,  14.60000,
,,,00.000017000000,  14.60000,
,,,00.000017100000,  14.60000,
,,,00.000017200000,  15.00000,
,,,00.000017300000,  15.00000,
,,,00.000017400000,  15.20000,
,,,00.000017500000,  15.40000,
,,,00.000017600000,  15.40000,
,,,00.000017700000,  15.40000,
,,,00.000017800000,  15.60000,
,,,00.000017900000,  15.60000,
,,,00.000018000000,  15.80000,
,,,00.000018100000,  16.00000,
,,,00.000018200000,  16.00000,
,,,00.000018300000,  16.20000,
,,,00.000018400000,  16.00000,
,,,00.000018500000,  16.20000,
,,,00.000018600000,  16.40000,
,,,00.000018700000,  16.40000,
,,,00.000018800000,  16.40000,
,,,00.000018900000,  16.60000,
,,,00.000019000000,  16.80000,
,,,00.000019100000,  16.60000,
,,,00.000019200000,  16.80000,
,,,00.000019300000,  16.80000,
,,,00.000019400000,  17.00000,
,,,00.000019500000,  17.00000,
,,,00.000019600000,  16.80000,
,,,00.000019700000,  17.00000,
,,,00.000019800000,  17.20000,
,,,00.000019900000,  17.00000,
,,,00.000020000000,  17.00000,
,,,00.000020100000,  17.00000,
,,,00.000020200000,  17.00000,
,,,00.000020300000,  17.20000,
,,,00.000020400000,  17.20000,
,,,00.000020500000,  17.20000,
,,,00.000020600000,  17.20000,
,,,00.000020700000,  17.40000,
,,,00.000020800000,  17.40000,
,,,00.000020900000,  17.20000,
,,,00.000021000000,  17.20000,
,,,00.000021100000,  17.20000,
,,,00.000021200000,  17.40000,
,,,00.000021300000,  17.20000,
,,,00.000021400000,  17.20000,
,,,00.000021500000,  17.40000,
,,,00.000021600000,  17.40000,
,,,00.000021700000,  17.20000,
,,,00.000021800000,  17.20000,
,,,00.000021900000,  17.00000,
,,,00.000022000000,  17.00000,
,,,00.000022100000,  17.20000,
,,,00.000022200000,  17.00000,
,,,00.000022300000,  16.80000,
,,,00.000022400000,  17.20000,
,,,00.000022500000,  17.00000,
,,,00.000022600000,  17.00000,
,,,00.000022700000,  16.80000,
,,,00.000022800000,  16.60000,
,,,00.000022900000,  16.80000,
,,,00.000023000000,  16.80000,
,,,00.000023100000,  16.40000,
,,,00.000023200000,  16.40000,
,,,00.000023300000,  16.20000,
,,,00.000023400000,  16.20000,
,,,00.000023500000,  16.20000,
,,,00.000023600000,  16.00000,
,,,00.000023700000,  16.00000,
,,,00.000023800000,  16.00000,
,,,00.000023900000,  15.60000,
,,,00.000024000000,  15.60000,
,,,00.000024100000,  15.80000,
,,,00.000024200000,  15.40000,
,,,00.000024300000,  15.20000,
,,,00.000024400000,  15.00000,
,,,00.000024500000,  15.00000,
,,,00.000024600000,  15.00000,
,,,00.000024700000,  14.80000,
,,,00.000024800000,  14.60000,
,,,00.000024900000,  14.60000,
,,,00.000025000000,  14.40000,
,,,00.000025100000,  14.20000,
,,,00.000025200000,  14.20000,
,,,00.000025300000,  13.80000,
,,,00.000025400000,  13.80000,
,,,00.000025500000,  13.80000,
,,,00.000025600000,  13.60000,
,,,00.000025700000,  13.40000,
,,,00.000025800000,  13.20000,
,,,00.000025900000,  13.20000,
,,,00.000026000000,  12.80000,
,,,00.000026100000,  12.60000,
,,,00.000026200000,  12.60000,
,,,00.000026300000,  12.40000,
,,,00.000026400000,  12.20000,
,,,00.000026500000,  12.20000,
,,,00.000026600000,  11.80000,
,,,00.000026700000,  11.20000,
,,,00.000026800000,  11.40000,
,,,00.000026900000,  11.20000,
,,,00.000027000000,  10.80000,
,,,00.000027100000,  11.00000,
,,,00.000027200000,  10.80000,
,,,00.000027300000,  10.60000,
,,,00.000027400000,  10.20000,
,,,00.000027500000,  10.20000,
,,,00.000027600000,   9.80000,
,,,00.000027700000,   9.80000,
,,,00.000027800000,   9.60000,
,,,00.000027900000,   9.20000,
,,,00.000028000000,   9.00000,
,,,00.000028100000,   8.80000,
,,,00.000028200000,   8.40000,
,,,00.000028300000,   8.40000,
,,,00.000028400000,   8.40000,
,,,00.000028500000,   8.20000,
,,,00.000028600000,   7.80000,
,,,00.000028700000,   7.40000,
,,,00.000028800000,   7.40000,
,,,00.000028900000,   7.20000,
,,,00.000029000000,   7.00000,
,,,00.000029100000,   6.60000,
,,,00.000029200000,   6.20000,
,,,00.000029300000,   6.00000,
,,,00.000029400000,   6.00000,
,,,00.000029500000,   5.60000,
,,,00.000029600000,   5.60000,
,,,00.000029700000,   5.20000,
,,,00.000029800000,   5.00000,
,,,00.000029900000,   5.00000,
,,,00.000030000000,   4.60000,
,,,00.000030100000,   4.20000,
,,,00.000030200000,   3.80000,
,,,00.000030300000,   3.80000,
,,,00.000030400000,   3.40000,
,,,00.000030500000,   3.20000,
,,,00.000030600000,   3.00000,
,,,00.000030700000,   2.80000,
,,,00.000030800000,   2.40000,
,,,00.000030900000,   2.40000,
,,,00.000031000000,   2.00000,
,,,00.000031100000,   2.00000,
,,,00.000031200000,   1.40000,
,,,00.000031300000,   1.40000,
,,,00.000031400000,   1.20000,
,,,00.000031500000,   1.00000,
,,,00.000031600000,   0.60000,
,,,00.000031700000,   0.40000,
,,,00.000031800000,   0.20000,
,,,00.000031900000,  -0.20000,
,,,00.000032000000,  -0.60000,
,,,00.000032100000,  -0.80000,
,,,00.000032200000,  -1.00000,
,,,00.000032300000,  -1.20000,
,,,00.000032400000,  -1.40000,
,,,00.000032500000,  -1.60000,
,,,00.000032600000,  -2.00000,
,,,00.000032700000,  -2.20000,
,,,00.000032800000,  -2.40000,
,,,00.000032900000,  -2.60000,
,,,00.000033000000,  -3.00000,
,,,00.000033100000,  -3.20000,
,,,00.000033200000,  -3.60000,
,,,00.000033300000,  -3.80000,
,,,00.000033400000,  -3.60000,
,,,00.000033500000,  -4.20000,
,,,00.000033600000,  -4.40000,
,,,00.000033700000,  -4.60000,
,,,00.000033800000,  -5.00000,
,,,00.000033900000,  -5.20000,
,,,00.000034000000,  -5.40000,
,,,00.000034100000,  -5.60000,
,,,00.000034200000,  -6.00000,
,,,00.000034300000,  -6.00000,
,,,00.000034400000,  -6.20000,
,,,00.000034500000,  -6.60000,
,,,00.000034600000,  -6.80000,
,,,00.000034700000,  -7.00000,
,,,00.000034800000,  -7.20000,
,,,00.000034900000,  -7.40000,
,,,00.000035000000,  -7.80000,
,,,00.000035100000,  -8.00000,
,,,00.000035200000,  -8.20000,
,,,00.000035300000,  -8.40000,
,,,00.000035400000,  -8.60000,
,,,00.000035500000,  -8.80000,
,,,00.000035600000,  -9.00000,
,,,00.000035700000,  -9.20000,
,,,00.000035800000,  -9.40000,
,,,00.000035900000,  -9.60000,
,,,00.000036000000,  -9.80000,
,,,00.000036100000, -10.00000,
,,,00.000036200000, -10.20000,
,,,00.000036300000, -10.60000,
,,,00.000036400000, -10.60000,
,,,00.000036500000, -10.80000,
,,,00.000036600000, -11.00000,
,,,00.000036700000, -11.20000,
,,,00.000036800000, -11.40000,
,,,00.000036900000, -11.60000,
,,,00.000037000000, -11.60000,
,,,00.000037100000, -12.00000,
,,,00.000037200000, -12.20000,
,,,00.000037300000, -12.40000,
,,,00.000037400000, -12.40000,
,,,00.000037500000, -12.60000,
,,,00.000037600000, -12.60000,
,,,00.000037700000, -13.00000,
,,,00.000037800000, -13.00000,
,,,00.000037900000, -13.20000,
,,,00.000038000000, -13.40000,
,,,00.000038100000, -13.60000,
,,,00.000038200000, -13.60000,
,,,00.000038300000, -13.80000,
,,,00.000038400000, -14.00000,
,,,00.000038500000, -14.20000,
,,,00.000038600000, -14.20000,
,,,00.000038700000, -14.40000,
,,,00.000038800000, -14.60000,
,,,00.000038900000, -14.60000,
,,,00.000039000000, -14.80000,
,,,00.000039100000, -15.00000,
,,,00.000039200000, -15.00000,
,,,00.000039300000, -15.20000,
,,,00.000039400000, -15.20000,
,,,00.000039500000, -15.40000,
,,,00.000039600000, -15.40000,
,,,00.000039700000, -15.60000,
,,,00.000039800000, -15.60000,
,,,00.000039900000, -15.60000,
,,,00.000040000000, -16.00000,
,,,00.000040100000, -15.80000,
,,,00.000040200000, -16.00000,
,,,00.000040300000, -16.20000,
,,,00.000040400000, -16.20000,
,,,00.000040500000, -16.20000,
,,,00.000040600000, -16.40000,
,,,00.000040700000, -16.40000,
,,,00.000040800000, -16.40000,
,,,00.000040900000, -16.40000,
,,,00.000041000000, -16.40000,
,,,00.000041100000, -16.60000,
,,,00.000041200000, -16.60000,
,,,00.000041300000, -17.00000,
,,,00.000041400000, -16.60000,
,,,00.000041500000, -16.60000,
,,,00.000041600000, -16.80000,
,,,00.000041700000, -17.00000,
,,,00.000041800000, -16.80000,
,,,00.000041900000, -17.00000,
,,,00.000042000000, -17.00000,
,,,00.000042100000, -17.20000,
,,,00.000042200000, -17.20000,
,,,00.000042300000, -17.20000,
,,,00.000042400000, -17.20000,
,,,00.000042500000, -17.00000,
,,,00.000042600000, -16.80000,
,,,00.000042700000, -17.00000,
,,,00.000042800000, -17.20000,
,,,00.000042900000, -17.00000,
,,,00.000043000000, -17.00000,
,,,00.000043100000, -17.00000,
,,,00.000043200000, -17.20000,
,,,00.000043300000, -16.80000,
,,,00.000043400000, -16.80000,
,,,00.000043500000, -16.80000,
,,,00.000043600000, -17.00000,
,,,00.000043700000, -17.00000,
,,,00.000043800000, -16.80000,
,,,00.000043900000, -17.20000,
,,,00.000044000000, -16.80000,
,,,00.000044100000, -16.80000,
,,,00.000044200000, -16.60000,
,,,00.000044300000, -16.40000,
,,,00.000044400000, -16.40000,
,,,00.000044500000, -16.20000,
,,,00.000044600000, -16.40000,
,,,00.000044700000, -16.40000,
,,,00.000044800000, -16.40000,
,,,00.000044900000, -16.20000,
,,,00.000045000000, -16.00000,
,,,00.000045100000, -16.00000,
,,,00.000045200000, -16.20000,
,,,00.000045300000, -15.80000,
,,,00.000045400000, -15.80000,
,,,00.000045500000, -15.80000,
,,,00.000045600000, -15.80000,
,,,00.000045700000, -15.40000,
,,,00.000045800000, -15.40000,
,,,00.000045900000, -15.20000,
,,,00.000046000000, -15.00000,
,,,00.000046100000, -15.20000,
,,,00.000046200000, -15.00000,
,,,00.000046300000, -14.80000,
,,,00.000046400000, -14.60000,
,,,00.000046500000, -14.60000,
,,,00.000046600000, -14.40000,
,,,00.000046700000, -14.40000,
,,,00.000046800000, -14.00000,
,,,00.000046900000, -14.20000,
,,,00.000047000000, -14.00000,
,,,00.000047100000, -13.80000,
,,,00.000047200000, -13.60000,
,,,00.000047300000, -13.60000,
,,,00.000047400000, -13.40000,
,,,00.000047500000, -13.00000,
,,,00.000047600000, -12.80000,
,,,00.000047700000, -12.80000,
,,,00.000047800000, -12.60000,
,,,00.000047900000, -12.60000,
,,,00.000048000000, -12.20000,
,,,00.000048100000, -12.00000,
,,,00.000048200000, -11.80000,
,,,00.000048300000, -11.80000,
,,,00.000048400000, -11.80000,
,,,00.000048500000, -11.40000,
,,,00.000048600000, -11.20000,
,,,00.000048700000, -11.00000,
,,,00.000048800000, -10.60000,
,,,00.000048900000, -10.60000,
,,,00.000049000000, -10.40000,
,,,00.000049100000, -10.20000,
,,,00.000049200000, -10.20000,
,,,00.000049300000, -10.00000,
,,,00.000049400000,  -9.80000,
,,,00.000049500000,  -9.60000,
,,,00.000049600000,  -9.20000,
,,,00.000049700000,  -9.00000,
,,,00.000049800000,  -8.80000,
,,,00.000049900000,  -8.60000,
,,,00.000050000000,  -8.40000,
,,,00.000050100000,  -8.20000,
,,,00.000050200000,  -8.00000,
,,,00.000050300000,  -7.60000,
,,,00.000050400000,  -7.40000,
,,,00.000050500000,  -7.20000,
,,,00.000050600000,  -7.20000,
,,,00.000050700000,  -6.80000,
,,,00.000050800000,  -6.40000,
,,,00.000050900000,  -6.40000,
,,,00.000051000000,  -6.20000,
,,,00.000051100000,  -6.00000,
,,,00.000051200000,  -5.60000,
,,,00.000051300000,  -5.40000,
,,,00.000051400000,  -5.00000,
,,,00.000051500000,  -5.00000,
,,,00.000051600000,  -4.80000,
,,,00.000051700000,  -4.60000,
,,,00.000051800000,  -4.40000,
,,,00.000051900000,  -4.20000,
,,,00.000052000000,  -4.00000,
,,,00.000052100000,  -3.60000,
,,,00.000052200000,  -3.40000,
,,,00.000052300000,  -3.00000,
,,,00.000052400000,  -2.80000,
,,,00.000052500000,  -2.60000,
,,,00.000052600000,  -2.20000,
,,,00.000052700000,  -2.20000,
,,,00.000052800000,  -1.80000,
,,,00.000052900000,  -1.60000,
,,,00.000053000000,  -1.40000,
,,,00.000053100000,  -1.20000,
,,,00.000053200000,  -0.80000,
,,,00.000053300000,  -0.60000,
,,,00.000053400000,  -0.40000,
,,,00.000053500000,  -0.20000,
,,,00.000053600000,   0.20000,
,,,00.000053700000,   0.60000,
,,,00.000053800000,   0.60000,
,,,00.000053900000,   1.00000,
,,,00.000054000000,   1.20000,
,,,00.000054100000,   1.40000,
,,,00.000054200000,   1.60000,
,,,00.000054300000,   2.00000,
,,,00.000054400000,   2.20000,
,,,00.000054500000,   2.60000,
,,,00.000054600000,   2.60000,
,,,00.000054700000,   3.00000,
,,,00.000054800000,   3.20000,
,,,00.000054900000,   3.60000,
,,,00.000055000000,   3.60000,
,,,00.000055100000,   4.00000,
,,,00.000055200000,   4.00000,
,,,00.000055300000,   4.40000,
,,,00.000055400000,   4.80000,
,,,00.000055500000,   5.20000,
,,,00.000055600000,   5.00000,
,,,00.000055700000,   5.40000,
,,,00.000055800000,   5.60000,
,,,00.000055900000,   6.00000,
,,,00.000056000000,   5.80000,
,,,00.000056100000,   6.20000,
,,,00.000056200000,   6.40000,
,,,00.000056300000,   6.80000,
,,,00.000056400000,   7.00000,
,,,00.000056500000,   7.00000,
,,,00.000056600000,   7.40000,
,,,00.000056700000,   7.80000,
,,,00.000056800000,   7.80000,
,,,00.000056900000,   8.20000,
,,,00.000057000000,   8.40000,
,,,00.000057100000,   8.60000,
,,,00.000057200000,   8.60000,
,,,00.000057300000,   8.80000,
,,,00.000057400000,   9.40000,
,,,00.000057500000,   9.60000,
,,,00.000057600000,   9.80000,
,,,00.000057700000,  10.00000,
,,,00.000057800000,  10.20000,
,,,00.000057900000,  10.20000,
,,,00.000058000000,  10.40000,
,,,00.000058100000,  10.80000,
,,,00.000058200000,  10.80000,
,,,00.000058300000,  11.00000,
,,,00.000058400000,  11.00000,
,,,00.000058500000,  11.40000,
,,,00.000058600000,  11.60000,
,,,00.000058700000,  11.60000,
,,,00.000058800000,  11.80000,
,,,00.000058900000,  12.00000,
,,,00.000059000000,  12.20000,
,,,00.000059100000,  12.40000,
,,,00.000059200000,  12.60000,
,,,00.000059300000,  13.00000,
,,,00.000059400000,  13.00000,
,,,00.000059500000,  13.00000,
,,,00.000059600000,  13.20000,
,,,00.000059700000,  13.60000,
,,,00.000059800000,  13.60000,
,,,00.000059900000,  13.80000,
,,,00.000060000000,  13.80000,
,,,00.000060100000,  14.00000,
,,,00.000060200000,  14.20000,
,,,00.000060300000,  14.60000,
,,,00.000060400000,  14.60000,
,,,00.000060500000,  14.60000,
,,,00.000060600000,  14.80000,
,,,00.000060700000,  14.80000,
,,,00.000060800000,  15.20000,
,,,00.000060900000,  15.20000,
,,,00.000061000000,  15.20000,
,,,00.000061100000,  15.40000,
,,,00.000061200000,  15.60000,
,,,00.000061300000,  15.60000,
,,,00.000061400000,  15.80000,
,,,00.000061500000,  15.80000,
,,,00.000061600000,  15.80000,
,,,00.000061700000,  16.00000,
,,,00.000061800000,  16.00000,
,,,00.000061900000,  16.20000,
,,,00.000062000000,  16.60000,
,,,00.000062100000,  16.40000,
,,,00.000062200000,  16.60000,
,,,00.000062300000,  16.40000,
,,,00.000062400000,  16.60000,
,,,00.000062500000,  16.80000,
,,,00.000062600000,  16.60000,
,,,00.000062700000,  16.80000,
,,,00.000062800000,  16.80000,
,,,00.000062900000,  17.00000,
,,,00.000063000000,  17.00000,
,,,00.000063100000,  17.00000,
,,,00.000063200000,  17.00000,
,,,00.000063300000,  17.00000,
,,,00.000063400000,  17.20000,
,,,00.000063500000,  16.80000,
,,,00.000063600000,  17.20000,
,,,00.000063700000,  17.20000,
,,,00.000063800000,  17.40000,
,,,00.000063900000,  17.00000,
,,,00.000064000000,  17.20000,
,,,00.000064100000,  17.20000,
,,,00.000064200000,  17.20000,
,,,00.000064300000,  17.20000,
,,,00.000064400000,  17.40000,
,,,00.000064500000,  17.20000,
,,,00.000064600000,  17.20000,
,,,00.000064700000,  17.40000,
,,,00.000064800000,  17.40000,
,,,00.000064900000,  17.00000,
,,,00.000065000000,  17.00000,
,,,00.000065100000,  17.40000,
,,,00.000065200000,  17.20000,
,,,00.000065300000,  17.20000,
,,,00.000065400000,  17.20000,
,,,00.000065500000,  17.00000,
,,,00.000065600000,  17.00000,
,,,00.000065700000,  17.00000,
,,,00.000065800000,  16.80000,
,,,00.000065900000,  17.00000,
,,,00.000066000000,  16.80000,
,,,00.000066100000,  16.80000,
,,,00.000066200000,  16.80000,
,,,00.000066300000,  16.80000,
,,,00.000066400000,  16.80000,
,,,00.000066500000,  16.60000,
,,,00.000066600000,  16.60000,
,,,00.000066700000,  16.40000,
,,,00.000066800000,  16.20000,
,,,00.000066900000,  16.20000,
,,,00.000067000000,  16.20000,
,,,00.000067100000,  16.00000,
,,,00.000067200000,  15.80000,
,,,00.000067300000,  15.80000,
,,,00.000067400000,  16.00000,
,,,00.000067500000,  15.80000,
,,,00.000067600000,  15.60000,
,,,00.000067700000,  15.60000,
,,,00.000067800000,  15.40000,
,,,00.000067900000,  15.00000,
,,,00.000068000000,  15.20000,
,,,00.000068100000,  14.80000,
,,,00.000068200000,  14.80000,
,,,00.000068300000,  14.60000,
,,,00.000068400000,  14.80000,
,,,00.000068500000,  14.20000,
,,,00.000068600000,  14.40000,
,,,00.000068700000,  14.20000,
,,,00.000068800000,  14.00000,
,,,00.000068900000,  14.00000,
,,,00.000069000000,  13.80000,
,,,00.000069100000,  13.40000,
,,,00.000069200000,  13.40000,
,,,00.000069300000,  13.00000,
,,,00.000069400000,  13.00000,
,,,00.000069500000,  13.00000,
,,,00.000069600000,  12.80000,
,,,00.000069700000,  12.60000,
,,,00.000069800000,  12.20000,
,,,00.000069900000,  12.20000,
,,,00.000070000000,  12.00000,
,,,00.000070100000,  11.80000,
,,,00.000070200000,  11.60000,
,,,00.000070300000,  11.40000,
,,,00.000070400000,  11.20000,
,,,00.000070500000,  11.00000,
,,,00.000070600000,  10.80000,
,,,00.000070700000,  10.80000,
,,,00.000070800000,  10.60000,
,,,00.000070900000,  10.20000,
,,,00.000071000000,  10.00000,
,,,00.000071100000,  10.00000,
,,,00.000071200000,   9.60000,
,,,00.000071300000,   9.60000,
,,,00.000071400000,   9.40000,
,,,00.000071500000,   9.20000,
,,,00.000071600000,   8.80000,
,,,00.000071700000,   8.60000,
,,,00.000071800000,   8.40000,
,,,00.000071900000,   8.40000,
,,,00.000072000000,   8.00000,
,,,00.000072100000,   7.80000,
,,,00.000072200000,   7.40000,
,,,00.000072300000,   7.20000,
,,,00.000072400000,   7.00000,
,,,00.000072500000,   6.80000,
,,,00.000072600000,   6.60000,
,,,00.000072700000,   6.40000,
,,,00.000072800000,   6.00000,
,,,00.000072900000,   5.80000,
,,,00.000073000000,   5.80000,
,,,00.000073100000,   5.40000,
,,,00.000073200000,   5.00000,
,,,00.000073300000,   5.20000,
,,,00.000073400000,   4.80000,
,,,00.000073500000,   4.60000,
,,,00.000073600000,   4.60000,
,,,00.000073700000,   4.00000,
,,,00.000073800000,   3.80000,
,,,00.000073900000,   3.40000,
,,,00.000074000000,   3.20000,
,,,00.000074100000,   3.00000,
,,,00.000074200000,   2.80000,
,,,00.000074300000,   2.60000,
,,,00.000074400000,   2.20000,
,,,00.000074500000,   1.80000,
,,,00.000074600000,   1.60000,
,,,00.000074700000,   1.40000,
,,,00.000074800000,   1.00000,
,,,00.000074900000,   0.80000,
,,,00.000075000000,   0.80000,
,,,00.000075100000,   0.20000,
,,,00.000075200000,   0.00000,
,,,00.000075300000,   0.00000,
,,,00.000075400000,  -0.20000,
,,,00.000075500000,  -0.60000,
,,,00.000075600000,  -0.80000,
,,,00.000075700000,  -1.00000,
,,,00.000075800000,  -1.40000,
,,,00.000075900000,  -1.60000,
,,,00.000076000000,  -1.80000,
,,,00.000076100000,  -1.80000,
,,,00.000076200000,  -2.20000,
,,,00.000076300000,  -2.40000,
,,,00.000076400000,  -2.80000,
,,,00.000076500000,  -3.00000,
,,,00.000076600000,  -3.40000,
,,,00.000076700000,  -3.60000,
,,,00.000076800000,  -3.80000,
,,,00.000076900000,  -4.00000,
,,,00.000077000000,  -4.40000,
,,,00.000077100000,  -4.40000,
,,,00.000077200000,  -4.80000,
,,,00.000077300000,  -5.00000,
,,,00.000077400000,  -5.40000,
,,,00.000077500000,  -5.40000,
,,,00.000077600000,  -5.60000,
,,,00.000077700000,  -5.80000,
,,,00.000077800000,  -6.20000,
,,,00.000077900000,  -6.40000,
,,,00.000078000000,  -6.80000,
,,,00.000078100000,  -6.80000,
,,,00.000078200000,  -7.20000,
,,,00.000078300000,  -7.20000,
,,,00.000078400000,  -7.60000,
,,,00.000078500000,  -7.60000,
,,,00.000078600000,  -8.00000,
,,,00.000078700000,  -8.20000,
,,,00.000078800000,  -8.40000,
,,,00.000078900000,  -8.60000,
,,,00.000079000000,  -8.80000,
,,,00.000079100000,  -9.00000,
,,,00.000079200000,  -9.20000,
,,,00.000079300000,  -9.40000,
,,,00.000079400000,  -9.80000,
,,,00.000079500000,  -9.80000,
,,,00.000079600000, -10.20000,
,,,00.000079700000, -10.40000,
,,,00.000079800000, -10.60000,
,,,00.000079900000, -10.40000,
,,,00.000080000000, -11.00000,
,,,00.000080100000, -11.00000,
,,,00.000080200000, -11.20000,
,,,00.000080300000, -11.60000,
,,,00.000080400000, -11.60000,
,,,00.000080500000, -12.00000,
,,,00.000080600000, -11.80000,
,,,00.000080700000, -12.20000,
,,,00.000080800000, -12.20000,
,,,00.000080900000, -12.40000,
,,,00.000081000000, -12.60000,
,,,00.000081100000, -12.60000,
,,,00.000081200000, -13.00000,
,,,00.000081300000, -13.00000,
,,,00.000081400000, -13.20000,
,,,00.000081500000, -13.40000,
,,,00.000081600000, -13.60000,
,,,00.000081700000, -13.80000,
,,,00.000081800000, -13.80000,
,,,00.000081900000, -14.20000,
,,,00.000082000000, -14.00000,
,,,00.000082100000, -14.40000,
,,,00.000082200000, -14.20000,
,,,00.000082300000, -14.40000,
,,,00.000082400000, -14.40000,
,,,00.000082500000, -14.80000,
,,,00.000082600000, -15.00000,
,,,00.000082700000, -15.00000,
,,,00.000082800000, -15.20000,
,,,00.000082900000, -15.00000,
,,,00.000083000000, -15.20000,
,,,00.000083100000, -15.40000,
,,,00.000083200000, -15.40000,
,,,00.000083300000, -15.80000,
,,,00.000083400000, -15.80000,
,,,00.000083500000, -16.00000,
,,,00.000083600000, -16.00000,
,,,00.000083700000, -16.00000,
,,,00.000083800000, -16.20000,
,,,00.000083900000, -16.00000,
,,,00.000084000000, -16.20000,
,,,00.000084100000, -16.40000,
,,,00.000084200000, -16.40000,
,,,00.000084300000, -16.60000,
,,,00.000084400000, -16.80000,
,,,00.000084500000, -16.60000,
,,,00.000084600000, -16.80000,
,,,00.000084700000, -16.80000,
,,,00.000084800000, -16.80000,
,,,00.000084900000, -16.80000,
,,,00.000085000000, -16.80000,
,,,00.000085100000, -16.80000,
,,,00.000085200000, -17.00000,
,,,00.000085300000, -16.80000,
,,,00.000085400000, -17.00000,
,,,00.000085500000, -16.80000,
,,,00.000085600000, -16.80000,
,,,00.000085700000, -17.00000,
,,,00.000085800000, -17.20000,
,,,00.000085900000, -17.00000,
,,,00.000086000000, -17.00000,
,,,00.000086100000, -17.20000,
,,,00.000086200000, -17.20000,
,,,00.000086300000, -17.00000,
,,,00.000086400000, -17.20000,
,,,00.000086500000, -16.80000,
,,,00.000086600000, -17.00000,
,,,00.000086700000, -17.20000,
,,,00.000086800000, -17.00000,
,,,00.000086900000, -17.00000,
,,,00.000087000000, -17.00000,
,,,00.000087100000, -16.80000,
,,,00.000087200000, -16.80000,
,,,00.000087300000, -16.80000,
,,,00.000087400000, -16.80000,
,,,00.000087500000, -16.80000,
,,,00.000087600000, -16.60000,
,,,00.000087700000, -16.60000,
,,,00.000087800000, -16.60000,
,,,00.000087900000, -16.40000,
,,,00.000088000000, -16.60000,
,,,00.000088100000, -16.40000,
,,,00.000088200000, -16.40000,
,,,00.000088300000, -16.40000,
,,,00.000088400000, -16.00000,
,,,00.000088500000, -16.20000,
,,,00.000088600000, -16.20000,
,,,00.000088700000, -16.00000,
,,,00.000088800000, -15.80000,
,,,00.000088900000, -15.60000,
,,,00.000089000000, -15.80000,
,,,00.000089100000, -15.60000,
,,,00.000089200000, -15.60000,
,,,00.000089300000, -15.20000,
,,,00.000089400000, -15.40000,
,,,00.000089500000, -15.20000,
,,,00.000089600000, -15.20000,
,,,00.000089700000, -14.80000,
,,,00.000089800000, -14.60000,
,,,00.000089900000, -14.80000,
,,,00.000090000000, -14.40000,
,,,00.000090100000, -14.40000,
,,,00.000090200000, -14.20000,
,,,00.000090300000, -14.20000,
,,,00.000090400000, -14.00000,
,,,00.000090500000, -13.80000,
,,,00.000090600000, -13.80000,
,,,00.000090700000, -13.60000,
,,,00.000090800000, -13.40000,
,,,00.000090900000, -13.00000,
,,,00.000091000000, -13.00000,
,,,00.000091100000, -13.00000,
,,,00.000091200000, -12.60000,
,,,00.000091300000, -12.60000,
,,,00.000091400000, -12.40000,
,,,00.000091500000, -12.40000,
,,,00.000091600000, -12.20000,
,,,00.000091700000, -12.00000,
,,,00.000091800000, -12.00000,
,,,00.000091900000, -11.60000,
,,,00.000092000000, -11.40000,
,,,00.000092100000, -11.20000,
,,,00.000092200000, -11.00000,
,,,00.000092300000, -11.00000,
,,,00.000092400000, -10.60000,
,,,00.000092500000, -10.40000,
,,,00.000092600000, -10.20000,
,,,00.000092700000, -10.00000,
,,,00.000092800000,  -9.80000,
,,,00.000092900000,  -9.60000,
,,,00.000093000000,  -9.40000,
,,,00.000093100000,  -9.40000,
,,,00.000093200000,  -9.20000,
,,,00.000093300000,  -8.80000,
,,,00.000093400000,  -8.60000,
,,,00.000093500000,  -8.20000,
,,,00.000093600000,  -8.20000,
,,,00.000093700000,  -7.80000,
,,,00.000093800000,  -7.60000,
,,,00.000093900000,  -7.40000,
,,,00.000094000000,  -7.20000,
,,,00.000094100000,  -7.00000,
,,,00.000094200000,  -6.80000,
,,,00.000094300000,  -6.60000,
,,,00.000094400000,  -6.40000,
,,,00.000094500000,  -6.00000,
,,,00.000094600000,  -6.00000,
,,,00.000094700000,  -5.60000,
,,,00.000094800000,  -5.60000,
,,,00.000094900000,  -5.20000,
,,,00.000095000000,  -5.00000,
,,,00.000095100000,  -4.60000,
,,,00.000095200000,  -4.60000,
,,,00.000095300000,  -4.20000,
,,,00.000095400000,  -3.80000,
,,,00.000095500000,  -3.80000,
,,,00.000095600000,  -3.40000,
,,,00.000095700000,  -3.20000,
,,,00.000095800000,  -3.00000,
,,,00.000095900000,  -2.80000,
,,,00.000096000000,  -2.40000,
,,,00.000096100000,  -2.40000,
,,,00.000096200000,  -2.00000,
,,,00.000096300000,  -1.80000,
,,,00.000096400000,  -1.40000,
,,,00.000096500000,  -1.40000,
,,,00.000096600000,  -1.20000,
,,,00.000096700000,  -0.60000,
,,,00.000096800000,  -0.40000,
,,,00.000096900000,  -0.20000,
,,,00.000097000000,   0.00000,
,,,00.000097100000,   0.20000,
,,,00.000097200000,   0.40000,
,,,00.000097300000,   0.60000,
,,,00.000097400000,   1.00000,
,,,00.000097500000,   1.20000,
,,,00.000097600000,   1.40000,
,,,00.000097700000,   2.00000,
,,,00.000097800000,   2.00000,
,,,00.000097900000,   2.40000,
,,,00.000098000000,   2.40000,
,,,00.000098100000,   2.60000,
,,,00.000098200000,   3.00000,
,,,00.000098300000,   3.20000,
,,,00.000098400000,   3.40000,
,,,00.000098500000,   3.60000,
,,,00.000098600000,   4.00000,
,,,00.000098700000,   4.20000,
,,,00.000098800000,   4.40000,
,,,00.000098900000,   4.60000,
,,,00.000099000000,   5.00000,
,,,00.000099100000,   5.00000,
,,,00.000099200000,   5.40000,
,,,00.000099300000,   5.60000,
,,,00.000099400000,   5.60000,
,,,00.000099500000,   6.20000,
,,,00.000099600000,   6.60000,
,,,00.000099700000,   6.60000,
,,,00.000099800000,   6.80000,
,,,00.000099900000,   7.00000,
,,,00.000100000000,   7.20000,
,,,00.000100100000,   7.40000,
,,,00.000100200000,   7.80000,
,,,00.000100300000,   7.80000,
,,,00.000100400000,   8.00000,
,,,00.000100500000,   8.20000,
,,,00.000100600000,   8.60000,
,,,00.000100700000,   8.80000,
,,,00.000100800000,   9.00000,
,,,00.000100900000,   9.00000,
,,,00.000101000000,   9.40000,
,,,00.000101100000,   9.60000,
,,,00.000101200000,  10.00000,
,,,00.000101300000,  10.00000,
,,,00.000101400000,  10.00000,
,,,00.000101500000,  10.40000,
,,,00.000101600000,  10.60000,
,,,00.000101700000,  11.00000,
,,,00.000101800000,  11.20000,
,,,00.000101900000,  11.20000,
,,,00.000102000000,  11.40000,
,,,00.000102100000,  11.60000,
,,,00.000102200000,  11.80000,
,,,00.000102300000,  12.00000,
,,,00.000102400000,  12.40000,
,,,00.000102500000,  12.40000,
,,,00.000102600000,  12.40000,
,,,00.000102700000,  12.80000,
,,,00.000102800000,  12.60000,
,,,00.000102900000,  13.00000,
,,,00.000103000000,  13.20000,
,,,00.000103100000,  13.20000,
,,,00.000103200000,  13.60000,
,,,00.000103300000,  13.60000,
,,,00.000103400000,  13.80000,
,,,00.000103500000,  13.80000,
,,,00.000103600000,  14.00000,
,,,00.000103700000,  14.20000,
,,,00.000103800000,  14.20000,
,,,00.000103900000,  14.60000,
,,,00.000104000000,  14.80000,
,,,00.000104100000,  15.00000,
,,,00.000104200000,  14.60000,
,,,00.000104300000,  15.00000,
,,,00.000104400000,  15.20000,
,,,00.000104500000,  15.40000,
,,,00.000104600000,  15.60000,
,,,00.000104700000,  15.60000,
,,,00.000104800000,  15.80000,
,,,00.000104900000,  15.80000,
,,,00.000105000000,  15.80000,
,,,00.000105100000,  15.80000,
,,,00.000105200000,  16.00000,
,,,00.000105300000,  16.20000,
,,,00.000105400000,  16.00000,
,,,00.000105500000,  16.40000,
,,,00.000105600000,  16.40000,
,,,00.000105700000,  16.40000,
,,,00.000105800000,  16.40000,
,,,00.000105900000,  16.60000,
,,,00.000106000000,  16.60000,
,,,00.000106100000,  16.60000,
,,,00.000106200000,  16.60000,
,,,00.000106300000,  16.80000,
,,,00.000106400000,  17.00000,
,,,00.000106500000,  17.00000,
,,,00.000106600000,  17.00000,
,,,00.000106700000,  17.40000,
,,,00.000106800000,  17.00000,
,,,00.000106900000,  17.00000,
,,,00.000107000000,  17.40000,
,,,00.000107100000,  17.40000,
,,,00.000107200000,  17.40000,
,,,00.000107300000,  17.20000,
,,,00.000107400000,  17.40000,
,,,00.000107500000,  17.60000,
,,,00.000107600000,  17.20000,
,,,00.000107700000,  17.40000,
,,,00.000107800000,  17.20000,
,,,00.000107900000,  17.20000,
,,,00.000108000000,  17.40000,
,,,00.000108100000,  17.40000,
,,,00.000108200000,  17.20000,
,,,00.000108300000,  17.40000,
,,,00.000108400000,  17.40000,
,,,00.000108500000,  17.40000,
,,,00.000108600000,  17.20000,
,,,00.000108700000,  17.20000,
,,,00.000108800000,  17.20000,
,,,00.000108900000,  17.20000,
,,,00.000109000000,  17.20000,
,,,00.000109100000,  17.00000,
,,,00.000109200000,  17.20000,
,,,00.000109300000,  17.00000,
,,,00.000109400000,  16.80000,
,,,00.000109500000,  17.00000,
,,,00.000109600000,  16.60000,
,,,00.000109700000,  16.80000,
,,,00.000109800000,  16.60000,
,,,00.000109900000,  16.80000,
,,,00.000110000000,  16.60000,
,,,00.000110100000,  16.40000,
,,,00.000110200000,  16.20000,
,,,00.000110300000,  16.40000,
,,,00.000110400000,  16.00000,
,,,00.000110500000,  16.00000,
,,,00.000110600000,  16.00000,
,,,00.000110700000,  16.00000,
,,,00.000110800000,  16.00000,
,,,00.000110900000,  15.60000,
,,,00.000111000000,  15.60000,
,,,00.000111100000,  15.60000,
,,,00.000111200000,  15.40000,
,,,00.000111300000,  15.40000,
,,,00.000111400000,  15.20000,
,,,00.000111500000,  15.20000,
,,,00.000111600000,  15.20000,
,,,00.000111700000,  14.80000,
,,,00.000111800000,  14.60000,
,,,00.000111900000,  14.60000,
,,,00.000112000000,  14.40000,
,,,00.000112100000,  14.40000,
,,,00.000112200000,  14.00000,
,,,00.000112300000,  14.00000,
,,,00.000112400000,  13.80000,
,,,00.000112500000,  13.80000,
,,,00.000112600000,  13.60000,
,,,00.000112700000,  13.20000,
,,,00.000112800000,  13.20000,
,,,00.000112900000,  13.00000,
,,,00.000113000000,  12.80000,
,,,00.000113100000,  12.80000,
,,,00.000113200000,  12.60000,
,,,00.000113300000,  12.20000,
,,,00.000113400000,  12.00000,
,,,00.000113500000,  11.80000,
,,,00.000113600000,  11.60000,
,,,00.000113700000,  11.60000,
,,,00.000113800000,  11.20000,
,,,00.000113900000,  11.40000,
,,,00.000114000000,  10.80000,
,,,00.000114100000,  10.80000,
,,,00.000114200000,  10.60000,
,,,00.000114300000,  10.20000,
,,,00.000114400000,  10.00000,
,,,00.000114500000,  10.00000,
,,,00.000114600000,  10.00000,
,,,00.000114700000,   9.60000,
,,,00.000114800000,   9.40000,
,,,00.000114900000,   9.40000,
,,,00.000115000000,   9.00000,
,,,00.000115100000,   8.60000,
,,,00.000115200000,   8.40000,
,,,00.000115300000,   8.40000,
,,,00.000115400000,   8.00000,
,,,00.000115500000,   8.00000,
,,,00.000115600000,   7.80000,
,,,00.000115700000,   7.40000,
,,,00.000115800000,   7.20000,
,,,00.000115900000,   7.00000,
,,,00.000116000000,   6.80000,
,,,00.000116100000,   6.60000,
,,,00.000116200000,   6.20000,
,,,00.000116300000,   6.00000,
,,,00.000116400000,   5.80000,
,,,00.000116500000,   5.60000,
,,,00.000116600000,   5.20000,
,,,00.000116700000,   5.00000,
,,,00.000116800000,   5.00000,
,,,00.000116900000,   4.60000,
,,,00.000117000000,   4.20000,
,,,00.000117100000,   4.20000,
,,,00.000117200000,   3.80000,
,,,00.000117300000,   3.60000,
,,,00.000117400000,   3.40000,
,,,00.000117500000,   3.20000,
,,,00.000117600000,   2.80000,
,,,00.000117700000,   2.60000,
,,,00.000117800000,   2.40000,
,,,00.000117900000,   2.20000,
,,,00.000118000000,   1.80000,
,,,00.000118100000,   1.60000,
,,,00.000118200000,   1.40000,
,,,00.000118300000,   1.20000,
,,,00.000118400000,   0.60000,
,,,00.000118500000,   0.60000,
,,,00.000118600000,   0.20000,
,,,00.000118700000,   0.20000,
,,,00.000118800000,  -0.20000,
,,,00.000118900000,  -0.20000,
,,,00.000119000000,  -0.60000,
,,,00.000119100000,  -0.80000,
,,,00.000119200000,  -1.20000,
,,,00.000119300000,  -1.40000,
,,,00.000119400000,  -1.60000,
,,,00.000119500000,  -2.00000,
,,,00.000119600000,  -2.00000,
,,,00.000119700000,  -2.40000,
,,,00.000119800000,  -2.40000,
,,,00.000119900000,  -2.80000,
,,,00.000120000000,  -3.00000,
,,,00.000120100000,  -3.20000,
,,,00.000120200000,  -3.40000,
,,,00.000120300000,  -3.80000,
,,,00.000120400000,  -4.00000,
,,,00.000120500000,  -4.20000,
,,,00.000120600000,  -4.40000,
,,,00.000120700000,  -4.80000,
,,,00.000120800000,  -5.00000,
,,,00.000120900000,  -5.40000,
,,,00.000121000000,  -5.40000,
,,,00.000121100000,  -5.60000,
,,,00.000121200000,  -6.00000,
,,,00.000121300000,  -6.20000,
,,,00.000121400000,  -6.40000,
,,,00.000121500000,  -6.60000,
,,,00.000121600000,  -7.00000,
,,,00.000121700000,  -7.20000,
,,,00.000121800000,  -7.40000,
,,,00.000121900000,  -7.40000,
,,,00.000122000000,  -7.60000,
,,,00.000122100000,  -8.20000,
,,,00.000122200000,  -8.40000,
,,,00.000122300000,  -8.40000,
,,,00.000122400000,  -8.60000,
,,,00.000122500000,  -9.00000,
,,,00.000122600000,  -9.00000,
,,,00.000122700000,  -9.40000,
,,,00.000122800000,  -9.40000,
,,,00.000122900000,  -9.80000,
,,,00.000123000000, -10.00000,
,,,00.000123100000, -10.20000,
,,,00.000123200000, -10.20000,
,,,00.000123300000, -10.40000,
,,,00.000123400000, -10.60000,
,,,00.000123500000, -10.80000,
,,,00.000123600000, -11.00000,
,,,00.000123700000, -11.00000,
,,,00.000123800000, -11.40000,
,,,00.000123900000, -11.80000,
,,,00.000124000000, -12.00000,
,,,00.000124100000, -12.00000,
,,,00.000124200000, -12.20000,
,,,00.000124300000, -12.20000,
,,,00.000124400000, -12.60000,
,,,00.000124500000, -12.80000,
,,,00.000124600000, -12.60000,
,,,00.000124700000, -13.00000,
,,,00.000124800000, -13.40000,
,,,00.000124900000, -13.20000,
