Record Length,1.024000e+03,,          0.00000, -30.14850,
Sample Interval,4.932134e+01,,         49.32134, -28.94850,
Trigger Point,0.000000000000e+00,,         98.64268, -35.34850,
,,,        147.96402, -52.54850,
,,,        197.28535, -54.94850,
,,,        246.60669, -52.54850,
Source,MATH,,        295.92803, -54.94850,
Vertical Units,dB,,        345.24937, -49.34850,
Vertical Scale,1.000000e+01,,        394.57071, -46.54850,
Vertical Offset,0.000000e+00,,        443.89205, -48.54850,
Horizontal Units,Hz,,        493.21338, -54.94850,
Horizontal Scale,5.050505e+03,,        542.53472, -54.94850,
Pt Fmt,Y,,        591.85606, -54.94850,
Yzero,-1.494850e+01,,        641.17740, -54.94850,
Probe Atten,1.000000e+00,,        690.49874, -54.94850,
Model Number,TDS1002B,,        739.82008, -54.94850,
Serial Number,C050789,,        789.14141, -54.94850,
Firmware Version,FV:v22.01,,        838.46275, -54.94850,
,,,887.78409, -54.94850,
,,,937.10543, -48.54850,
,,,986.42677, -46.54850,
,,,1035.74811, -45.34850,
,,,1085.06945, -48.54850,
,,,1134.39079, -45.34850,
,,,1183.71213, -41.34850,
,,,1233.03347, -38.14850,
,,,1282.35481, -14.94850,
,,,1331.67615,  -6.14850,
,,,1380.99749,  -4.94850,
,,,1430.31883,  -5.34850,
,,,1479.64017,  -9.74850,
,,,1528.96151, -31.74850,
,,,1578.28285, -42.94850,
,,,1627.60419, -54.94850,
,,,1676.92553, -46.54850,
,,,1726.24687, -54.94850,
,,,1775.56821, -54.94850,
,,,1824.88955, -48.54850,
,,,1874.21089, -52.54850,
,,,1923.53223, -52.54850,
,,,1972.85357, -54.94850,
,,,2022.17491, -52.54850,
,,,2071.49625, -54.94850,
,,,2120.81759, -54.94850,
,,,2170.13893, -54.94850,
,,,2219.46027, -54.94850,
,,,2268.78161, -54.94850,
,,,2318.10295, -49.34850,
,,,2367.42429, -48.54850,
,,,2416.74563, -45.74850,
,,,2466.06697, -48.54850,
,,,2515.38831, -54.94850,
,,,2564.70965, -52.54850,
,,,2614.03099, -45.74850,
,,,2663.35233, -39.74850,
,,,2712.67367, -27.74850,
,,,2761.99501, -25.34850,
,,,2811.31635, -24.94850,
,,,2860.63769, -27.74850,
,,,2909.95903, -41.34850,
,,,2959.28037, -54.94850,
,,,3008.60171, -52.54850,
,,,3057.92305, -49.34850,
,,,3107.24439, -54.94850,
,,,3156.56573, -54.94850,
,,,3205.88707, -52.54850,
,,,3255.20841, -54.94850,
,,,3304.52975, -54.94850,
,,,3353.85109, -49.34850,
,,,3403.17243, -54.94850,
,,,3452.49377, -54.94850,
,,,3501.81511, -52.54850,
,,,3551.13645, -54.94850,
,,,3600.45779, -54.94850,
,,,3649.77913, -52.54850,
,,,3699.10047, -48.54850,
,,,3748.42181, -45.34850,
,,,3797.74315, -42.94850,
,,,3847.06449, -42.94850,
,,,3896.38583, -48.54850,
,,,3945.70717, -42.94850,
,,,3995.02851, -48.54850,
,,,4044.34985, -32.94850,
,,,4093.67119, -16.94850,
,,,4142.99253, -13.74850,
,,,4192.31387, -13.34850,
,,,4241.63521, -15.34850,
,,,4290.95655, -26.94850,
,,,4340.27789, -42.94850,
,,,4389.59923, -54.94850,
,,,4438.92057, -49.34850,
,,,4488.24191, -54.94850,
,,,4537.56325, -54.94850,
,,,4586.88459, -52.54850,
,,,4636.20593, -54.94850,
,,,4685.52727, -54.94850,
,,,4734.84861, -54.94850,
,,,4784.16995, -54.94850,
,,,4833.49129, -54.94850,
,,,4882.81263, -54.94850,
,,,4932.13397, -54.94850,
,,,4981.45531, -54.94850,
,,,5030.77665, -54.94850,
,,,5080.09799, -54.94850,
,,,5129.41933, -54.94850,
,,,5178.74067, -54.94850,
,,,5228.06201, -54.94850,
,,,5277.38335, -54.94850,
,,,5326.70469, -54.94850,
,,,5376.02603, -52.54850,
,,,5425.34737, -52.54850,
,,,5474.66871, -42.94850,
,,,5523.99005, -40.14850,
,,,5573.31139, -40.14850,
,,,5622.63273, -40.14850,
,,,5671.95407, -42.94850,
,,,5721.27541, -48.54850,
,,,5770.59675, -54.94850,
,,,5819.91809, -54.94850,
,,,5869.23943, -54.94850,
,,,5918.56077, -49.34850,
,,,5967.88211, -49.34850,
,,,6017.20345, -52.54850,
,,,6066.52479, -54.94850,
,,,6115.84613, -52.54850,
,,,6165.16747, -54.94850,
,,,6214.48881, -48.54850,
,,,6263.81015, -49.34850,
,,,6313.13149, -49.34850,
,,,6362.45283, -54.94850,
,,,6411.77417, -54.94850,
,,,6461.09551, -48.54850,
,,,6510.41685, -39.34850,
,,,6559.73819, -36.54850,
,,,6609.05953, -37.34850,
,,,6658.38087, -41.34850,
,,,6707.70221, -48.54850,
,,,6757.02355, -49.34850,
,,,6806.34489, -52.54850,
,,,6855.66623, -36.14850,
,,,6904.98757, -28.94850,
,,,6954.30891, -28.14850,
,,,7003.63025, -27.74850,
,,,7052.95159, -33.74850,
,,,7102.27293, -54.94850,
,,,7151.59427, -49.34850,
,,,7200.91561, -49.34850,
,,,7250.23695, -49.34850,
,,,7299.55829, -49.34850,
,,,7348.87963, -54.94850,
,,,7398.20097, -54.94850,
,,,7447.52231, -54.94850,
,,,7496.84365, -52.54850,
,,,7546.16499, -54.94850,
,,,7595.48633, -52.54850,
,,,7644.80767, -54.94850,
,,,7694.12901, -54.94850,
,,,7743.45035, -54.94850,
,,,7792.77169, -54.94850,
,,,7842.09303, -54.94850,
,,,7891.41437, -52.54850,
,,,7940.73571, -48.54850,
,,,7990.05705, -48.54850,
,,,8039.37839, -54.94850,
,,,8088.69973, -52.54850,
,,,8138.02107, -54.94850,
,,,8187.34241, -54.94850,
,,,8236.66375, -52.54850,
,,,8285.98509, -45.34850,
,,,8335.30643, -45.34850,
,,,8384.62777, -43.34850,
,,,8433.94911, -48.54850,
,,,8483.27045, -54.94850,
,,,8532.59179, -54.94850,
,,,8581.91313, -52.54850,
,,,8631.23447, -54.94850,
,,,8680.55581, -54.94850,
,,,8729.87715, -54.94850,
,,,8779.19849, -49.34850,
,,,8828.51983, -54.94850,
,,,8877.84117, -54.94850,
,,,8927.16251, -54.94850,
,,,8976.48385, -54.94850,
,,,9025.80519, -54.94850,
,,,9075.12653, -49.34850,
,,,9124.44787, -54.94850,
,,,9173.76921, -54.94850,
,,,9223.09055, -48.54850,
,,,9272.41189, -36.14850,
,,,9321.73323, -33.34850,
,,,9371.05457, -33.34850,
,,,9420.37591, -36.14850,
,,,9469.69725, -48.54850,
,,,9519.01859, -54.94850,
,,,9568.33993, -54.94850,
,,,9617.66127, -48.54850,
,,,9666.98261, -36.94850,
,,,9716.30395, -33.74850,
,,,9765.62529, -33.34850,
,,,9814.94663, -36.54850,
,,,9864.26797, -49.34850,
,,,9913.58931, -54.94850,
,,,9962.91065, -54.94850,
,,,10012.23199, -54.94850,
,,,10061.55333, -54.94850,
,,,10110.87467, -54.94850,
,,,10160.19601, -54.94850,
,,,10209.51735, -54.94850,
,,,10258.83869, -54.94850,
,,,10308.16003, -54.94850,
,,,10357.48137, -52.54850,
,,,10406.80271, -52.54850,
,,,10456.12405, -52.54850,
,,,10505.44539, -52.54850,
,,,10554.76673, -52.54850,
,,,10604.08807, -54.94850,
,,,10653.40941, -52.54850,
,,,10702.73075, -52.54850,
,,,10752.05209, -48.54850,
,,,10801.37343, -48.54850,
,,,10850.69477, -49.34850,
,,,10900.01611, -54.94850,
,,,10949.33745, -49.34850,
,,,10998.65879, -49.34850,
,,,11047.98013, -43.34850,
,,,11097.30147, -43.34850,
,,,11146.62281, -42.94850,
,,,11195.94415, -45.34850,
,,,11245.26549, -54.94850,
,,,11294.58683, -54.94850,
,,,11343.90817, -48.54850,
,,,11393.22951, -49.34850,
,,,11442.55085, -49.34850,
,,,11491.87219, -49.34850,
,,,11541.19353, -48.54850,
,,,11590.51487, -54.94850,
,,,11639.83621, -54.94850,
,,,11689.15755, -54.94850,
,,,11738.47889, -54.94850,
,,,11787.80023, -54.94850,
,,,11837.12157, -54.94850,
,,,11886.44291, -54.94850,
,,,11935.76425, -52.54850,
,,,11985.08559, -52.54850,
,,,12034.40693, -40.94850,
,,,12083.72827, -32.14850,
,,,12133.04961, -32.14850,
,,,12182.37095, -33.34850,
,,,12231.69229, -39.34850,
,,,12281.01363, -54.94850,
,,,12330.33497, -52.54850,
,,,12379.65631, -54.94850,
,,,12428.97765, -42.94850,
,,,12478.29899, -35.34850,
,,,12527.62033, -34.54850,
,,,12576.94167, -35.34850,
,,,12626.26301, -44.14850,
,,,12675.58435, -52.54850,
,,,12724.90569, -54.94850,
,,,12774.22703, -54.94850,
,,,12823.54837, -54.94850,
,,,12872.86971, -54.94850,
,,,12922.19105, -54.94850,
,,,12971.51239, -54.94850,
,,,13020.83373, -54.94850,
,,,13070.15507, -52.54850,
,,,13119.47641, -52.54850,
,,,13168.79775, -52.54850,
,,,13218.11909, -49.34850,
,,,13267.44043, -52.54850,
,,,13316.76177, -54.94850,
,,,13366.08311, -54.94850,
,,,13415.40445, -48.54850,
,,,13464.72579, -42.54850,
,,,13514.04713, -41.34850,
,,,13563.36847, -42.54850,
,,,13612.68981, -46.54850,
,,,13662.01115, -54.94850,
,,,13711.33249, -54.94850,
,,,13760.65383, -52.54850,
,,,13809.97517, -48.54850,
,,,13859.29651, -44.14850,
,,,13908.61785, -44.14850,
,,,13957.93919, -44.14850,
,,,14007.26053, -52.54850,
,,,14056.58187, -54.94850,
,,,14105.90321, -54.94850,
,,,14155.22455, -49.34850,
,,,14204.54589, -48.54850,
,,,14253.86723, -48.54850,
,,,14303.18857, -46.54850,
,,,14352.50991, -48.54850,
,,,14401.83125, -49.34850,
,,,14451.15259, -52.54850,
,,,14500.47393, -52.54850,
,,,14549.79527, -52.54850,
,,,14599.11661, -54.94850,
,,,14648.43795, -52.54850,
,,,14697.75929, -48.54850,
,,,14747.08063, -52.54850,
,,,14796.40197, -36.54850,
,,,14845.72331, -24.54850,
,,,14895.04465, -22.54850,
,,,14944.36599, -22.94850,
,,,14993.68733, -25.34850,
,,,15043.00867, -38.14850,
,,,15092.33001, -45.74850,
,,,15141.65135, -44.14850,
,,,15190.97269, -45.74850,
,,,15240.29403, -40.94850,
,,,15289.61537, -38.94850,
,,,15338.93671, -36.54850,
,,,15388.25805, -41.34850,
,,,15437.57939, -52.54850,
,,,15486.90073, -52.54850,
,,,15536.22207, -49.34850,
,,,15585.54341, -52.54850,
,,,15634.86475, -54.94850,
,,,15684.18609, -54.94850,
,,,15733.50743, -54.94850,
,,,15782.82877, -54.94850,
,,,15832.15011, -54.94850,
,,,15881.47145, -54.94850,
,,,15930.79279, -54.94850,
,,,15980.11413, -54.94850,
,,,16029.43547, -54.94850,
,,,16078.75681, -48.54850,
,,,16128.07815, -48.54850,
,,,16177.39949, -42.94850,
,,,16226.72083, -30.94850,
,,,16276.04217, -28.14850,
,,,16325.36351, -28.14850,
,,,16374.68485, -30.14850,
,,,16424.00619, -40.94850,
,,,16473.32753, -48.54850,
,,,16522.64887, -49.34850,
,,,16571.97021, -54.94850,
,,,16621.29155, -52.54850,
,,,16670.61289, -52.54850,
,,,16719.93423, -54.94850,
,,,16769.25557, -54.94850,
,,,16818.57691, -46.54850,
,,,16867.89825, -48.54850,
,,,16917.21959, -48.54850,
,,,16966.54093, -52.54850,
,,,17015.86227, -54.94850,
,,,17065.18361, -54.94850,
,,,17114.50495, -52.54850,
,,,17163.82629, -52.54850,
,,,17213.14763, -48.54850,
,,,17262.46897, -52.54850,
,,,17311.79031, -49.34850,
,,,17361.11165, -45.34850,
,,,17410.43299, -48.54850,
,,,17459.75433, -48.54850,
,,,17509.07567, -42.94850,
,,,17558.39701, -40.14850,
,,,17607.71835, -14.14850,
,,,17657.03969,  -9.34850,
,,,17706.36103,  -8.94850,
,,,17755.68237, -10.14850,
,,,17805.00371, -18.54850,
,,,17854.32505, -52.54850,
,,,17903.64639, -39.74850,
,,,17952.96773, -45.34850,
,,,18002.28907, -52.54850,
,,,18051.61041, -52.54850,
,,,18100.93175, -49.34850,
,,,18150.25309, -54.94850,
,,,18199.57443, -52.54850,
,,,18248.89577, -54.94850,
,,,18298.21711, -52.54850,
,,,18347.53845, -54.94850,
,,,18396.85979, -54.94850,
,,,18446.18113, -54.94850,
,,,18495.50247, -54.94850,
,,,18544.82381, -54.94850,
,,,18594.14515, -54.94850,
,,,18643.46649, -54.94850,
,,,18692.78783, -54.94850,
,,,18742.10917, -49.34850,
,,,18791.43051, -52.54850,
,,,18840.75185, -54.94850,
,,,18890.07319, -54.94850,
,,,18939.39453, -52.54850,
,,,18988.71587, -45.74850,
,,,19038.03721, -39.74850,
,,,19087.35855, -38.94850,
,,,19136.67989, -39.34850,
,,,19186.00123, -42.94850,
,,,19235.32257, -52.54850,
,,,19284.64391, -54.94850,
,,,19333.96525, -54.94850,
,,,19383.28659, -48.54850,
,,,19432.60793, -45.34850,
,,,19481.92927, -45.74850,
,,,19531.25061, -49.34850,
,,,19580.57195, -54.94850,
,,,19629.89329, -54.94850,
,,,19679.21463, -54.94850,
,,,19728.53597, -52.54850,
,,,19777.85731, -52.54850,
,,,19827.17865, -52.54850,
,,,19876.49999, -52.54850,
,,,19925.82133, -54.94850,
,,,19975.14267, -49.34850,
,,,20024.46401, -49.34850,
,,,20073.78535, -54.94850,
,,,20123.10669, -45.34850,
,,,20172.42803, -48.54850,
,,,20221.74937, -44.14850,
,,,20271.07071, -34.54850,
,,,20320.39205, -25.74850,
,,,20369.71339,  -3.34850,
,,,20419.03473,   6.25150,
,,,20468.35607,   7.45150,
,,,20517.67741,   7.05150,
,,,20566.99875,   2.65150,
,,,20616.32009, -18.14850,
,,,20665.64143, -30.14850,
,,,20714.96277, -42.94850,
,,,20764.28411, -42.94850,
,,,20813.60545, -44.14850,
,,,20862.92679, -52.54850,
,,,20912.24813, -48.54850,
,,,20961.56947, -54.94850,
,,,21010.89081, -54.94850,
,,,21060.21215, -54.94850,
,,,21109.53349, -54.94850,
,,,21158.85483, -54.94850,
,,,21208.17617, -54.94850,
,,,21257.49751, -54.94850,
,,,21306.81885, -52.54850,
,,,21356.14019, -52.54850,
,,,21405.46153, -52.54850,
,,,21454.78287, -54.94850,
,,,21504.10421, -54.94850,
,,,21553.42555, -54.94850,
,,,21602.74689, -52.54850,
,,,21652.06823, -48.54850,
,,,21701.38957, -54.94850,
,,,21750.71091, -41.34850,
,,,21800.03225, -28.94850,
,,,21849.35359, -26.94850,
,,,21898.67493, -27.34850,
,,,21947.99627, -30.14850,
,,,21997.31761, -39.34850,
,,,22046.63895, -42.94850,
,,,22095.96029, -42.54850,
,,,22145.28163, -42.94850,
,,,22194.60297, -52.54850,
,,,22243.92431, -54.94850,
,,,22293.24565, -54.94850,
,,,22342.56699, -52.54850,
,,,22391.88833, -54.94850,
,,,22441.20967, -54.94850,
,,,22490.53101, -44.14850,
,,,22539.85235, -46.54850,
,,,22589.17369, -54.94850,
,,,22638.49503, -54.94850,
,,,22687.81637, -54.94850,
,,,22737.13771, -52.54850,
,,,22786.45905, -45.34850,
,,,22835.78039, -46.54850,
,,,22885.10173, -44.14850,
,,,22934.42307, -54.94850,
,,,22983.74441, -49.34850,
,,,23033.06575, -40.14850,
,,,23082.38709, -45.34850,
,,,23131.70843, -30.54850,
,,,23181.02977, -12.54850,
,,,23230.35111,  -8.94850,
,,,23279.67245,  -8.94850,
,,,23328.99379, -10.54850,
,,,23378.31513, -21.34850,
,,,23427.63647, -38.94850,
,,,23476.95781, -48.54850,
,,,23526.27915, -41.34850,
,,,23575.60049, -48.54850,
,,,23624.92183, -52.54850,
,,,23674.24317, -54.94850,
,,,23723.56451, -54.94850,
,,,23772.88585, -48.54850,
,,,23822.20719, -44.14850,
,,,23871.52853, -46.54850,
,,,23920.84987, -48.54850,
,,,23970.17121, -54.94850,
,,,24019.49255, -52.54850,
,,,24068.81389, -54.94850,
,,,24118.13523, -49.34850,
,,,24167.45657, -54.94850,
,,,24216.77791, -48.54850,
,,,24266.09925, -48.54850,
,,,24315.42059, -45.74850,
,,,24364.74193, -45.74850,
,,,24414.06327, -54.94850,
,,,24463.38461, -52.54850,
,,,24512.70595, -48.54850,
,,,24562.02729, -41.34850,
,,,24611.34863, -36.14850,
,,,24660.66997, -36.14850,
,,,24709.99131, -36.94850,
,,,24759.31265, -45.34850,
,,,24808.63399, -54.94850,
,,,24857.95533, -52.54850,
,,,24907.27667, -48.54850,
,,,24956.59801, -49.34850,
,,,25005.91935, -52.54850,
,,,25055.24069, -45.34850,
,,,25104.56203, -45.74850,
,,,25153.88337, -45.74850,
,,,25203.20471, -54.94850,
,,,25252.52605, -54.94850,
,,,25301.84739, -49.34850,
,,,25351.16873, -54.94850,
,,,25400.49007, -54.94850,
,,,25449.81141, -54.94850,
,,,25499.13275, -54.94850,
,,,25548.45409, -45.34850,
,,,25597.77543, -36.14850,
,,,25647.09677, -34.54850,
,,,25696.41811, -36.14850,
,,,25745.73945, -39.34850,
,,,25795.06079, -48.54850,
,,,25844.38213, -52.54850,
,,,25893.70347, -52.54850,
,,,25943.02481, -34.14850,
,,,25992.34615, -26.54850,
,,,26041.66749, -25.74850,
,,,26090.98883, -26.14850,
,,,26140.31017, -32.54850,
,,,26189.63151, -52.54850,
,,,26238.95285, -46.54850,
,,,26288.27419, -46.54850,
,,,26337.59553, -48.54850,
,,,26386.91687, -54.94850,
,,,26436.23821, -54.94850,
,,,26485.55955, -45.34850,
,,,26534.88089, -49.34850,
,,,26584.20223, -52.54850,
,,,26633.52357, -54.94850,
,,,26682.84491, -54.94850,
,,,26732.16625, -49.34850,
,,,26781.48759, -49.34850,
,,,26830.80893, -54.94850,
,,,26880.13027, -49.34850,
,,,26929.45161, -54.94850,
,,,26978.77295, -48.54850,
,,,27028.09429, -48.54850,
,,,27077.41563, -49.34850,
,,,27126.73697, -49.34850,
,,,27176.05831, -52.54850,
,,,27225.37965, -52.54850,
,,,27274.70099, -52.54850,
,,,27324.02233, -48.54850,
,,,27373.34367, -45.34850,
,,,27422.66501, -48.54850,
,,,27471.98635, -49.34850,
,,,27521.30769, -54.94850,
,,,27570.62903, -52.54850,
,,,27619.95037, -54.94850,
,,,27669.27171, -54.94850,
,,,27718.59305, -54.94850,
,,,27767.91439, -54.94850,
,,,27817.23573, -54.94850,
,,,27866.55707, -52.54850,
,,,27915.87841, -54.94850,
,,,27965.19975, -54.94850,
,,,28014.52109, -54.94850,
,,,28063.84243, -49.34850,
,,,28113.16377, -54.94850,
,,,28162.48511, -54.94850,
,,,28211.80645, -54.94850,
,,,28261.12779, -52.54850,
,,,28310.44913, -54.94850,
,,,28359.77047, -36.94850,
,,,28409.09181, -32.94850,
,,,28458.41315, -32.54850,
,,,28507.73449, -34.54850,
,,,28557.05583, -43.34850,
,,,28606.37717, -52.54850,
,,,28655.69851, -54.94850,
,,,28705.01985, -48.54850,
,,,28754.34119, -33.74850,
,,,28803.66253, -31.74850,
,,,28852.98387, -30.94850,
,,,28902.30521, -32.94850,
,,,28951.62655, -46.54850,
,,,29000.94789, -49.34850,
,,,29050.26923, -48.54850,
,,,29099.59057, -48.54850,
,,,29148.91191, -48.54850,
,,,29198.23325, -52.54850,
,,,29247.55459, -54.94850,
,,,29296.87593, -54.94850,
,,,29346.19727, -54.94850,
,,,29395.51861, -49.34850,
,,,29444.83995, -52.54850,
,,,29494.16129, -52.54850,
,,,29543.48263, -52.54850,
,,,29592.80397, -54.94850,
,,,29642.12531, -54.94850,
,,,29691.44665, -52.54850,
,,,29740.76799, -49.34850,
,,,29790.08933, -45.34850,
,,,29839.41067, -45.34850,
,,,29888.73201, -45.34850,
,,,29938.05335, -48.54850,
,,,29987.37469, -54.94850,
,,,30036.69603, -52.54850,
,,,30086.01737, -52.54850,
,,,30135.33871, -48.54850,
,,,30184.66005, -45.34850,
,,,30233.98139, -44.14850,
,,,30283.30273, -46.54850,
,,,30332.62407, -54.94850,
,,,30381.94541, -54.94850,
,,,30431.26675, -54.94850,
,,,30480.58809, -54.94850,
,,,30529.90943, -52.54850,
,,,30579.23077, -52.54850,
,,,30628.55211, -54.94850,
,,,30677.87345, -49.34850,
,,,30727.19479, -54.94850,
,,,30776.51613, -54.94850,
,,,30825.83747, -54.94850,
,,,30875.15881, -54.94850,
,,,30924.48015, -54.94850,
,,,30973.80149, -54.94850,
,,,31023.12283, -54.94850,
,,,31072.44417, -52.54850,
,,,31121.76551, -41.34850,
,,,31171.08685, -34.94850,
,,,31220.40819, -34.14850,
,,,31269.72953, -34.14850,
,,,31319.05087, -39.74850,
,,,31368.37221, -54.94850,
,,,31417.69355, -52.54850,
,,,31467.01489, -54.94850,
,,,31516.33623, -39.34850,
,,,31565.65757, -33.74850,
,,,31614.97891, -33.74850,
,,,31664.30025, -34.54850,
,,,31713.62159, -43.34850,
,,,31762.94293, -54.94850,
,,,31812.26427, -52.54850,
,,,31861.58561, -54.94850,
,,,31910.90695, -54.94850,
,,,31960.22829, -54.94850,
,,,32009.54963, -54.94850,
,,,32058.87097, -54.94850,
,,,32108.19231, -54.94850,
,,,32157.51365, -52.54850,
,,,32206.83499, -52.54850,
,,,32256.15633, -54.94850,
,,,32305.47767, -54.94850,
,,,32354.79901, -54.94850,
,,,32404.12035, -52.54850,
,,,32453.44169, -54.94850,
,,,32502.76303, -52.54850,
,,,32552.08437, -44.14850,
,,,32601.40571, -44.14850,
,,,32650.72705, -45.74850,
,,,32700.04839, -54.94850,
,,,32749.36973, -52.54850,
,,,32798.69107, -52.54850,
,,,32848.01241, -54.94850,
,,,32897.33375, -54.94850,
,,,32946.65509, -49.34850,
,,,32995.97643, -48.54850,
,,,33045.29777, -48.54850,
,,,33094.61911, -48.54850,
,,,33143.94045, -52.54850,
,,,33193.26179, -54.94850,
,,,33242.58313, -48.54850,
,,,33291.90447, -48.54850,
,,,33341.22581, -52.54850,
,,,33390.54715, -48.54850,
,,,33439.86849, -48.54850,
,,,33489.18983, -52.54850,
,,,33538.51117, -52.54850,
,,,33587.83251, -54.94850,
,,,33637.15385, -54.94850,
,,,33686.47519, -54.94850,
,,,33735.79653, -54.94850,
,,,33785.11787, -52.54850,
,,,33834.43921, -49.34850,
,,,33883.76055, -42.54850,
,,,33933.08189, -28.94850,
,,,33982.40323, -27.34850,
,,,34031.72457, -26.94850,
,,,34081.04591, -30.14850,
,,,34130.36725, -46.54850,
,,,34179.68859, -48.54850,
,,,34229.00993, -54.94850,
,,,34278.33127, -44.14850,
,,,34327.65261, -36.54850,
,,,34376.97395, -34.14850,
,,,34426.29529, -34.14850,
,,,34475.61663, -38.14850,
,,,34524.93797, -48.54850,
,,,34574.25931, -54.94850,
,,,34623.58065, -52.54850,
,,,34672.90199, -52.54850,
,,,34722.22333, -52.54850,
,,,34771.54467, -54.94850,
,,,34820.86601, -54.94850,
,,,34870.18735, -54.94850,
,,,34919.50869, -54.94850,
,,,34968.83003, -54.94850,
,,,35018.15137, -52.54850,
,,,35067.47271, -54.94850,
,,,35116.79405, -54.94850,
,,,35166.11539, -54.94850,
,,,35215.43673, -54.94850,
,,,35264.75807, -54.94850,
,,,35314.07941, -45.74850,
,,,35363.40075, -41.34850,
,,,35412.72209, -42.94850,
,,,35462.04343, -45.74850,
,,,35511.36477, -54.94850,
,,,35560.68611, -45.34850,
,,,35610.00745, -45.74850,
,,,35659.32879, -49.34850,
,,,35708.65013, -48.54850,
,,,35757.97147, -52.54850,
,,,35807.29281, -54.94850,
,,,35856.61415, -52.54850,
,,,35905.93549, -54.94850,
,,,35955.25683, -54.94850,
,,,36004.57817, -54.94850,
,,,36053.89951, -48.54850,
,,,36103.22085, -52.54850,
,,,36152.54219, -54.94850,
,,,36201.86353, -54.94850,
,,,36251.18487, -54.94850,
,,,36300.50621, -54.94850,
,,,36349.82755, -49.34850,
,,,36399.14889, -48.54850,
,,,36448.47023, -54.94850,
,,,36497.79157, -45.34850,
,,,36547.11291, -41.34850,
,,,36596.43425, -39.34850,
,,,36645.75559, -52.54850,
,,,36695.07693, -16.14850,
,,,36744.39827, -10.94850,
,,,36793.71961, -10.54850,
,,,36843.04095, -11.74850,
,,,36892.36229, -19.74850,
,,,36941.68363, -44.14850,
,,,36991.00497, -41.34850,
,,,37040.32631, -44.14850,
,,,37089.64765, -45.34850,
,,,37138.96899, -42.94850,
,,,37188.29033, -42.94850,
,,,37237.61167, -45.34850,
,,,37286.93301, -49.34850,
,,,37336.25435, -48.54850,
,,,37385.57569, -52.54850,
,,,37434.89703, -54.94850,
,,,37484.21837, -54.94850,
,,,37533.53971, -54.94850,
,,,37582.86105, -54.94850,
,,,37632.18239, -54.94850,
,,,37681.50373, -54.94850,
,,,37730.82507, -49.34850,
,,,37780.14641, -52.54850,
,,,37829.46775, -48.54850,
,,,37878.78909, -52.54850,
,,,37928.11043, -52.54850,
,,,37977.43177, -54.94850,
,,,38026.75311, -54.94850,
,,,38076.07445, -30.14850,
,,,38125.39579, -22.54850,
,,,38174.71713, -21.74850,
,,,38224.03847, -22.14850,
,,,38273.35981, -28.14850,
,,,38322.68115, -54.94850,
,,,38372.00249, -54.94850,
,,,38421.32383, -54.94850,
,,,38470.64517, -52.54850,
,,,38519.96651, -48.54850,
,,,38569.28785, -49.34850,
,,,38618.60919, -52.54850,
,,,38667.93053, -54.94850,
,,,38717.25187, -48.54850,
,,,38766.57321, -49.34850,
,,,38815.89455, -49.34850,
,,,38865.21589, -54.94850,
,,,38914.53723, -54.94850,
,,,38963.85857, -54.94850,
,,,39013.17991, -49.34850,
,,,39062.50125, -45.34850,
,,,39111.82259, -45.34850,
,,,39161.14393, -44.14850,
,,,39210.46527, -54.94850,
,,,39259.78661, -48.54850,
,,,39309.10795, -42.94850,
,,,39358.42929, -46.54850,
,,,39407.75063, -32.94850,
,,,39457.07197, -13.34850,
,,,39506.39331,  -3.34850,
,,,39555.71465,  -1.74850,
,,,39605.03599,  -2.14850,
,,,39654.35733,  -6.14850,
,,,39703.67867, -24.94850,
,,,39753.00001, -42.54850,
,,,39802.32135, -41.34850,
,,,39851.64269, -52.54850,
,,,39900.96403, -52.54850,
,,,39950.28537, -43.34850,
,,,39999.60671, -45.34850,
,,,40048.92805, -49.34850,
,,,40098.24939, -54.94850,
,,,40147.57073, -54.94850,
,,,40196.89207, -54.94850,
,,,40246.21341, -54.94850,
,,,40295.53475, -54.94850,
,,,40344.85609, -52.54850,
,,,40394.17743, -52.54850,
,,,40443.49877, -54.94850,
,,,40492.82011, -54.94850,
,,,40542.14145, -54.94850,
,,,40591.46279, -52.54850,
,,,40640.78413, -48.54850,
,,,40690.10547, -49.34850,
,,,40739.42681, -45.34850,
,,,40788.74815, -52.54850,
,,,40838.06949, -46.54850,
,,,40887.39083, -45.34850,
,,,40936.71217, -45.74850,
,,,40986.03351, -49.34850,
,,,41035.35485, -49.34850,
,,,41084.67619, -54.94850,
,,,41133.99753, -54.94850,
,,,41183.31887, -54.94850,
,,,41232.64021, -54.94850,
,,,41281.96155, -52.54850,
,,,41331.28289, -49.34850,
,,,41380.60423, -54.94850,
,,,41429.92557, -52.54850,
,,,41479.24691, -54.94850,
,,,41528.56825, -49.34850,
,,,41577.88959, -54.94850,
,,,41627.21093, -49.34850,
,,,41676.53227, -49.34850,
,,,41725.85361, -45.34850,
,,,41775.17495, -48.54850,
,,,41824.49629, -54.94850,
,,,41873.81763, -48.54850,
,,,41923.13897, -45.34850,
,,,41972.46031, -42.94850,
,,,42021.78165, -45.34850,
,,,42071.10299, -49.34850,
,,,42120.42433, -46.54850,
,,,42169.74567, -45.34850,
,,,42219.06701, -29.74850,
,,,42268.38835, -11.34850,
,,,42317.70969,  -7.74850,
,,,42367.03103,  -7.34850,
,,,42416.35237,  -8.94850,
,,,42465.67371, -19.74850,
,,,42514.99505, -34.54850,
,,,42564.31639, -41.34850,
,,,42613.63773, -39.74850,
,,,42662.95907, -49.34850,
,,,42712.28041, -54.94850,
,,,42761.60175, -52.54850,
,,,42810.92309, -52.54850,
,,,42860.24443, -48.54850,
,,,42909.56577, -48.54850,
,,,42958.88711, -54.94850,
,,,43008.20845, -52.54850,
,,,43057.52979, -48.54850,
,,,43106.85113, -52.54850,
,,,43156.17247, -54.94850,
,,,43205.49381, -54.94850,
,,,43254.81515, -54.94850,
,,,43304.13649, -52.54850,
,,,43353.45783, -52.54850,
,,,43402.77917, -52.54850,
,,,43452.10051, -54.94850,
,,,43501.42185, -54.94850,
,,,43550.74319, -54.94850,
,,,43600.06453, -54.94850,
,,,43649.38587, -32.14850,
,,,43698.70721, -26.54850,
,,,43748.02855, -25.74850,
,,,43797.34989, -26.14850,
,,,43846.67123, -34.14850,
,,,43895.99257, -48.54850,
,,,43945.31391, -49.34850,
,,,43994.63525, -49.34850,
,,,44043.95659, -54.94850,
,,,44093.27793, -52.54850,
,,,44142.59927, -52.54850,
,,,44191.92061, -52.54850,
,,,44241.24195, -54.94850,
,,,44290.56329, -52.54850,
,,,44339.88463, -52.54850,
,,,44389.20597, -54.94850,
,,,44438.52731, -54.94850,
,,,44487.84865, -54.94850,
,,,44537.16999, -54.94850,
,,,44586.49133, -54.94850,
,,,44635.81267, -54.94850,
,,,44685.13401, -45.34850,
,,,44734.45535, -45.34850,
,,,44783.77669, -45.34850,
,,,44833.09803, -49.34850,
,,,44882.41937, -48.54850,
,,,44931.74071, -45.34850,
,,,44981.06205, -52.54850,
,,,45030.38339, -28.54850,
,,,45079.70473, -21.34850,
,,,45129.02607, -20.14850,
,,,45178.34741, -20.54850,
,,,45227.66875, -26.14850,
,,,45276.99009, -49.34850,
,,,45326.31143, -49.34850,
,,,45375.63277, -54.94850,
,,,45424.95411, -52.54850,
,,,45474.27545, -54.94850,
,,,45523.59679, -52.54850,
,,,45572.91813, -48.54850,
,,,45622.23947, -54.94850,
,,,45671.56081, -54.94850,
,,,45720.88215, -52.54850,
,,,45770.20349, -54.94850,
,,,45819.52483, -54.94850,
,,,45868.84617, -54.94850,
,,,45918.16751, -54.94850,
,,,45967.48885, -54.94850,
,,,46016.81019, -54.94850,
,,,46066.13153, -45.74850,
,,,46115.45287, -42.94850,
,,,46164.77421, -43.34850,
,,,46214.09555, -43.34850,
,,,46263.41689, -49.34850,
,,,46312.73823, -54.94850,
,,,46362.05957, -48.54850,
,,,46411.38091, -49.34850,
,,,46460.70225, -42.94850,
,,,46510.02359, -42.54850,
,,,46559.34493, -42.94850,
,,,46608.66627, -45.34850,
,,,46657.98761, -54.94850,
,,,46707.30895, -54.94850,
,,,46756.63029, -54.94850,
,,,46805.95163, -54.94850,
,,,46855.27297, -52.54850,
,,,46904.59431, -49.34850,
,,,46953.91565, -52.54850,
,,,47003.23699, -52.54850,
,,,47052.55833, -52.54850,
,,,47101.87967, -52.54850,
,,,47151.20101, -54.94850,
,,,47200.52235, -52.54850,
,,,47249.84369, -54.94850,
,,,47299.16503, -49.34850,
,,,47348.48637, -54.94850,
,,,47397.80771, -54.94850,
,,,47447.12905, -39.74850,
,,,47496.45039, -35.34850,
,,,47545.77173, -35.34850,
,,,47595.09307, -37.34850,
,,,47644.41441, -46.54850,
,,,47693.73575, -48.54850,
,,,47743.05709, -54.94850,
,,,47792.37843, -45.34850,
,,,47841.69977, -32.54850,
,,,47891.02111, -30.14850,
,,,47940.34245, -30.14850,
,,,47989.66379, -32.54850,
,,,48038.98513, -45.34850,
,,,48088.30647, -48.54850,
,,,48137.62781, -54.94850,
,,,48186.94915, -54.94850,
,,,48236.27049, -54.94850,
,,,48285.59183, -54.94850,
,,,48334.91317, -54.94850,
,,,48384.23451, -54.94850,
,,,48433.55585, -54.94850,
,,,48482.87719, -54.94850,
,,,48532.19853, -54.94850,
,,,48581.51987, -49.34850,
,,,48630.84121, -54.94850,
,,,48680.16255, -54.94850,
,,,48729.48389, -54.94850,
,,,48778.80523, -52.54850,
,,,48828.12657, -52.54850,
,,,48877.44791, -44.14850,
,,,48926.76925, -44.14850,
,,,48976.09059, -42.94850,
,,,49025.41193, -48.54850,
,,,49074.73327, -48.54850,
,,,49124.05461, -45.74850,
,,,49173.37595, -49.34850,
,,,49222.69729, -49.34850,
,,,49272.01863, -52.54850,
,,,49321.33997, -52.54850,
,,,49370.66131, -52.54850,
,,,49419.98265, -54.94850,
,,,49469.30399, -54.94850,
,,,49518.62533, -52.54850,
,,,49567.94667, -54.94850,
,,,49617.26801, -52.54850,
,,,49666.58935, -52.54850,
,,,49715.91069, -52.54850,
,,,49765.23203, -49.34850,
,,,49814.55337, -48.54850,
,,,49863.87471, -54.94850,
,,,49913.19605, -48.54850,
,,,49962.51739, -52.54850,
,,,50011.83873, -54.94850,
,,,50061.16007, -52.54850,
,,,50110.48141, -54.94850,
,,,50159.80275, -54.94850,
,,,50209.12409, -39.74850,
,,,50258.44543, -33.74850,
,,,50307.76677, -32.94850,
,,,50357.08811, -33.74850,
,,,50406.40945, -38.54850,
,,,50455.73079, -54.94850,
